# Blender 5.0.1
# www.blender.org
mtllib Assets/OddishOfficial.mtl
o Oodish
v 0.200557 0.027250 -0.037864
v 0.177333 0.026799 -0.071647
v 0.173431 0.046434 -0.024301
v 0.154532 0.045119 -0.053159
v 0.128316 0.056356 -0.038206
v 0.104672 0.061197 -0.026353
v 0.143454 0.058525 -0.008780
v 0.116480 0.064998 0.004771
v 0.194287 0.000955 -0.072760
v 0.075182 0.057827 -0.018596
v 0.055060 0.042232 -0.001131
v 0.089883 0.061700 0.017902
v 0.128610 0.041690 -0.115466
v 0.119480 0.040220 -0.132198
v 0.127618 0.058426 -0.116947
v 0.118483 0.057350 -0.133938
v 0.119144 0.076914 -0.135911
v 0.127972 0.077830 -0.120094
v 0.065489 0.061220 -0.083345
v 0.071238 0.071699 -0.089428
v 0.057389 0.059391 -0.100198
v 0.060974 0.070272 -0.105113
v 0.126515 0.046928 -0.090968
v 0.125548 0.061447 -0.095319
v 0.108780 0.055159 -0.076158
v 0.109226 0.065793 -0.080919
v 0.125757 0.079855 -0.100867
v 0.110786 0.082982 -0.087514
v 0.098116 0.043042 -0.141517
v 0.099733 0.058255 -0.141405
v 0.101448 0.077400 -0.142567
v 0.064708 0.083674 -0.109188
v 0.074559 0.084998 -0.094424
v 0.064923 0.066841 -0.122929
v 0.068738 0.081281 -0.125529
v 0.060024 0.055268 -0.120892
v 0.108497 -0.041014 -0.150994
v 0.089396 -0.037929 -0.158721
v 0.114536 -0.023440 -0.159225
v 0.093900 -0.019894 -0.168317
v 0.050304 -0.008603 -0.161350
v 0.071305 -0.014819 -0.169096
v 0.049415 -0.026682 -0.153041
v 0.068656 -0.032454 -0.160371
v 0.031689 -0.002098 -0.146591
v 0.032306 -0.020534 -0.139802
v 0.021177 0.003305 -0.126336
v 0.023368 -0.016193 -0.121190
v 0.027821 0.013220 -0.057223
v 0.021542 0.009929 -0.083656
v 0.030198 -0.006031 -0.056424
v 0.023865 -0.010076 -0.081419
v 0.033547 0.033267 -0.061645
v 0.047633 0.046397 -0.069853
v 0.028539 0.030255 -0.085799
v 0.041663 0.043716 -0.090365
v 0.107871 -0.041620 -0.092552
v 0.084260 -0.034172 -0.080071
v 0.093940 -0.042923 -0.111783
v 0.074041 -0.036532 -0.100495
v 0.053976 -0.040305 -0.137282
v 0.067501 -0.044111 -0.142467
v 0.063800 -0.038587 -0.119897
v 0.080548 -0.043778 -0.128363
v 0.124879 -0.040943 -0.133520
v 0.132893 -0.024360 -0.141249
v 0.141323 -0.039853 -0.113459
v 0.151100 -0.023925 -0.120163
v 0.096328 -0.048634 -0.136350
v 0.083833 -0.047610 -0.143520
v 0.119061 -0.000088 -0.159862
v 0.098142 0.003416 -0.168256
v 0.117320 0.019229 -0.153174
v 0.099971 0.021933 -0.161397
v 0.034414 -0.031667 -0.116193
v 0.041927 -0.035942 -0.128488
v 0.130050 0.038398 -0.115897
v 0.120834 0.036488 -0.132746
v 0.131772 0.019182 -0.139258
v 0.145122 0.019417 -0.121528
v 0.136440 -0.001155 -0.143239
v 0.153638 -0.001467 -0.123796
v 0.038745 -0.025787 -0.084073
v 0.045336 -0.022322 -0.061478
v 0.126576 -0.047830 -0.103889
v 0.111089 -0.048657 -0.122460
v 0.064059 0.059122 -0.082081
v 0.055919 0.057265 -0.099088
v 0.110160 0.053977 -0.072619
v 0.129632 0.044410 -0.088762
v 0.041072 0.038971 -0.126409
v 0.050162 0.036204 -0.141116
v 0.028791 0.024463 -0.128581
v 0.039088 0.019786 -0.147978
v 0.082806 0.079049 -0.137047
v 0.079747 0.062895 -0.135429
v 0.076120 0.049661 -0.136011
v 0.074754 0.046938 -0.137880
v 0.098194 0.039516 -0.143743
v 0.065429 0.031948 -0.152922
v 0.082939 0.026503 -0.160043
v 0.056634 0.013785 -0.162276
v 0.076335 0.008338 -0.169269
v 0.160737 0.021346 -0.099223
v 0.174825 -0.000367 -0.097824
v 0.163530 -0.038023 -0.085225
v 0.172912 -0.022518 -0.091937
v 0.181563 -0.036441 -0.060592
v 0.192120 -0.021388 -0.068072
v 0.163918 -0.043904 -0.050094
v 0.147330 -0.045984 -0.075574
v 0.124676 -0.038938 -0.063951
v 0.138842 -0.036074 -0.037042
v 0.098913 -0.030887 -0.050736
v 0.112784 -0.027894 -0.023518
v 0.055558 -0.017347 -0.028498
v 0.065677 -0.013510 -0.000970
v 0.041896 -0.000878 -0.022748
v 0.052342 0.002965 0.004788
v 0.049708 0.022083 0.004179
v 0.039475 0.018019 -0.023375
v 0.058943 0.050813 -0.045093
v 0.043746 0.037806 -0.030412
v 0.081127 0.059355 -0.047334
v 0.071551 0.057139 -0.057378
v 0.091941 0.085384 -0.082161
v 0.088828 0.071107 -0.075346
v 0.086163 0.060607 -0.068750
v 0.085455 0.059085 -0.065567
v 0.075965 -0.023728 -0.038965
v 0.088661 -0.020544 -0.011902
v 0.054279 -0.030443 -0.090585
v 0.062451 -0.027530 -0.069333
v 0.046561 -0.033230 -0.111052
v 0.058130 0.053067 -0.120861
v 0.034256 -0.028489 -0.100927
v 0.020288 -0.012862 -0.101132
v 0.018107 0.007201 -0.104597
v 0.038237 0.041578 -0.109206
v 0.025395 0.027978 -0.107023
v 0.135019 0.032505 -0.118247
v 0.144659 0.034940 -0.097424
v 0.123786 0.032148 -0.134420
v 0.110130 0.032626 -0.146140
v 0.099938 0.033139 -0.150722
v 0.071926 0.041871 -0.143785
v 0.088819 0.035852 -0.149649
v 0.057920 0.045925 -0.131613
v 0.051500 0.047515 -0.124120
v 0.049679 0.049204 -0.111435
v 0.051775 0.052794 -0.094970
v 0.059214 0.054569 -0.078320
v 0.145655 0.038298 -0.084347
v 0.136749 0.045628 -0.073662
v 0.116213 0.054577 -0.061161
v 0.095759 0.059541 -0.050293
v 0.129303 0.093304 -0.123229
v 0.119740 0.092475 -0.138850
v 0.102589 0.093997 -0.144539
v 0.085294 0.096720 -0.140104
v 0.071745 0.099811 -0.128983
v 0.067601 0.102410 -0.113442
v 0.076818 0.103508 -0.097975
v 0.093629 0.102646 -0.087631
v 0.112334 0.099698 -0.092338
v 0.126282 0.095883 -0.105236
v 0.211392 0.044587 0.139228
v 0.234174 0.036598 0.124282
v 0.203638 0.055625 0.116280
v 0.226720 0.048362 0.102952
v 0.170828 -0.014339 0.095233
v 0.158536 -0.017263 0.069970
v 0.193612 -0.021658 0.082989
v 0.183512 -0.025033 0.057265
v 0.246842 -0.003147 0.064488
v 0.233227 -0.019776 0.064371
v 0.241614 -0.010275 0.029397
v 0.229521 -0.025652 0.036053
v 0.244505 0.012220 0.025732
v 0.230082 0.033212 0.032733
v 0.250511 0.018190 0.060513
v 0.235031 0.037310 0.063428
v 0.207761 0.022838 0.144817
v 0.197415 0.002415 0.136621
v 0.230292 0.014631 0.129109
v 0.218919 -0.005216 0.122259
v 0.206421 0.050144 0.045281
v 0.177944 0.061195 0.060589
v 0.218244 0.050028 0.075453
v 0.191355 0.059988 0.089254
v 0.151059 0.012524 0.137388
v 0.176169 0.008585 0.143235
v 0.155114 0.033519 0.145869
v 0.184482 0.029111 0.151788
v 0.183667 -0.011636 0.120168
v 0.204275 -0.018881 0.105747
v 0.243052 0.005337 0.099132
v 0.232143 -0.012530 0.097616
v 0.128017 0.066531 0.086085
v 0.148177 0.065602 0.111520
v 0.151911 0.066890 0.073620
v 0.168316 0.065235 0.100339
v 0.213227 -0.023892 0.090334
v 0.235936 0.040626 0.085182
v 0.246751 0.026574 0.095349
v 0.163505 0.063344 0.121332
v 0.160015 0.054331 0.141245
v 0.182166 0.061305 0.123356
v 0.188328 0.050515 0.145917
v 0.147886 -0.003586 0.122531
v 0.164041 -0.006469 0.125448
v 0.104030 0.015311 0.104371
v 0.127877 0.014380 0.125264
v 0.101891 0.033748 0.104095
v 0.127260 0.034787 0.130904
v 0.107371 0.055120 0.098975
v 0.133150 0.056415 0.126551
v 0.116316 -0.003689 0.093108
v 0.132155 -0.003293 0.109894
v 0.212612 -0.028188 0.069593
v 0.209126 -0.032670 0.045385
v 0.151298 -0.008294 0.104947
v 0.135848 -0.010077 0.081853
v 0.214320 0.003453 -0.043369
v 0.234315 0.007476 -0.005245
v 0.219960 0.029977 0.000319
v 0.199866 -0.033820 -0.031308
v 0.210612 -0.019261 -0.038667
v 0.219967 -0.030067 0.006210
v 0.231416 -0.014906 -0.001463
v 0.200505 -0.036890 0.017507
v 0.181482 -0.041156 -0.020531
v 0.173498 -0.028651 0.030532
v 0.155134 -0.032952 -0.007013
v 0.127928 -0.024468 0.006943
v 0.146006 -0.020199 0.044090
v 0.103197 -0.016767 0.019630
v 0.121658 -0.012304 0.057921
v 0.079938 -0.009454 0.031556
v 0.099633 -0.005307 0.069732
v 0.066127 0.007361 0.037351
v 0.085271 0.012343 0.075808
v 0.082523 0.031324 0.075365
v 0.063277 0.026335 0.036949
v 0.067968 0.046870 0.030674
v 0.108912 0.065595 0.056948
v 0.087710 0.051657 0.070362
v 0.134870 0.068143 0.042990
v 0.162556 0.061044 0.028852
v 0.193458 0.048795 0.013197
v 0.138596 0.146793 -0.137178
v 0.127922 0.146339 -0.152784
v 0.109453 0.149828 -0.158024
v 0.073297 0.163031 -0.126853
v 0.082147 0.163951 -0.110733
v 0.134626 0.150788 -0.118225
v 0.120326 0.156632 -0.104580
v 0.078262 0.159409 -0.142791
v 0.092544 0.154454 -0.154084
v 0.100188 0.161781 -0.099697
v -0.110318 0.124266 0.121602
v -0.078540 0.125068 0.104950
v -0.125084 0.121175 0.083480
v -0.092021 0.122062 0.073312
v -0.021333 0.108006 0.075463
v -0.040996 0.106656 0.048369
v -0.047199 0.118023 0.089017
v -0.063268 0.116145 0.060069
v -0.145748 0.107071 0.101664
v -0.022832 0.088415 0.031681
v -0.000443 0.089889 0.064236
v -0.007359 0.061712 0.030887
v -0.128393 0.121894 0.016366
v -0.121367 0.136127 0.010772
v -0.137394 0.120384 -0.000433
v -0.130378 0.135014 -0.006283
v -0.115004 0.153657 0.004542
v -0.123202 0.152544 -0.011598
v -0.075683 0.112919 -0.035013
v -0.068026 0.115160 -0.017992
v -0.075284 0.100795 -0.032142
v -0.065544 0.102112 -0.016130
v -0.082174 0.125524 0.017262
v -0.102699 0.132677 0.021761
v -0.083253 0.115088 0.022347
v -0.106533 0.119656 0.028576
v -0.098535 0.149851 0.014186
v -0.079996 0.142520 0.010349
v -0.133084 0.115194 -0.022921
v -0.126781 0.128944 -0.025212
v -0.119681 0.146408 -0.029138
v -0.067253 0.129254 -0.021680
v -0.074363 0.127074 -0.037850
v -0.092548 0.115983 -0.042153
v -0.089677 0.130719 -0.044268
v -0.094019 0.103340 -0.041875
v -0.180184 0.065641 -0.027723
v -0.179105 0.045863 -0.020991
v -0.184654 0.069930 -0.005753
v -0.183672 0.050164 -0.001123
v -0.149259 0.053676 -0.058983
v -0.150870 0.035822 -0.050303
v -0.167823 0.059807 -0.046433
v -0.168088 0.041428 -0.038931
v -0.109797 0.025365 -0.052881
v -0.130024 0.030125 -0.056533
v -0.103703 0.042277 -0.062278
v -0.126396 0.047237 -0.065500
v -0.050161 0.037556 -0.017221
v -0.059508 0.021964 -0.010409
v -0.068652 0.038076 -0.037390
v -0.077235 0.021475 -0.029559
v -0.067669 0.077835 -0.034282
v -0.053778 0.078044 -0.017834
v -0.064232 0.059207 -0.038211
v -0.046991 0.058400 -0.020333
v -0.127340 0.026314 0.002806
v -0.115660 0.028218 0.022480
v -0.148137 0.032624 0.012393
v -0.139586 0.035605 0.034383
v -0.147380 0.022533 -0.033995
v -0.138100 0.024420 -0.016331
v -0.159393 0.026697 -0.026080
v -0.154738 0.029649 -0.007671
v -0.178162 0.053629 0.021928
v -0.170264 0.057385 0.046372
v -0.180149 0.073332 0.019329
v -0.172608 0.077096 0.045885
v -0.170405 0.034607 0.000473
v -0.169469 0.031439 -0.013587
v -0.158631 0.102636 -0.028745
v -0.171438 0.087545 -0.029972
v -0.161825 0.106344 -0.009984
v -0.176549 0.092165 -0.008227
v -0.118320 0.015998 -0.037847
v -0.133084 0.018674 -0.038715
v -0.140156 0.117936 0.001131
v -0.130906 0.119835 0.017963
v -0.166238 0.098358 0.040287
v -0.150944 0.111812 0.030341
v -0.172672 0.095311 0.015323
v -0.158146 0.109658 0.009458
v -0.093438 0.015463 -0.016269
v -0.077908 0.016140 0.001741
v -0.159776 0.041533 0.042998
v -0.166880 0.038090 0.020127
v -0.074731 0.098038 -0.032070
v -0.064881 0.099360 -0.015940
v -0.081776 0.113875 0.025836
v -0.107490 0.118410 0.032872
v -0.096747 0.081981 -0.055714
v -0.099268 0.064427 -0.062892
v -0.113380 0.087241 -0.057226
v -0.120881 0.069708 -0.065920
v -0.110752 0.122345 -0.037711
v -0.105999 0.137971 -0.040197
v -0.115557 0.109479 -0.037688
v -0.117574 0.106959 -0.039224
v -0.136417 0.112732 -0.023398
v -0.159694 0.081997 -0.048196
v -0.147507 0.098419 -0.041833
v -0.142662 0.075980 -0.060045
v -0.131410 0.093376 -0.051952
v -0.156107 0.102908 0.071930
v -0.140579 0.115379 0.055339
v -0.158573 0.062497 0.080000
v -0.147748 0.066329 0.108331
v -0.160930 0.081666 0.079310
v -0.151444 0.085830 0.108162
v -0.134962 0.049369 0.103219
v -0.147332 0.045973 0.075576
v -0.083543 0.033375 0.077189
v -0.109741 0.041503 0.090471
v -0.098920 0.030851 0.050744
v -0.124687 0.038882 0.063962
v -0.019631 0.025426 0.041707
v -0.037799 0.018782 0.052109
v -0.037249 0.023821 0.017850
v -0.055561 0.017331 0.028501
v -0.010082 0.040742 0.034849
v -0.027914 0.039049 0.011192
v -0.038397 0.081190 0.004838
v -0.026151 0.059619 0.005442
v -0.050685 0.095285 0.005324
v -0.046596 0.099214 0.018182
v -0.065946 0.119409 0.004047
v -0.065999 0.134673 -0.001144
v -0.064537 0.107636 0.008553
v -0.062503 0.105259 0.010329
v -0.060073 0.025873 0.064393
v -0.075973 0.023688 0.038973
v -0.107785 0.020133 -0.007453
v -0.094265 0.021377 0.011055
v -0.120870 0.019021 -0.025167
v -0.094115 0.100579 -0.042765
v -0.105277 0.015056 -0.029353
v -0.091696 0.022086 -0.043688
v -0.084080 0.039091 -0.052179
v -0.081247 0.078866 -0.047916
v -0.079804 0.060808 -0.053060
v -0.125429 0.119228 0.041120
v -0.137717 0.117619 0.021655
v -0.144796 0.115966 0.003352
v -0.146996 0.112869 -0.014246
v -0.145425 0.109710 -0.024861
v -0.123021 0.102709 -0.043785
v -0.138145 0.106681 -0.033226
v -0.105401 0.096893 -0.047837
v -0.096003 0.093547 -0.048457
v -0.071729 0.091337 -0.031617
v -0.084807 0.091173 -0.042449
v -0.061857 0.092352 -0.016216
v -0.114496 0.119484 0.049100
v -0.098890 0.119165 0.047210
v -0.075705 0.114470 0.037285
v -0.055619 0.106782 0.027357
v -0.118559 0.166842 -0.016613
v -0.110895 0.168263 -0.000018
v -0.114090 0.161617 -0.033392
v -0.101367 0.154972 -0.044355
v -0.085195 0.148788 -0.048480
v -0.070335 0.145456 -0.042686
v -0.062501 0.146986 -0.026510
v -0.062997 0.151525 -0.007288
v -0.076691 0.158688 0.004624
v -0.094724 0.164854 0.008131
v 0.026082 0.102418 0.234285
v 0.017485 0.113718 0.211769
v 0.000437 0.109541 0.244179
v -0.006746 0.121221 0.222710
v -0.015060 0.043672 0.190586
v -0.038361 0.050735 0.201981
v -0.029674 0.041473 0.166514
v -0.054558 0.049263 0.179385
v -0.092463 0.074831 0.201218
v -0.070156 0.074902 0.219994
v -0.096112 0.095121 0.202636
v -0.068838 0.095369 0.226419
v -0.089915 0.116584 0.197276
v -0.063772 0.116270 0.221727
v -0.068226 0.126306 0.185753
v -0.045527 0.124865 0.207343
v -0.013100 0.067192 0.241276
v 0.011338 0.060485 0.232070
v -0.004176 0.087802 0.249381
v 0.022025 0.080802 0.240092
v 0.004881 0.118182 0.184907
v -0.009877 0.119810 0.156933
v -0.022734 0.125231 0.199065
v -0.039875 0.127007 0.171621
v 0.041101 0.073856 0.225337
v 0.029143 0.054469 0.218654
v 0.052463 0.065553 0.198524
v 0.038343 0.047699 0.195207
v -0.024937 0.052650 0.223323
v -0.001053 0.046010 0.214921
v -0.041253 0.072790 0.237857
v -0.037041 0.092748 0.242808
v 0.026476 0.109499 0.173097
v 0.044541 0.097944 0.164681
v 0.014798 0.109679 0.143953
v 0.035264 0.095477 0.133664
v -0.043066 0.056090 0.221802
v -0.028027 0.123002 0.220584
v -0.031890 0.113530 0.238280
v 0.043700 0.100732 0.182788
v 0.035519 0.107070 0.198580
v 0.056221 0.086722 0.194487
v 0.044685 0.095342 0.219599
v 0.014524 0.040192 0.202144
v 0.021241 0.035937 0.187495
v 0.054853 0.057383 0.168046
v 0.040948 0.041508 0.169855
v 0.046085 0.051164 0.132722
v 0.036829 0.036283 0.138842
v 0.058724 0.079642 0.164729
v 0.049453 0.073195 0.128685
v 0.019239 0.031945 0.167814
v 0.013845 0.028290 0.145671
v -0.060388 0.057008 0.209631
v -0.079059 0.057266 0.193213
v 0.004217 0.037606 0.180393
v -0.006753 0.034425 0.155001
v -0.131855 0.111486 0.134204
v -0.110660 0.115134 0.171713
v -0.089395 0.126519 0.159005
v -0.133067 0.070080 0.139472
v -0.112501 0.073688 0.176752
v -0.136987 0.089216 0.139637
v -0.116714 0.093736 0.177113
v -0.119664 0.052824 0.133945
v -0.097966 0.056256 0.170610
v -0.071670 0.047860 0.156293
v -0.093323 0.044585 0.120434
v -0.044646 0.039299 0.141887
v -0.066120 0.036089 0.106481
v -0.019151 0.031639 0.130150
v -0.041395 0.028357 0.093800
v 0.003318 0.024751 0.119138
v -0.018115 0.021145 0.081853
v 0.022747 0.031855 0.107880
v 0.000461 0.027854 0.071036
v 0.032412 0.046962 0.101070
v 0.010201 0.042899 0.064175
v 0.021843 0.092767 0.101611
v 0.012685 0.064122 0.059031
v 0.035530 0.067941 0.097128
v 0.000285 0.110143 0.112026
v -0.026645 0.120089 0.125904
v -0.058594 0.127454 0.142489
v -0.108201 0.220027 -0.031663
v -0.101243 0.221641 -0.014151
v -0.101871 0.215777 -0.049623
v -0.046897 0.204223 -0.044539
v -0.055315 0.203168 -0.060881
v -0.083251 0.218782 -0.006463
v -0.063560 0.214018 -0.010254
v -0.071328 0.206092 -0.066057
v -0.088830 0.211056 -0.061047
v -0.048051 0.208043 -0.023657
v 0.193152 0.298011 0.195240
v 0.184376 0.267479 0.196708
v 0.235761 0.283538 0.167875
v 0.226584 0.253164 0.169705
v 0.246547 0.351582 0.148855
v 0.204393 0.365886 0.175861
v 0.242072 0.313583 0.161777
v 0.199438 0.328074 0.189206
v 0.137608 0.280931 0.215346
v 0.145850 0.311597 0.213996
v 0.157653 0.379323 0.194453
v 0.152068 0.341671 0.207945
v 0.244697 0.130276 0.038184
v 0.262463 0.139156 0.039656
v 0.227325 0.133620 0.061930
v 0.245002 0.149361 0.080251
v 0.284099 0.151494 0.043249
v 0.262075 0.165430 0.087633
v 0.232791 0.179540 0.125940
v 0.217301 0.160827 0.113521
v 0.201540 0.141340 0.095265
v 0.322156 0.206080 0.039838
v 0.332468 0.235727 0.035680
v 0.296867 0.222040 0.090600
v 0.306713 0.251992 0.087430
v 0.273705 0.268171 0.131896
v 0.264201 0.237984 0.134291
v 0.251425 0.208712 0.132659
v 0.282901 0.193453 0.091051
v 0.307150 0.178213 0.042672
v 0.173211 0.237478 0.193192
v 0.214577 0.223477 0.166860
v 0.144135 0.183133 0.169572
v 0.127503 0.162004 0.150004
v 0.182953 0.171261 0.144488
v 0.166739 0.150441 0.125136
v 0.197809 0.193457 0.157941
v 0.158355 0.206780 0.182907
v 0.295305 0.444033 -0.037969
v 0.281785 0.460820 -0.046740
v 0.279672 0.455208 -0.006197
v 0.266702 0.473909 -0.030064
v 0.243015 0.490938 -0.007823
v 0.255586 0.470441 0.022149
v 0.267198 0.446989 0.047438
v 0.294255 0.434192 0.013165
v 0.313529 0.421960 -0.025843
v 0.213329 0.507508 0.013536
v 0.179592 0.520890 0.033210
v 0.225234 0.485864 0.046727
v 0.190469 0.499105 0.067668
v 0.198187 0.472017 0.099193
v 0.234807 0.459714 0.076309
v 0.243600 0.424598 0.106534
v 0.204098 0.437921 0.131460
v 0.247092 0.389187 0.130356
v 0.206059 0.403076 0.156483
v 0.312978 0.282007 0.081151
v 0.338722 0.265734 0.029352
v 0.316665 0.320487 0.069731
v 0.341874 0.304548 0.018992
v 0.330460 0.382431 -0.008570
v 0.308168 0.396462 0.036003
v 0.339203 0.343978 0.005988
v 0.314929 0.359261 0.054544
v 0.257692 0.484854 -0.060435
v 0.280784 0.461796 -0.072265
v 0.275656 0.462942 -0.107990
v 0.248129 0.491126 -0.096089
v 0.217890 0.515036 -0.079730
v 0.230867 0.506039 -0.042610
v 0.248268 0.460859 -0.182830
v 0.218494 0.491651 -0.169773
v 0.264571 0.463128 -0.145727
v 0.235190 0.493348 -0.133254
v 0.185244 0.517421 -0.154303
v 0.202852 0.518750 -0.117457
v 0.149488 0.537839 -0.136916
v 0.111950 0.552650 -0.117979
v 0.168164 0.538924 -0.099501
v 0.131516 0.553549 -0.080381
v 0.149587 0.548590 -0.042135
v 0.184922 0.534383 -0.061240
v 0.165783 0.537727 -0.003954
v 0.199955 0.523991 -0.023146
v 0.170914 0.442422 -0.270956
v 0.150194 0.437096 -0.285739
v 0.147027 0.464200 -0.262165
v 0.127198 0.448334 -0.284311
v 0.094024 0.463011 -0.280017
v 0.115783 0.484456 -0.252915
v 0.139705 0.500312 -0.222890
v 0.171883 0.476790 -0.235590
v 0.199194 0.448589 -0.247778
v 0.022989 0.491284 -0.254071
v 0.045585 0.515004 -0.224453
v 0.058772 0.478394 -0.269498
v 0.081241 0.501645 -0.240468
v 0.068279 0.533218 -0.191292
v 0.104661 0.519240 -0.208333
v 0.090536 0.545801 -0.155559
v 0.127731 0.531282 -0.173667
v 0.163369 0.511289 -0.189871
v 0.225385 0.455727 -0.217581
v 0.196371 0.486014 -0.204444
v 0.116165 0.425523 -0.305213
v 0.151494 0.418289 -0.299315
v 0.153014 0.391977 -0.318604
v 0.109165 0.399238 -0.326197
v 0.064791 0.408589 -0.324505
v 0.077520 0.436846 -0.304186
v 0.141776 0.266454 -0.349325
v 0.134875 0.226839 -0.346276
v 0.084836 0.275885 -0.359177
v 0.076837 0.236439 -0.356377
v 0.020425 0.247949 -0.355988
v 0.029414 0.287229 -0.358627
v 0.039832 0.327652 -0.354558
v 0.051721 0.367348 -0.343715
v 0.092979 0.316731 -0.355286
v 0.101252 0.357051 -0.344949
v 0.151381 0.348716 -0.336427
v 0.147526 0.307671 -0.345966
v -0.081693 0.274926 -0.326519
v -0.071020 0.313819 -0.329374
v -0.032719 0.260868 -0.345899
v -0.022834 0.299968 -0.348532
v -0.056950 0.353354 -0.325997
v -0.039843 0.391804 -0.316041
v -0.010468 0.339968 -0.344593
v 0.004306 0.379055 -0.333870
v 0.001542 0.463389 -0.278911
v 0.039133 0.450690 -0.294627
v 0.021756 0.419316 -0.315091
v -0.018656 0.431023 -0.298596
v 0.087169 0.099813 -0.247843
v 0.056965 0.101102 -0.248579
v 0.092509 0.106861 -0.267200
v 0.051617 0.112446 -0.273952
v 0.015392 0.106164 -0.246140
v 0.006629 0.120787 -0.273947
v 0.003409 0.135752 -0.296834
v 0.052646 0.125534 -0.297978
v 0.102506 0.117288 -0.289292
v -0.029258 0.113344 -0.234618
v -0.072513 0.124190 -0.216919
v -0.038807 0.129168 -0.263112
v -0.082304 0.140325 -0.245821
v -0.088160 0.160176 -0.269314
v -0.043974 0.147431 -0.287086
v -0.087563 0.244942 -0.319721
v -0.038670 0.230897 -0.339114
v -0.091117 0.215397 -0.308674
v -0.042920 0.201539 -0.327854
v 0.014394 0.217980 -0.349269
v 0.009351 0.188787 -0.337990
v 0.006050 0.161543 -0.321128
v -0.044533 0.173951 -0.311003
v -0.091410 0.187451 -0.292244
v 0.070753 0.206465 -0.349733
v 0.128761 0.196861 -0.339674
v 0.064835 0.177423 -0.338570
v 0.121863 0.167976 -0.328712
v 0.113617 0.141530 -0.312803
v 0.059211 0.150574 -0.322063
v 0.076412 0.092592 -0.220222
v 0.109963 0.094495 -0.230395
v 0.143546 0.089221 -0.203906
v 0.104383 0.086090 -0.187949
v 0.057697 0.088052 -0.174789
v 0.033617 0.095212 -0.212372
v 0.203715 0.088881 -0.120209
v 0.163679 0.085873 -0.098074
v 0.175049 0.086820 -0.164999
v 0.134100 0.083519 -0.146342
v 0.118807 0.088776 -0.073913
v 0.087580 0.085847 -0.127297
v 0.071046 0.097005 -0.048725
v 0.022281 0.109991 -0.023481
v 0.038838 0.093472 -0.106364
v -0.009669 0.105970 -0.083320
v -0.037561 0.106736 -0.138160
v 0.009376 0.095016 -0.158553
v -0.058437 0.112829 -0.182565
v -0.013366 0.101809 -0.200591
v 0.243337 0.119508 0.011515
v 0.217287 0.118900 0.034635
v 0.185603 0.123693 0.065260
v 0.169238 0.108972 0.029047
v 0.205224 0.104962 -0.003863
v 0.239522 0.107160 -0.028803
v 0.109199 0.144521 0.124956
v 0.149715 0.132570 0.098246
v 0.085391 0.129980 0.087390
v 0.129048 0.117540 0.060512
v 0.055279 0.118249 0.035825
v 0.101963 0.105394 0.009380
v 0.146425 0.096952 -0.019436
v 0.224855 0.096216 -0.073726
v 0.187496 0.093593 -0.048484
v 0.134007 0.101771 -0.248648
v 0.150036 0.112033 -0.268808
v 0.194203 0.109517 -0.238683
v 0.173374 0.098228 -0.221397
v 0.185136 0.190186 -0.317450
v 0.177072 0.161487 -0.306719
v 0.237100 0.186689 -0.284522
v 0.227993 0.158107 -0.274232
v 0.214077 0.132523 -0.259672
v 0.165758 0.135553 -0.291327
v 0.316255 0.190402 -0.192019
v 0.305465 0.161849 -0.183194
v 0.281466 0.186756 -0.242112
v 0.271380 0.158241 -0.232437
v 0.288282 0.136377 -0.171203
v 0.255453 0.132830 -0.218969
v 0.236890 0.098412 -0.139275
v 0.207701 0.096248 -0.183408
v 0.232216 0.110069 -0.200029
v 0.262829 0.113487 -0.154968
v 0.185059 0.416378 -0.284204
v 0.219350 0.417325 -0.261046
v 0.233474 0.385235 -0.273838
v 0.194942 0.387332 -0.300577
v 0.248760 0.422116 -0.229562
v 0.273321 0.426683 -0.192964
v 0.293280 0.388894 -0.199950
v 0.266532 0.385841 -0.239631
v 0.322725 0.220306 -0.198627
v 0.287842 0.216666 -0.248780
v 0.325172 0.260310 -0.204084
v 0.291102 0.256712 -0.253267
v 0.243355 0.216624 -0.291187
v 0.247746 0.256588 -0.294985
v 0.243415 0.340622 -0.287010
v 0.281012 0.341082 -0.249182
v 0.248023 0.298514 -0.293498
v 0.289022 0.298770 -0.253396
v 0.311074 0.344410 -0.205066
v 0.321398 0.302255 -0.206349
v 0.191301 0.220147 -0.324079
v 0.196883 0.259974 -0.327386
v 0.199722 0.301639 -0.324690
v 0.199216 0.343292 -0.316442
v 0.302921 0.435634 -0.073458
v 0.322685 0.410933 -0.068807
v 0.321515 0.401689 -0.113219
v 0.300401 0.432508 -0.113017
v 0.353996 0.250400 -0.027984
v 0.356523 0.289602 -0.037119
v 0.356184 0.237403 -0.086789
v 0.358261 0.276974 -0.094628
v 0.353468 0.318032 -0.102013
v 0.341800 0.358925 -0.107916
v 0.352553 0.329883 -0.047370
v 0.342221 0.369561 -0.057698
v 0.345038 0.227403 -0.144209
v 0.347118 0.267235 -0.150819
v 0.342486 0.308827 -0.155553
v 0.330981 0.350500 -0.157649
v 0.290166 0.429936 -0.153643
v 0.311321 0.394298 -0.157515
v 0.269626 0.127670 -0.000272
v 0.269570 0.116166 -0.046090
v 0.294433 0.128139 -0.056345
v 0.295299 0.138750 -0.005820
v 0.257149 0.105573 -0.092810
v 0.283167 0.119666 -0.106724
v 0.338570 0.197477 -0.137705
v 0.327407 0.168764 -0.129979
v 0.349785 0.207443 -0.080379
v 0.338564 0.178494 -0.073817
v 0.320981 0.152292 -0.065626
v 0.309697 0.143031 -0.119716
v 0.347687 0.220410 -0.021630
v 0.336835 0.191122 -0.016303
v 0.320333 0.164145 -0.010718
v 0.278654 0.410668 0.074542
v 0.280001 0.298198 0.125700
v 0.013878 0.221489 0.198809
v -0.029623 0.230309 0.189484
v 0.001149 0.204203 0.177949
v -0.026456 0.214897 0.177274
v -0.031423 0.249960 0.205099
v 0.018791 0.241353 0.212428
v 0.057245 0.210777 0.195623
v 0.067914 0.230994 0.210515
v 0.041947 0.191145 0.177130
v -0.026841 0.314993 0.218859
v 0.030645 0.305121 0.227161
v -0.021223 0.346105 0.217108
v 0.037367 0.336048 0.225593
v 0.086259 0.293515 0.225568
v 0.093835 0.324304 0.224162
v 0.077605 0.262957 0.221822
v 0.024435 0.274114 0.223633
v -0.030435 0.283565 0.215840
v 0.127488 0.250656 0.211533
v 0.101528 0.196671 0.186256
v 0.085005 0.175948 0.167063
v 0.114872 0.219340 0.200484
v 0.036271 0.524871 0.094904
v 0.072704 0.519798 0.099969
v 0.043713 0.535116 0.075381
v 0.069382 0.535488 0.071153
v 0.105099 0.533978 0.062922
v 0.112388 0.515130 0.095604
v 0.070808 0.503924 0.127784
v 0.115241 0.494411 0.125386
v 0.026723 0.511465 0.121276
v 0.142760 0.529531 0.049735
v 0.152263 0.508636 0.084158
v 0.158074 0.483661 0.115670
v 0.160623 0.450493 0.149098
v 0.160699 0.416148 0.174672
v 0.043458 0.366118 0.219404
v 0.050766 0.403467 0.206126
v -0.015168 0.376174 0.210883
v -0.006656 0.413316 0.197773
v 0.057918 0.439467 0.186380
v 0.064181 0.472604 0.161158
v 0.002883 0.448935 0.178506
v 0.013656 0.481297 0.153937
v 0.055737 0.547879 0.043160
v 0.025384 0.541500 0.058745
v 0.036223 0.557256 0.012610
v 0.001381 0.548536 0.032702
v 0.073742 0.560021 -0.005788
v 0.091505 0.549530 0.028877
v 0.015300 0.561970 -0.020459
v -0.005169 0.561450 -0.055043
v -0.021779 0.552491 0.001159
v -0.043135 0.551798 -0.033352
v 0.033947 0.564637 -0.076694
v 0.054065 0.565182 -0.041135
v 0.073232 0.561637 -0.097800
v 0.093164 0.562330 -0.061029
v 0.112055 0.557123 -0.023862
v 0.128948 0.546151 0.013278
v -0.081688 0.521253 -0.141382
v -0.053840 0.526886 -0.159128
v -0.085539 0.510662 -0.164817
v -0.068498 0.509406 -0.183927
v -0.022887 0.527731 -0.181783
v -0.042934 0.505752 -0.209763
v -0.004216 0.545226 -0.149064
v -0.039709 0.542823 -0.127053
v -0.074673 0.534056 -0.107296
v 0.010620 0.523684 -0.204243
v -0.011376 0.500286 -0.233515
v 0.031916 0.541942 -0.171018
v 0.052737 0.554685 -0.135199
v 0.014595 0.557717 -0.113557
v -0.023500 0.554630 -0.091659
v -0.060939 0.545081 -0.070709
v -0.089539 0.489718 -0.199696
v -0.105015 0.498339 -0.167737
v -0.132346 0.481031 -0.172226
v -0.114130 0.468923 -0.211656
v -0.065405 0.481449 -0.230871
v -0.087708 0.456180 -0.246279
v -0.207814 0.375552 -0.169999
v -0.184153 0.359830 -0.221197
v -0.220445 0.337725 -0.164011
v -0.196378 0.321702 -0.216229
v -0.152484 0.343995 -0.265321
v -0.164289 0.305594 -0.261237
v -0.135769 0.382452 -0.264482
v -0.166308 0.397648 -0.222282
v -0.114969 0.419368 -0.258210
v -0.143904 0.433558 -0.219194
v -0.189075 0.412715 -0.173303
v -0.164864 0.447408 -0.174206
v -0.114470 0.328565 -0.301527
v -0.125776 0.289909 -0.298165
v -0.098961 0.367585 -0.299200
v -0.079888 0.405330 -0.290682
v -0.033803 0.473451 -0.257214
v -0.055460 0.443413 -0.275482
v -0.179253 0.184495 -0.155525
v -0.167839 0.171258 -0.133264
v -0.195945 0.196880 -0.119236
v -0.182071 0.183836 -0.109734
v -0.144136 0.155949 -0.164308
v -0.154277 0.171001 -0.191409
v -0.191849 0.201835 -0.172562
v -0.163157 0.187733 -0.211392
v -0.212518 0.215599 -0.127697
v -0.111167 0.138906 -0.192602
v -0.120906 0.154789 -0.220998
v -0.128177 0.173709 -0.243893
v -0.134592 0.230147 -0.280831
v -0.131612 0.259902 -0.291439
v -0.170137 0.275568 -0.254612
v -0.172653 0.245586 -0.244629
v -0.133783 0.201804 -0.265221
v -0.170885 0.216760 -0.230367
v -0.202260 0.291665 -0.209689
v -0.204383 0.261439 -0.200473
v -0.226346 0.307681 -0.157519
v -0.228089 0.277187 -0.149201
v -0.201610 0.231970 -0.188273
v -0.224348 0.247001 -0.139441
v -0.159500 0.166214 -0.099210
v -0.182068 0.185631 -0.080595
v -0.151294 0.165881 -0.056798
v -0.180298 0.190284 -0.037787
v -0.118527 0.143047 -0.084394
v -0.132264 0.146979 -0.127282
v -0.135067 0.167519 -0.008271
v -0.111493 0.171747 0.043078
v -0.166869 0.193524 0.010391
v -0.145622 0.197900 0.058987
v -0.070851 0.147964 0.023374
v -0.097772 0.143690 -0.032219
v -0.025634 0.127176 0.000867
v -0.055579 0.122937 -0.057932
v -0.080377 0.123025 -0.112513
v -0.098270 0.128306 -0.157038
v -0.050867 0.211322 0.162430
v -0.021468 0.193410 0.157106
v 0.018716 0.175774 0.150866
v -0.007652 0.164174 0.119784
v -0.051222 0.184992 0.127683
v -0.085141 0.208479 0.137736
v 0.064532 0.159154 0.141942
v 0.038896 0.145674 0.106756
v 0.007498 0.134874 0.057836
v -0.039003 0.154820 0.075680
v -0.081752 0.177618 0.089629
v -0.117143 0.202945 0.101705
v -0.203796 0.207191 -0.075369
v -0.221824 0.228081 -0.078059
v -0.203376 0.215802 -0.028141
v -0.221021 0.239098 -0.025690
v -0.240431 0.291779 -0.092557
v -0.239148 0.322594 -0.099810
v -0.240347 0.335688 -0.039612
v -0.241419 0.304599 -0.033443
v -0.235636 0.272867 -0.028987
v -0.235404 0.260746 -0.085547
v -0.230234 0.314782 0.024871
v -0.207468 0.321922 0.079919
v -0.229189 0.346118 0.019834
v -0.206095 0.353415 0.075925
v -0.202034 0.289393 0.080309
v -0.224250 0.282534 0.027098
v -0.171220 0.225773 0.070069
v -0.191772 0.220914 0.021505
v -0.209488 0.247913 0.026547
v -0.188330 0.254282 0.076457
v -0.110274 0.508544 -0.132711
v -0.108494 0.519637 -0.092875
v -0.140590 0.492043 -0.128463
v -0.139501 0.501631 -0.082518
v -0.096380 0.529825 -0.052520
v -0.078232 0.536393 -0.012632
v -0.128967 0.509266 -0.036757
v -0.110217 0.514815 0.007027
v -0.210037 0.413105 0.003797
v -0.223493 0.376240 0.013514
v -0.187313 0.420243 0.058800
v -0.200400 0.383560 0.069714
v -0.234580 0.365776 -0.046027
v -0.221173 0.402926 -0.054448
v -0.189862 0.448218 -0.007748
v -0.163509 0.479806 -0.021161
v -0.200949 0.438627 -0.063194
v -0.174572 0.471066 -0.072600
v -0.142846 0.486067 0.027776
v -0.168004 0.454985 0.044694
v -0.220146 0.390119 -0.113468
v -0.233299 0.352654 -0.106277
v -0.200333 0.426486 -0.119479
v -0.174766 0.460003 -0.124605
v 0.002078 0.529520 0.080862
v -0.015037 0.516328 0.104430
v -0.028003 0.534994 0.055440
v -0.052217 0.518322 0.078490
v -0.062709 0.420434 0.177929
v -0.072617 0.383535 0.190850
v -0.112684 0.423944 0.146947
v -0.123951 0.387241 0.159499
v -0.097164 0.458663 0.129142
v -0.050093 0.455539 0.159172
v -0.077371 0.489738 0.107101
v -0.034822 0.487226 0.135710
v -0.154287 0.423711 0.106381
v -0.166598 0.387072 0.118239
v -0.136598 0.458337 0.090197
v -0.113653 0.489259 0.070430
v -0.055006 0.537655 0.023417
v -0.084219 0.517736 0.045381
v -0.068367 0.233149 0.173105
v -0.108168 0.234048 0.147674
v -0.079535 0.255726 0.186454
v -0.122095 0.258127 0.157316
v -0.142420 0.230268 0.112152
v -0.158676 0.257554 0.119923
v -0.174481 0.325391 0.127469
v -0.172382 0.356932 0.124392
v -0.132912 0.325629 0.168031
v -0.129853 0.357126 0.165656
v -0.170224 0.292802 0.126463
v -0.130491 0.293185 0.165961
v -0.082937 0.322122 0.199022
v -0.078618 0.353449 0.197047
v -0.083345 0.290123 0.196352
v 0.113631 0.462167 0.159191
v 0.099979 0.354378 0.218044
v 0.146498 0.488582 -0.102181
v 0.141856 0.472762 -0.121356
v 0.205059 0.479449 -0.144907
v 0.196899 0.451369 -0.169523
v 0.197095 0.565496 -0.140602
v 0.143539 0.537440 -0.097773
v 0.207424 0.525245 -0.136222
v 0.149499 0.515094 -0.095017
v 0.141424 0.518469 -0.110692
v 0.197546 0.526045 -0.154909
v 0.141802 0.496372 -0.116024
v 0.198925 0.488728 -0.160250
v 0.182418 0.590595 -0.163167
v 0.192826 0.559498 -0.154952
v 0.133781 0.549550 -0.115404
v 0.138685 0.534453 -0.111433
v 0.139585 0.471662 -0.123457
v 0.194646 0.450075 -0.171622
v 0.184944 0.593051 -0.158631
v 0.182265 0.594087 -0.160363
v 0.136235 0.552129 -0.110844
v 0.133557 0.553073 -0.112582
v 0.139097 0.475606 -0.125637
v 0.194068 0.453892 -0.173826
v 0.308129 0.479660 -0.247624
v 0.254504 0.482972 -0.205999
v 0.306748 0.540617 -0.239442
v 0.253730 0.533616 -0.198926
v 0.246349 0.582930 -0.199380
v 0.231134 0.628948 -0.211021
v 0.294717 0.602572 -0.241721
v 0.274441 0.660972 -0.255208
v 0.261864 0.476340 -0.190243
v 0.251712 0.432694 -0.217480
v 0.315671 0.474601 -0.235600
v 0.303523 0.420124 -0.262968
v 0.301449 0.612567 -0.226108
v 0.251112 0.590975 -0.183990
v 0.318372 0.542947 -0.222744
v 0.264766 0.535459 -0.179054
v 0.443560 0.490928 -0.369242
v 0.407863 0.481812 -0.326489
v 0.425592 0.432812 -0.389250
v 0.391888 0.420266 -0.350257
v 0.444232 0.561949 -0.354953
v 0.430476 0.641989 -0.356163
v 0.408252 0.555413 -0.311509
v 0.392484 0.638477 -0.314020
v 0.433108 0.494270 -0.371789
v 0.397699 0.485461 -0.332091
v 0.432094 0.557778 -0.361415
v 0.395094 0.552735 -0.322079
v 0.355749 0.698780 -0.337759
v 0.390675 0.702360 -0.372631
v 0.382614 0.628519 -0.322357
v 0.418184 0.632524 -0.360633
v 0.474508 0.510645 -0.427526
v 0.476621 0.565838 -0.416276
v 0.514235 0.529509 -0.482769
v 0.516424 0.574603 -0.473528
v 0.439358 0.697526 -0.425979
v 0.484307 0.686778 -0.479711
v 0.464764 0.633950 -0.416016
v 0.505647 0.632380 -0.473133
v 0.526411 0.525668 -0.480960
v 0.486046 0.507149 -0.424807
v 0.508615 0.484953 -0.495347
v 0.468478 0.456239 -0.442284
v 0.476647 0.642381 -0.412429
v 0.487584 0.571897 -0.410778
v 0.519686 0.640794 -0.469936
v 0.529271 0.581090 -0.469041
v 0.570333 0.616550 -0.565988
v 0.538012 0.626733 -0.520631
v 0.555288 0.650222 -0.571441
v 0.520678 0.670083 -0.525722
v 0.582732 0.545072 -0.568639
v 0.556588 0.536012 -0.524946
v 0.566783 0.522863 -0.575610
v 0.536096 0.503471 -0.532559
v 0.587998 0.587511 -0.565518
v 0.583885 0.622052 -0.567729
v 0.560499 0.586589 -0.517712
v 0.553297 0.633731 -0.519395
v 0.575155 0.579727 -0.565899
v 0.571641 0.551666 -0.569436
v 0.546077 0.580476 -0.521125
v 0.542737 0.541889 -0.525109
v 0.596250 0.576601 -0.607690
v 0.593181 0.555821 -0.610012
v 0.603838 0.549675 -0.611002
v 0.590537 0.533509 -0.614032
v 0.581032 0.629790 -0.609522
v 0.594424 0.604884 -0.606250
v 0.611477 0.581787 -0.610600
v 0.608315 0.609354 -0.610824
v 0.623431 0.575295 -0.692622
v 0.639899 0.549724 -0.737729
v 0.628049 0.568143 -0.690610
v 0.629279 0.558992 -0.693636
v 0.627035 0.542914 -0.694012
v 0.646016 0.548912 -0.738866
v 0.636214 0.548103 -0.696082
v 0.642066 0.559280 -0.700569
v 0.630012 0.577888 -0.694150
v 0.637881 0.570414 -0.696662
v 0.621296 0.547193 -0.693601
v 0.627481 0.551790 -0.690560
v 0.367576 0.476774 -0.283814
v 0.353760 0.415569 -0.309340
v 0.358208 0.480879 -0.293554
v 0.356889 0.547496 -0.283790
v 0.318637 0.684844 -0.299793
v 0.342808 0.618285 -0.285443
v 0.351110 0.628570 -0.272116
v 0.369668 0.550217 -0.269993
v 0.622882 0.548829 -0.653002
v 0.610109 0.537779 -0.652047
v 0.615426 0.568387 -0.648537
v 0.612418 0.553836 -0.649378
v 0.605672 0.604676 -0.651331
v 0.612996 0.587227 -0.649258
v 0.629387 0.571811 -0.654511
v 0.626742 0.591020 -0.654876
v 0.249517 0.431065 -0.219567
v 0.301405 0.418243 -0.265046
v 0.277478 0.663216 -0.251044
v 0.274758 0.664519 -0.252679
v 0.233881 0.631252 -0.206626
v 0.231161 0.632422 -0.208293
v 0.389810 0.418274 -0.352333
v 0.423485 0.430959 -0.391347
v 0.394739 0.704360 -0.369407
v 0.392275 0.706056 -0.371228
v 0.359418 0.700890 -0.334154
v 0.356894 0.702490 -0.335925
v 0.466250 0.454572 -0.444320
v 0.506175 0.483481 -0.497226
v 0.489225 0.688725 -0.477494
v 0.486709 0.690389 -0.479259
v 0.443867 0.699476 -0.423255
v 0.441414 0.701186 -0.425076
v 0.560855 0.652174 -0.570202
v 0.558147 0.653701 -0.571778
v 0.525848 0.672060 -0.523861
v 0.523306 0.673641 -0.525626
v 0.533458 0.502288 -0.534291
v 0.563804 0.521941 -0.576952
v 0.587183 0.532753 -0.614891
v 0.586980 0.631683 -0.608915
v 0.584051 0.633167 -0.610271
v 0.643739 0.548566 -0.740813
v 0.626605 0.578964 -0.694448
v 0.623406 0.542535 -0.694034
v 0.351689 0.413557 -0.311419
v 0.321949 0.687032 -0.295862
v 0.319361 0.688506 -0.297601
v 0.606476 0.537246 -0.652468
v 0.612006 0.606772 -0.651787
v 0.608724 0.608074 -0.652648
v 0.604487 0.541615 -0.652297
v 0.585033 0.536994 -0.614801
v 0.561279 0.525952 -0.576597
v 0.530694 0.505996 -0.533958
v 0.503294 0.486974 -0.497043
v 0.463416 0.457967 -0.444412
v 0.420868 0.434343 -0.391859
v 0.387555 0.421686 -0.353336
v 0.349970 0.417014 -0.312991
v 0.300185 0.421771 -0.267018
v 0.248685 0.434696 -0.221740
v 0.123883 0.512198 -0.139596
v 0.158436 0.566783 -0.185702
v 0.131061 0.497932 -0.148786
v 0.179795 0.538536 -0.212000
v 0.111444 0.522492 -0.132849
v 0.099951 0.527138 -0.135929
v 0.141758 0.593373 -0.177509
v 0.115818 0.613287 -0.177950
v 0.140123 0.495844 -0.140937
v 0.139211 0.483920 -0.162848
v 0.197731 0.534783 -0.199208
v 0.196009 0.509454 -0.238398
v 0.145436 0.603084 -0.163396
v 0.116019 0.526779 -0.120183
v 0.177237 0.572846 -0.171374
v 0.131650 0.513823 -0.122273
v 0.260409 0.677651 -0.288758
v 0.212264 0.728918 -0.267165
v 0.220487 0.628308 -0.227819
v 0.179009 0.671958 -0.213153
v 0.173208 0.660367 -0.228575
v 0.133238 0.696289 -0.221936
v 0.204081 0.714461 -0.280596
v 0.155711 0.757600 -0.268997
v 0.269625 0.615270 -0.334357
v 0.230896 0.578048 -0.276625
v 0.242273 0.666079 -0.303692
v 0.204414 0.619798 -0.246518
v 0.245619 0.578230 -0.266128
v 0.250587 0.537985 -0.312205
v 0.285920 0.618424 -0.326938
v 0.288507 0.566051 -0.371422
v 0.137273 0.480363 -0.165225
v 0.194164 0.505759 -0.240877
v 0.117843 0.617417 -0.172605
v 0.113880 0.616552 -0.173400
v 0.101292 0.531718 -0.130223
v 0.097636 0.530530 -0.131228
v 0.159141 0.761450 -0.264786
v 0.154864 0.761635 -0.265066
v 0.136291 0.700063 -0.217324
v 0.131973 0.699811 -0.217725
v 0.248912 0.534050 -0.314789
v 0.286947 0.562066 -0.374008
v 0.245431 0.537232 -0.315067
v 0.283174 0.565001 -0.374011
v 0.190896 0.509326 -0.241346
v 0.134022 0.484108 -0.165688
v 0.295949 0.724741 -0.353224
v 0.244698 0.782107 -0.324972
v 0.323870 0.596324 -0.430309
v 0.321798 0.658172 -0.389076
v 0.234448 0.764875 -0.336362
v 0.181633 0.813566 -0.319802
v 0.306266 0.653222 -0.392866
v 0.277821 0.711292 -0.362707
v 0.303708 0.746197 -0.411600
v 0.329232 0.780639 -0.460481
v 0.333626 0.685637 -0.442904
v 0.357739 0.720698 -0.492381
v 0.288561 0.833158 -0.433469
v 0.260032 0.800538 -0.383864
v 0.234447 0.877829 -0.418279
v 0.205495 0.848796 -0.366032
v 0.270816 0.818573 -0.375166
v 0.322171 0.760713 -0.404693
v 0.297246 0.849654 -0.429449
v 0.345743 0.795084 -0.457544
v 0.352507 0.625907 -0.481135
v 0.376921 0.661379 -0.529456
v 0.348868 0.692088 -0.441009
v 0.371724 0.727915 -0.492581
v 0.399657 0.714125 -0.585912
v 0.396124 0.773526 -0.553796
v 0.381219 0.763081 -0.549001
v 0.356855 0.813130 -0.515638
v 0.319873 0.863407 -0.493757
v 0.271694 0.906777 -0.480569
v 0.331098 0.881851 -0.496471
v 0.375652 0.831791 -0.525462
v 0.386455 0.850330 -0.583650
v 0.411534 0.876269 -0.637943
v 0.405154 0.804150 -0.606654
v 0.422180 0.831139 -0.652323
v 0.316563 0.928501 -0.555734
v 0.362112 0.942713 -0.630776
v 0.357153 0.892921 -0.565749
v 0.392338 0.913645 -0.630776
v 0.433493 0.836456 -0.660598
v 0.416787 0.815804 -0.614995
v 0.427519 0.788431 -0.670091
v 0.416678 0.759033 -0.634030
v 0.425389 0.882129 -0.649620
v 0.401597 0.922209 -0.637699
v 0.403215 0.867000 -0.594125
v 0.367822 0.909860 -0.570341
v 0.434220 0.934653 -0.763179
v 0.454717 0.915194 -0.813808
v 0.447453 0.909083 -0.756208
v 0.463672 0.896849 -0.807641
v 0.458687 0.914404 -0.765309
v 0.467795 0.884029 -0.765662
v 0.473552 0.899438 -0.818319
v 0.479623 0.877438 -0.819050
v 0.452112 0.852175 -0.749595
v 0.451774 0.879922 -0.751733
v 0.464490 0.856738 -0.799224
v 0.465634 0.876129 -0.802386
v 0.472254 0.857340 -0.809516
v 0.460825 0.854144 -0.758585
v 0.461797 0.838817 -0.799047
v 0.448829 0.826286 -0.750450
v 0.465769 0.846678 -0.846548
v 0.474128 0.855985 -0.852237
v 0.476283 0.852435 -0.906583
v 0.476369 0.866129 -0.860860
v 0.473298 0.888550 -0.862917
v 0.480557 0.880236 -0.865419
v 0.483590 0.852927 -0.909162
v 0.482284 0.868531 -0.864820
v 0.473109 0.845648 -0.848790
v 0.479400 0.856221 -0.857413
v 0.466061 0.886457 -0.860252
v 0.471041 0.877455 -0.859730
v 0.446852 0.846720 -0.707733
v 0.436584 0.808539 -0.703378
v 0.434606 0.882281 -0.697240
v 0.437306 0.844701 -0.698627
v 0.407307 0.944709 -0.708733
v 0.424563 0.915318 -0.701404
v 0.449637 0.886691 -0.711050
v 0.436447 0.922973 -0.709240
v 0.185284 0.817611 -0.315930
v 0.181023 0.817977 -0.316335
v 0.322310 0.592349 -0.432884
v 0.351061 0.622008 -0.483853
v 0.375564 0.657595 -0.532408
v 0.238458 0.882310 -0.415052
v 0.234446 0.882995 -0.415798
v 0.209357 0.853126 -0.362537
v 0.205218 0.853678 -0.363112
v 0.398254 0.710430 -0.588912
v 0.275943 0.911326 -0.477691
v 0.271974 0.912094 -0.478590
v 0.414888 0.755204 -0.636587
v 0.425336 0.784491 -0.671966
v 0.367257 0.946941 -0.629060
v 0.363350 0.948148 -0.629937
v 0.321186 0.933051 -0.553400
v 0.317280 0.933972 -0.554317
v 0.461649 0.917477 -0.815240
v 0.457601 0.919592 -0.815662
v 0.440669 0.937374 -0.763225
v 0.436819 0.939417 -0.764044
v 0.445708 0.822526 -0.751095
v 0.458120 0.835379 -0.799058
v 0.469493 0.842408 -0.848236
v 0.479868 0.851214 -0.910738
v 0.469471 0.890713 -0.863038
v 0.433895 0.804657 -0.704605
v 0.413130 0.948165 -0.707831
v 0.409273 0.949869 -0.708693
v 0.454655 0.839356 -0.797669
v 0.441878 0.826123 -0.749886
v 0.429767 0.807808 -0.703113
v 0.420897 0.787002 -0.670180
v 0.410378 0.757183 -0.634710
v 0.393713 0.712259 -0.587331
v 0.371188 0.659770 -0.531306
v 0.346878 0.624561 -0.483216
v 0.318356 0.595147 -0.432597
v 0.078233 0.509886 -0.067163
v 0.014299 0.538981 -0.047056
v 0.058698 0.498714 -0.078699
v -0.013309 0.516970 -0.061695
v 0.060763 0.608042 -0.070669
v 0.040745 0.577261 -0.050723
v 0.105360 0.549354 -0.078189
v 0.094386 0.532293 -0.066747
v 0.087910 0.535170 -0.083242
v 0.073574 0.517664 -0.081026
v 0.031664 0.577812 -0.069818
v 0.009869 0.547727 -0.063272
v 0.062161 0.628124 -0.101479
v 0.102208 0.559403 -0.099208
v 0.049197 0.604321 -0.081276
v 0.095971 0.547783 -0.089523
v 0.057676 0.497223 -0.081441
v -0.014428 0.515321 -0.064376
v 0.065521 0.630319 -0.097372
v 0.105676 0.561666 -0.095168
v 0.065949 0.630386 -0.100698
v 0.106057 0.561655 -0.098476
v -0.014067 0.518845 -0.067062
v 0.058070 0.500892 -0.084073
v -0.111506 0.610618 -0.032369
v -0.076722 0.660288 -0.042738
v -0.053393 0.579059 -0.048060
v -0.024462 0.620433 -0.056225
v 0.001288 0.659407 -0.073673
v -0.044364 0.708391 -0.067787
v 0.020772 0.694597 -0.103114
v -0.018211 0.752302 -0.105090
v -0.048014 0.573045 -0.031289
v -0.108305 0.606914 -0.018118
v -0.083803 0.537400 -0.045374
v -0.148223 0.561103 -0.031240
v -0.031169 0.716368 -0.055489
v -0.068526 0.663688 -0.024282
v 0.014345 0.664864 -0.062538
v -0.013820 0.622398 -0.036151
v -0.255514 0.622304 -0.018167
v -0.216865 0.676774 -0.006030
v -0.295003 0.657692 -0.019614
v -0.261701 0.711022 -0.007473
v -0.128363 0.801021 -0.046847
v -0.176387 0.831376 -0.044867
v -0.171987 0.736492 -0.013870
v -0.218661 0.768821 -0.014917
v -0.257175 0.709690 -0.017702
v -0.219741 0.761200 -0.027051
v -0.214638 0.676556 -0.017987
v -0.175002 0.730648 -0.029643
v -0.178323 0.818678 -0.054650
v -0.142402 0.868720 -0.099185
v -0.134579 0.789922 -0.057058
v -0.101333 0.841424 -0.103294
v -0.336200 0.840686 -0.036167
v -0.278342 0.801443 -0.029012
v -0.362827 0.803218 -0.032873
v -0.311151 0.755830 -0.024516
v -0.304331 0.885154 -0.057648
v -0.274306 0.923522 -0.090574
v -0.241324 0.854303 -0.053821
v -0.207730 0.899466 -0.094050
v -0.344405 0.709919 -0.025309
v -0.316128 0.757487 -0.013325
v -0.390110 0.765422 -0.034338
v -0.368948 0.805087 -0.021678
v -0.335880 0.851082 -0.025255
v -0.276569 0.810370 -0.018800
v -0.304660 0.898051 -0.047081
v -0.240338 0.866134 -0.044645
v -0.333755 0.936730 -0.087433
v -0.357951 0.906341 -0.061039
v -0.393609 0.946349 -0.084697
v -0.412016 0.923117 -0.062083
v -0.422592 0.802654 -0.040792
v -0.411555 0.838145 -0.028329
v -0.460583 0.843478 -0.048614
v -0.452634 0.868184 -0.037539
v -0.360993 0.919059 -0.050402
v -0.417175 0.934457 -0.054227
v -0.384736 0.881572 -0.032846
v -0.433287 0.906229 -0.041641
v -0.402472 0.836864 -0.040256
v -0.444997 0.868933 -0.047942
v -0.383335 0.870522 -0.044375
v -0.431109 0.893757 -0.049727
v -0.473971 0.910590 -0.058711
v -0.483813 0.891924 -0.057559
v -0.495837 0.872539 -0.056767
v -0.492388 0.891780 -0.048683
v -0.459052 0.933647 -0.065861
v -0.443799 0.949614 -0.083826
v -0.466979 0.944927 -0.059242
v -0.480943 0.922704 -0.050234
v -0.551390 0.941927 -0.089987
v -0.555325 0.937444 -0.083588
v -0.604876 0.938187 -0.099212
v -0.562383 0.930880 -0.082363
v -0.568987 0.916162 -0.080502
v -0.572482 0.925307 -0.076071
v -0.608980 0.940565 -0.095105
v -0.573489 0.938625 -0.077040
v -0.554446 0.947528 -0.086572
v -0.563467 0.945325 -0.080420
v -0.564017 0.917099 -0.085585
v -0.562522 0.923160 -0.080138
v -0.168061 0.643933 -0.009054
v -0.208893 0.591159 -0.020723
v -0.169119 0.645445 -0.023057
v -0.130576 0.699621 -0.033742
v -0.092728 0.754205 -0.062031
v -0.061654 0.803523 -0.104720
v -0.081863 0.763690 -0.050019
v -0.124930 0.704568 -0.016285
v -0.531743 0.894122 -0.066324
v -0.533398 0.909676 -0.059878
v -0.517554 0.921961 -0.067365
v -0.523449 0.908312 -0.066725
v -0.498428 0.949238 -0.084973
v -0.508312 0.937159 -0.074073
v -0.517270 0.948037 -0.068046
v -0.527050 0.932706 -0.061307
v -0.085093 0.535488 -0.047926
v -0.149658 0.559009 -0.033669
v -0.015470 0.754637 -0.100774
v 0.023853 0.696797 -0.098890
v -0.014826 0.754891 -0.104134
v 0.024411 0.696943 -0.102238
v -0.296444 0.655631 -0.022053
v -0.257017 0.620132 -0.020538
v -0.140964 0.871539 -0.094614
v -0.099371 0.844067 -0.098814
v -0.140401 0.872291 -0.097987
v -0.098786 0.844696 -0.102181
v -0.391056 0.763484 -0.036983
v -0.345658 0.707947 -0.027845
v -0.274052 0.926925 -0.085964
v -0.206901 0.902564 -0.089438
v -0.273437 0.927611 -0.089336
v -0.206336 0.903333 -0.092807
v -0.394396 0.950284 -0.080198
v -0.333875 0.940358 -0.082858
v -0.393611 0.950722 -0.083566
v -0.333286 0.940962 -0.086230
v -0.460618 0.841637 -0.051467
v -0.423201 0.800837 -0.043565
v -0.495255 0.870555 -0.059645
v -0.445268 0.953821 -0.079414
v -0.444234 0.954069 -0.082804
v -0.609537 0.939682 -0.097934
v -0.552576 0.946957 -0.089578
v -0.567472 0.914178 -0.083162
v -0.210411 0.588974 -0.023086
v -0.059242 0.805992 -0.100327
v -0.058660 0.806477 -0.103692
v -0.530598 0.892099 -0.069196
v -0.500787 0.954047 -0.080970
v -0.499297 0.953859 -0.084279
v -0.527530 0.894889 -0.071619
v -0.492231 0.873181 -0.062209
v -0.457323 0.843832 -0.054096
v -0.419950 0.802668 -0.046317
v -0.387962 0.765112 -0.039866
v -0.342838 0.709578 -0.030837
v -0.294048 0.657450 -0.025137
v -0.255148 0.622257 -0.023656
v -0.209203 0.591518 -0.026159
v -0.148953 0.561935 -0.036629
v -0.084674 0.538729 -0.050741
v 0.071483 0.528551 -0.112717
v 0.054635 0.521783 -0.109582
v 0.045516 0.602023 -0.127779
v 0.002688 0.593807 -0.121152
v 0.087139 0.530077 -0.120382
v 0.071732 0.615227 -0.141588
v 0.092351 0.529510 -0.132030
v 0.092727 0.620493 -0.166106
v 0.055336 0.522304 -0.097445
v 0.002182 0.595809 -0.098899
v 0.033772 0.516824 -0.108762
v -0.038181 0.582539 -0.118269
v 0.085100 0.621913 -0.132446
v 0.050265 0.612471 -0.106243
v 0.096507 0.532868 -0.110174
v 0.081640 0.529429 -0.096620
v 0.063397 0.708037 -0.153849
v 0.033168 0.784809 -0.175296
v 0.012817 0.693116 -0.121293
v -0.029263 0.768051 -0.140169
v 0.049176 0.699074 -0.164952
v 0.020254 0.771829 -0.186300
v 0.089449 0.709954 -0.199474
v 0.071526 0.783872 -0.225814
v -0.096597 0.729558 -0.146500
v -0.037309 0.753330 -0.160278
v -0.051937 0.666313 -0.131544
v 0.002368 0.682852 -0.142877
v -0.156002 0.704771 -0.143408
v -0.106401 0.649391 -0.129085
v -0.097215 0.737991 -0.130406
v -0.050857 0.670753 -0.114048
v -0.040878 0.579109 -0.120311
v 0.031259 0.513447 -0.110844
v 0.097701 0.623703 -0.162272
v 0.098124 0.532706 -0.128598
v 0.098567 0.621330 -0.165545
v 0.098540 0.530248 -0.131691
v 0.074856 0.787753 -0.221551
v 0.093223 0.713503 -0.195232
v 0.076740 0.786015 -0.224991
v 0.094835 0.711401 -0.198675
v -0.159047 0.701249 -0.145232
v -0.109367 0.645859 -0.131007
v -0.155929 0.702034 -0.148769
v -0.106481 0.647054 -0.134551
v -0.038059 0.580777 -0.123902
v 0.034156 0.515273 -0.114461
v -0.001267 0.858865 -0.198803
v -0.072977 0.839873 -0.163981
v -0.203140 0.760790 -0.159975
v -0.142701 0.803130 -0.150807
v -0.012943 0.842079 -0.209461
v 0.046707 0.855673 -0.250590
v -0.140529 0.792656 -0.163679
v -0.077777 0.822265 -0.180301
v -0.110800 0.875555 -0.198975
v -0.176250 0.844756 -0.181359
v -0.143856 0.928277 -0.217807
v -0.208808 0.897502 -0.201766
v 0.016793 0.907685 -0.269235
v -0.044426 0.895552 -0.227690
v -0.022894 0.958139 -0.286274
v -0.080277 0.948262 -0.244271
v -0.142775 0.947538 -0.206954
v -0.107610 0.894837 -0.184233
v -0.073760 0.965436 -0.239139
v -0.034663 0.913905 -0.218468
v -0.241355 0.811236 -0.176508
v -0.179025 0.856830 -0.170221
v -0.272994 0.864200 -0.196077
v -0.212222 0.910149 -0.193042
v -0.248926 0.974829 -0.222913
v -0.302055 0.933111 -0.225964
v -0.243096 0.957913 -0.228753
v -0.183525 0.981769 -0.238445
v -0.074092 1.014688 -0.303195
v -0.126578 1.002732 -0.264746
v -0.191208 1.008693 -0.234686
v -0.125439 1.024325 -0.262286
v -0.231658 1.043227 -0.266584
v -0.278979 1.017651 -0.255722
v -0.272487 1.089734 -0.287069
v -0.309038 1.059333 -0.277239
v -0.240913 1.111266 -0.305945
v -0.213371 1.122306 -0.335577
v -0.184848 1.062065 -0.287726
v -0.141895 1.071574 -0.320564
v -0.325737 0.990722 -0.253202
v -0.285390 1.034935 -0.254807
v -0.344538 1.029370 -0.274058
v -0.318156 1.071026 -0.275034
v -0.185555 1.082554 -0.286482
v -0.246557 1.124481 -0.305223
v -0.239788 1.067665 -0.264292
v -0.285116 1.103859 -0.285161
v -0.415515 1.171220 -0.356654
v -0.407541 1.184283 -0.371506
v -0.363496 1.162159 -0.340225
v -0.350802 1.179638 -0.360495
v -0.440521 1.164591 -0.347054
v -0.391680 1.152249 -0.324787
v -0.427023 1.180485 -0.356361
v -0.373197 1.174014 -0.338587
v -0.421981 1.153131 -0.347077
v -0.375530 1.138102 -0.327361
v -0.427954 1.135247 -0.341437
v -0.386806 1.113980 -0.319265
v -0.397785 1.090493 -0.316173
v -0.396777 1.121780 -0.318671
v -0.434776 1.118615 -0.339142
v -0.439088 1.141746 -0.342036
v -0.468856 1.138351 -0.367124
v -0.516427 1.162234 -0.397364
v -0.472805 1.151498 -0.366500
v -0.475707 1.163247 -0.372485
v -0.465529 1.181534 -0.381338
v -0.521580 1.166616 -0.393551
v -0.474642 1.178329 -0.375442
v -0.480371 1.168951 -0.371018
v -0.474469 1.141362 -0.362722
v -0.479078 1.155337 -0.365754
v -0.461078 1.175793 -0.384669
v -0.467155 1.170242 -0.378475
v -0.364675 1.058592 -0.292365
v -0.355269 1.097041 -0.296279
v -0.325287 1.119424 -0.307447
v -0.344842 1.088789 -0.297418
v -0.292483 1.163095 -0.349770
v -0.308550 1.144104 -0.325347
v -0.316534 1.157959 -0.322992
v -0.340742 1.133348 -0.305618
v 0.049767 0.859903 -0.246415
v 0.051631 0.858357 -0.249963
v -0.206172 0.757275 -0.161794
v -0.276319 0.861030 -0.198019
v -0.244513 0.807872 -0.178348
v -0.020291 0.963059 -0.282325
v 0.019599 0.912344 -0.265199
v -0.018653 0.961981 -0.285969
v 0.021364 0.911054 -0.268803
v -0.305352 0.930008 -0.227991
v -0.071832 1.019857 -0.299297
v -0.070292 1.018906 -0.303021
v -0.346734 1.025434 -0.275926
v -0.328581 0.987222 -0.255219
v -0.212556 1.127885 -0.331641
v -0.140220 1.077044 -0.316717
v -0.210827 1.127334 -0.335408
v -0.138653 1.076257 -0.320442
v -0.410831 1.189756 -0.367694
v -0.352619 1.184939 -0.356301
v -0.408277 1.189810 -0.371503
v -0.350490 1.185116 -0.360187
v -0.434633 1.113984 -0.341112
v -0.398528 1.085991 -0.318037
v -0.521806 1.163810 -0.396921
v -0.473838 1.136797 -0.364347
v -0.462828 1.181660 -0.384807
v -0.366118 1.054321 -0.294232
v -0.292954 1.168515 -0.345639
v -0.291010 1.168409 -0.349477
v -0.430133 1.115476 -0.343810
v -0.394166 1.087031 -0.321030
v -0.361606 1.054775 -0.297171
v -0.342148 1.025130 -0.278769
v -0.324137 0.986406 -0.257935
v -0.301187 0.929120 -0.230876
v -0.272433 0.860628 -0.201155
v -0.240896 0.807991 -0.181712
v -0.202814 0.757790 -0.165259
v 0.213496 0.677929 -0.148114
v 0.226958 0.728798 -0.166689
v 0.255594 0.658623 -0.193035
v 0.271202 0.706581 -0.214687
v 0.276570 0.707769 -0.209452
v 0.250976 0.735543 -0.137594
v 0.260978 0.659260 -0.187732
v 0.238774 0.681059 -0.117581
v 0.287875 0.783547 -0.234773
v 0.290325 0.859061 -0.256539
v 0.259998 0.814819 -0.167212
v 0.260250 0.891558 -0.198809
v 0.245157 0.880426 -0.220221
v 0.285257 0.857029 -0.261817
v 0.239862 0.805453 -0.193334
v 0.282659 0.781952 -0.240050
v 0.238812 1.004089 -0.271513
v 0.273666 0.982504 -0.305881
v 0.244313 0.944396 -0.245038
v 0.282764 0.921681 -0.283357
v 0.287780 0.924257 -0.278249
v 0.278680 0.985620 -0.301037
v 0.258194 0.954535 -0.227124
v 0.252337 1.014259 -0.257477
v 0.265367 1.033611 -0.328284
v 0.232830 1.053789 -0.297719
v 0.246020 1.064093 -0.286097
v 0.270378 1.037077 -0.323642
v 0.276076 0.705926 -0.213927
v 0.260300 0.657288 -0.192119
v 0.290136 0.857417 -0.261159
v 0.287575 0.781920 -0.239359
v 0.278515 0.983574 -0.305480
v 0.287610 0.922449 -0.282821
v 0.270195 1.034803 -0.327992
v 0.208202 1.034436 -0.223447
v 0.206471 1.083117 -0.256439
v 0.209216 0.977231 -0.186668
v 0.207550 0.917604 -0.153640
v 0.203419 0.840692 -0.114901
v 0.196179 0.761938 -0.081103
v 0.188144 0.705947 -0.062705
v 0.162048 0.697494 -0.108435
v 0.170251 0.750960 -0.124970
v 0.180502 0.828556 -0.152194
v 0.187734 0.902591 -0.183136
v 0.191832 0.964133 -0.212590
v 0.194202 1.021900 -0.243113
v 0.194296 1.070299 -0.272375
v 0.098970 0.713670 -0.089367
v 0.036452 0.727012 -0.080624
v 0.101972 0.767803 -0.102576
v 0.034790 0.780360 -0.093418
v 0.036759 0.782607 -0.086439
v 0.038212 0.728780 -0.073463
v 0.115716 0.777754 -0.068211
v 0.111547 0.720763 -0.052319
v 0.136770 0.930093 -0.135469
v 0.064194 0.929631 -0.140543
v 0.125510 0.856790 -0.098225
v 0.047116 0.858682 -0.111273
v 0.044856 0.856164 -0.118068
v 0.061664 0.926807 -0.147123
v 0.110981 0.845674 -0.127223
v 0.122612 0.918669 -0.157360
v 0.076253 0.986128 -0.177425
v 0.091448 1.039369 -0.212410
v 0.133641 0.978934 -0.188268
v 0.143648 1.033788 -0.222698
v 0.152541 1.045403 -0.206286
v 0.094173 1.043200 -0.206393
v 0.145278 0.989774 -0.169202
v 0.078929 0.989434 -0.171118
v 0.149499 1.079794 -0.254974
v 0.101901 1.084625 -0.244432
v 0.104636 1.088801 -0.238623
v 0.156790 1.091940 -0.240326
v 0.032772 0.781855 -0.089122
v 0.034318 0.727811 -0.076200
v 0.060045 0.929223 -0.143132
v 0.043052 0.858229 -0.113929
v 0.089962 1.042417 -0.208760
v 0.074731 0.988883 -0.173623
v 0.100399 1.087793 -0.240894
v 0.238830 0.612641 -0.163383
v 0.220537 0.628487 -0.099693
v 0.212779 0.563638 -0.133044
v 0.197281 0.575150 -0.082514
v 0.233680 0.612412 -0.168936
v 0.208380 0.563293 -0.139145
v 0.198533 0.628758 -0.125492
v 0.180158 0.576023 -0.104297
v 0.212832 0.562380 -0.137583
v 0.238539 0.611586 -0.167687
v 0.177332 0.649432 -0.049399
v 0.162649 0.592035 -0.043103
v 0.154069 0.644514 -0.091757
v 0.143027 0.588478 -0.079191
v 0.045597 0.672945 -0.064262
v 0.058238 0.611867 -0.053771
v 0.109490 0.663142 -0.042731
v 0.108907 0.602729 -0.037181
v 0.043725 0.671692 -0.071497
v 0.100503 0.659351 -0.075206
v 0.055547 0.610989 -0.060748
v 0.100930 0.600748 -0.063656
v 0.042004 0.672919 -0.066873
v 0.054214 0.611881 -0.056218
v 0.254593 1.083946 -0.352403
v 0.226858 1.102851 -0.325573
v 0.238235 1.113070 -0.316298
v 0.259603 1.087795 -0.348037
v 0.247031 1.130230 -0.369715
v 0.228297 1.154089 -0.344824
v 0.219700 1.143664 -0.350440
v 0.242318 1.125595 -0.373138
v 0.259694 1.085310 -0.351653
v 0.247324 1.127415 -0.372725
v 0.203517 1.130478 -0.291012
v 0.198580 1.170750 -0.325137
v 0.193006 1.117646 -0.303695
v 0.190084 1.156434 -0.332990
v 0.153810 1.125647 -0.288103
v 0.111870 1.128486 -0.279192
v 0.114573 1.133055 -0.273643
v 0.160144 1.137440 -0.276241
v 0.162123 1.174740 -0.310879
v 0.123603 1.168748 -0.306401
v 0.121110 1.163421 -0.310964
v 0.157147 1.163186 -0.318353
v 0.110663 1.131819 -0.275206
v 0.119904 1.167180 -0.307364
v 0.209477 1.179777 -0.378952
v 0.230362 1.162252 -0.393293
v 0.234020 1.168267 -0.392625
v 0.217152 1.192944 -0.378044
v 0.213183 1.160394 -0.408896
v 0.192865 1.177151 -0.400901
v 0.194139 1.154817 -0.425717
v 0.175585 1.169208 -0.421468
v 0.215401 1.167504 -0.411945
v 0.195787 1.161230 -0.430155
v 0.197834 1.191428 -0.406577
v 0.178484 1.182112 -0.431794
v 0.137394 1.135849 -0.456366
v 0.149747 1.126385 -0.454471
v 0.157081 1.155047 -0.440763
v 0.172969 1.142532 -0.441175
v 0.138289 1.143366 -0.467760
v 0.158575 1.164500 -0.451413
v 0.150473 1.130933 -0.460835
v 0.174041 1.147999 -0.446798
v 0.120228 1.107091 -0.474622
v 0.088577 1.082412 -0.485841
v 0.113497 1.113300 -0.478503
v 0.103030 1.114021 -0.476897
v 0.119773 1.103241 -0.467836
v 0.113701 1.107432 -0.469257
v 0.090265 1.078173 -0.479972
v 0.104296 1.104561 -0.468674
v 0.234512 1.163962 -0.394418
v 0.197452 1.156891 -0.429204
v 0.216827 1.162826 -0.411533
v 0.152619 1.127465 -0.458498
v 0.175929 1.143895 -0.444982
v 0.122557 1.104164 -0.472305
v 0.088103 1.077886 -0.484013
v 0.121955 1.151188 -0.462614
v 0.138346 1.174110 -0.444606
v 0.155319 1.193284 -0.423182
v 0.173676 1.204258 -0.394072
v 0.190480 1.206643 -0.362764
v 0.184866 1.192266 -0.364962
v 0.171037 1.190317 -0.390736
v 0.155887 1.180702 -0.414420
v 0.139901 1.164402 -0.435667
v 0.124169 1.143291 -0.453493
v 0.128348 1.194087 -0.340965
v 0.157019 1.196148 -0.352043
v 0.160137 1.210737 -0.348798
v 0.129892 1.200763 -0.339212
v 0.136041 1.181548 -0.401184
v 0.147071 1.191442 -0.377411
v 0.117514 1.178730 -0.386411
v 0.123805 1.188286 -0.363049
v 0.132811 1.196365 -0.408366
v 0.116335 1.186025 -0.389399
v 0.147005 1.207290 -0.380504
v 0.123726 1.196113 -0.364920
v 0.110172 1.162130 -0.408963
v 0.103654 1.140770 -0.430828
v 0.123692 1.165467 -0.423636
v 0.112373 1.143658 -0.443531
v 0.107937 1.168628 -0.412889
v 0.119296 1.176758 -0.431265
v 0.100600 1.146497 -0.435252
v 0.106808 1.153190 -0.451612
v 0.093483 1.115437 -0.460903
v 0.096568 1.118583 -0.469819
v 0.097047 1.110333 -0.456179
v 0.100752 1.111473 -0.462615
v 0.126334 1.197721 -0.338927
v 0.114279 1.182847 -0.386539
v 0.121219 1.192663 -0.362491
v 0.099763 1.143960 -0.431385
v 0.106535 1.165551 -0.409386
v 0.092792 1.113453 -0.457037
v 0.184066 0.515466 -0.101339
v 0.171246 0.522378 -0.067929
v 0.180233 0.514959 -0.107825
v 0.159013 0.523941 -0.084124
v 0.182794 0.512157 -0.105108
v 0.144265 0.533938 -0.043598
v 0.131639 0.533014 -0.067648
v 0.073542 0.549958 -0.044645
v 0.107933 0.542137 -0.035452
v 0.102187 0.541675 -0.054975
v 0.070221 0.549291 -0.051393
v 0.069780 0.547426 -0.047137
v 0.284088 0.336414 0.113428
v 0.283663 0.374501 0.096266
v 0.106336 0.391886 0.204608
v 0.111067 0.428364 0.184801
vn -0.3512 0.4049 -0.8442
vn 0.1416 0.3016 -0.9429
vn -0.1611 0.7201 -0.6749
vn 0.2100 0.6734 -0.7089
vn 0.6691 0.1791 -0.7213
vn 0.0654 0.7402 -0.6692
vn 0.9420 0.2496 -0.2242
vn 0.7200 0.6091 -0.3325
vn -0.1214 0.7520 -0.6479
vn 0.6196 0.5219 -0.5863
vn 0.8022 0.5682 0.1835
vn -0.2220 0.6423 -0.7336
vn 0.4126 0.6826 -0.6031
vn 0.5063 0.7051 0.4965
vn 0.3060 0.9518 -0.0216
vn 0.4764 0.8677 -0.1417
vn -0.0166 0.6024 -0.7980
vn 0.2280 0.7071 -0.6694
vn 0.6025 0.6009 -0.5253
vn -0.0190 0.7839 0.6206
vn 0.3284 0.9122 -0.2452
vn -0.3883 0.3187 -0.8647
vn 0.2690 0.4859 -0.8316
vn 0.5437 0.7862 -0.2937
vn 0.6402 0.6432 -0.4199
vn 0.0009 0.9897 0.1430
vn 0.3517 0.8972 -0.2670
vn 0.4435 0.8445 -0.3002
vn -0.0998 0.2313 -0.9678
vn 0.5335 0.4395 -0.7226
vn 0.6943 0.4957 -0.5218
vn -0.6020 0.6431 0.4733
vn -0.5442 0.7790 0.3115
vn 0.2204 0.9589 -0.1788
vn 0.3606 0.8957 -0.2602
vn 0.5846 0.6809 -0.4412
vn 0.6401 0.5890 -0.4933
vn -0.5135 -0.1138 -0.8505
vn 0.6750 0.4391 -0.5929
vn 0.2451 0.1341 -0.9602
vn -0.7379 0.6731 0.0489
vn -0.2949 0.9524 0.0768
vn 0.0738 0.9928 -0.0948
vn 0.2094 0.9615 -0.1776
vn 0.6005 0.6934 -0.3983
vn 0.7831 0.1169 -0.6109
vn -0.2017 -0.1907 -0.9607
vn 0.7262 0.0695 -0.6840
vn -0.8570 0.5080 0.0869
vn -0.6465 0.7573 0.0929
vn -0.5537 0.8145 0.1731
vn -0.1758 0.9844 -0.0031
vn 0.0144 0.9962 -0.0857
vn 0.2118 0.9603 -0.1816
vn 0.7961 0.1488 -0.5866
vn 0.7650 0.0947 -0.6370
vn 0.5517 0.0867 -0.8295
vn 0.1662 -0.2646 -0.9499
vn -0.7510 0.4161 -0.5128
vn -0.5661 0.7162 -0.4082
vn -0.6624 0.7448 0.0808
vn -0.5829 0.8063 0.1003
vn -0.4969 0.8644 0.0770
vn -0.3608 0.9315 0.0462
vn 0.0022 0.9948 -0.1015
vn 0.3809 0.8968 -0.2249
vn 0.8954 0.1938 -0.4009
vn 0.8408 0.1565 -0.5182
vn 0.7414 -0.4424 -0.5046
vn 0.7273 -0.4236 -0.5400
vn 0.7128 -0.4052 -0.5725
vn 0.6810 -0.3694 -0.6324
vn 0.4946 -0.3185 -0.8087
vn -0.5932 0.7873 -0.1680
vn -0.8403 0.5324 0.1019
vn -0.7638 0.6081 0.2163
vn -0.3340 0.9414 0.0463
vn 0.6200 0.7156 -0.3216
vn 0.2306 0.9618 -0.1478
vn 0.7804 -0.4652 -0.4178
vn -0.6681 0.7363 -0.1070
vn -0.8190 0.5532 0.1522
vn -0.7866 0.5831 0.2031
vn -0.7408 0.6215 0.2549
vn -0.2883 0.9536 0.0873
vn 0.9379 0.2273 -0.2619
vn 0.0492 0.9970 -0.0597
vn 0.6352 0.7343 -0.2394
vn 0.8454 -0.4346 -0.3104
vn -0.3342 0.7821 -0.5260
vn -0.6151 0.7042 -0.3546
vn -0.8603 0.5051 -0.0689
vn -0.9402 0.0981 0.3261
vn -0.6991 0.6313 0.3357
vn 0.0991 0.9950 -0.0155
vn 0.3975 0.9010 -0.1739
vn 0.9682 0.2368 -0.0802
vn 0.9008 -0.4109 -0.1407
vn -0.5140 0.7723 -0.3732
vn -0.9600 0.1048 0.2596
vn -0.8075 0.4633 -0.3651
vn -0.9307 0.1029 0.3511
vn -0.6079 0.6590 0.4429
vn -0.1878 0.9718 0.1423
vn 0.2393 0.9659 -0.0985
vn 0.6540 0.7393 -0.1607
vn 0.9169 -0.3951 0.0566
vn -0.4441 0.6872 -0.5749
vn -0.9750 0.1269 0.1824
vn -0.9098 0.0954 0.4039
vn -0.4480 0.6577 0.6056
vn -0.0992 0.9702 0.2210
vn 0.4173 0.9009 -0.1191
vn 0.9486 0.2664 0.1708
vn 0.8850 -0.3240 0.3344
vn -0.6360 0.4026 -0.6583
vn -0.9934 0.1141 -0.0118
vn -0.8633 0.1106 0.4924
vn -0.7723 0.1162 0.6246
vn -0.6063 0.0454 0.7939
vn 0.1382 0.9900 0.0290
vn 0.2664 0.9632 -0.0342
vn 0.6939 0.7172 -0.0642
vn 0.6849 -0.2687 0.6773
vn -0.9478 0.0621 -0.3128
vn -0.3386 0.0036 0.9409
vn 0.0075 0.9586 0.2848
vn 0.1922 0.9509 0.2428
vn 0.3475 0.9215 0.1733
vn 0.5330 0.8410 0.0930
vn 0.7617 0.4207 0.4927
vn -0.7743 -0.0150 -0.6326
vn 0.0439 -0.0617 0.9971
vn -0.1847 0.6426 0.7436
vn 0.3826 -0.1652 0.9090
vn 0.4796 0.5652 0.6712
vn 0.1775 0.6234 0.7615
vn -0.4724 -0.1509 -0.8684
vn -0.0446 -0.2293 -0.9723
vn -0.4702 -0.1157 -0.8749
vn 0.5302 -0.2774 -0.8012
vn 0.0046 -0.1824 -0.9832
vn 0.9601 -0.2072 -0.1877
vn 0.6018 -0.2253 -0.7662
vn 0.0290 -0.1031 -0.9942
vn -0.4709 -0.0419 -0.8812
vn 0.9748 -0.1536 -0.1620
vn -0.4563 0.0802 -0.8862
vn 0.8759 -0.0258 0.4818
vn 0.6493 -0.1354 -0.7483
vn 0.0528 -0.0249 -0.9983
vn 0.4935 0.1178 0.8618
vn 0.8863 0.0280 0.4622
vn 0.9813 -0.0730 -0.1783
vn 0.6603 -0.0652 -0.7482
vn 0.4913 0.1620 0.8558
vn 0.9813 -0.0008 -0.1925
vn -0.1453 0.2109 0.9666
vn -0.1357 0.2495 0.9588
vn 0.8948 0.0987 0.4354
vn -0.7153 0.2083 0.6670
vn -0.6895 0.2190 0.6904
vn 0.4979 0.2374 0.8341
vn -0.9905 0.1151 0.0752
vn -0.9812 0.1498 0.1219
vn -0.6848 0.3203 0.6546
vn 0.8948 0.1529 0.4194
vn -0.8405 -0.0025 -0.5418
vn -0.1238 0.3743 0.9190
vn -0.9622 0.2397 0.1296
vn -0.8308 -0.0368 -0.5554
vn 0.5106 0.3064 0.8034
vn -0.8337 0.0769 -0.5469
vn -0.9298 0.3468 0.1232
vn -0.0881 0.5027 0.8599
vn -0.8182 0.1911 -0.5423
vn -0.6545 0.5071 0.5608
vn -0.2857 0.3845 -0.8778
vn -0.1028 0.7019 -0.7048
vn -0.6392 0.5453 -0.5424
vn -0.3243 0.8401 -0.4348
vn -0.0866 0.7411 -0.6658
vn -0.1958 0.8217 -0.5353
vn -0.7762 0.6301 0.0201
vn -0.1542 0.6211 -0.7684
vn -0.4939 0.8694 -0.0151
vn -0.3233 0.2984 -0.8980
vn -0.3176 0.6963 -0.6436
vn -0.3356 0.9161 -0.2193
vn -0.3097 0.9305 0.1957
vn -0.5767 0.3801 -0.7231
vn -0.2875 0.8680 -0.4049
vn -0.4974 0.6988 0.5141
vn -0.4036 0.9149 -0.0091
vn -0.4522 -0.1329 -0.8820
vn -0.5306 0.7354 -0.4214
vn 0.0219 0.8117 0.5837
vn -0.5629 0.8255 0.0421
vn -0.3225 0.9437 0.0739
vn -0.7171 -0.0299 -0.6963
vn -0.5941 0.7914 -0.1442
vn 0.2765 0.9610 -0.0065
vn 0.4599 0.7196 0.5203
vn -0.7777 0.4533 -0.4355
vn -0.4924 0.8660 0.0869
vn -0.1163 0.9922 0.0448
vn 0.0673 0.9954 0.0682
vn 0.8365 0.5169 0.1818
vn -0.9158 0.0731 -0.3949
vn -0.8451 0.5226 -0.1131
vn -0.8252 0.5536 0.1118
vn -0.4027 0.9144 0.0416
vn 0.0792 0.9899 -0.1174
vn 0.5615 0.8148 -0.1446
vn -0.9884 0.1443 -0.0480
vn -0.7965 0.5820 0.1640
vn -0.0475 0.9977 -0.0484
vn 0.8481 0.3445 -0.4026
vn 0.9349 0.1635 -0.3150
vn 0.2015 0.9648 -0.1691
vn -0.9664 0.1447 0.2126
vn -0.7751 0.6031 0.1884
vn -0.2951 0.9554 0.0100
vn 0.6925 0.2267 -0.6849
vn 0.7013 0.0216 -0.7125
vn 0.6335 0.6627 -0.3994
vn 0.3492 0.9068 -0.2361
vn 0.0450 0.9929 -0.1097
vn -0.9526 0.1145 0.2818
vn 0.2868 0.4500 -0.8457
vn 0.5319 0.7635 -0.3662
vn 0.6882 0.4945 -0.5309
vn 0.7213 0.3304 -0.6087
vn 0.2087 0.9618 -0.1773
vn -0.2645 0.9633 0.0454
vn 0.0452 0.9941 -0.0984
vn -0.9434 0.0978 0.3170
vn 0.1572 0.1326 -0.9786
vn 0.6317 0.6217 -0.4630
vn 0.7904 0.0909 -0.6059
vn 0.7195 0.3999 -0.5678
vn 0.7645 0.4031 -0.5031
vn 0.5133 0.4420 -0.7356
vn 0.2041 0.9627 -0.1776
vn 0.3856 0.8804 -0.2761
vn -0.7483 0.6307 0.2056
vn 0.8011 0.1198 -0.5864
vn 0.7536 0.0625 -0.6544
vn 0.7140 0.3153 -0.6252
vn 0.5711 0.3496 -0.7427
vn 0.0628 0.9961 -0.0618
vn 0.3788 0.8773 -0.2947
vn -0.7142 0.6418 0.2794
vn -0.6343 0.6712 0.3837
vn -0.9319 0.0798 0.3538
vn 0.6238 0.6425 -0.4450
vn 0.7328 -0.4241 -0.5321
vn 0.7161 0.0467 -0.6964
vn 0.3448 0.4047 -0.8470
vn -0.2056 0.9733 0.1020
vn 0.2214 0.9646 -0.1430
vn -0.8952 0.0578 0.4418
vn 0.1193 0.6405 -0.7586
vn 0.6388 0.6642 -0.3883
vn 0.8255 0.1327 -0.5485
vn 0.6951 -0.4117 -0.5894
vn 0.7494 -0.4214 -0.5107
vn 0.3145 0.5138 -0.7982
vn 0.5841 0.0543 -0.8098
vn -0.5340 0.6867 0.4932
vn 0.3893 0.8909 -0.2342
vn -0.1422 0.9769 0.1594
vn 0.0954 0.9953 -0.0190
vn -0.8308 0.0885 0.5494
vn 0.6540 -0.3814 -0.6532
vn 0.8713 0.1412 -0.4699
vn 0.7760 -0.4307 -0.4609
vn 0.3168 0.1125 -0.9418
vn 0.0905 0.5204 -0.8491
vn 0.3982 0.9016 -0.1689
vn -0.4070 0.6660 0.6252
vn 0.1273 0.9914 0.0296
vn 0.2564 0.9606 -0.1072
vn -0.7180 0.0943 0.6896
vn 0.5104 -0.3552 -0.7831
vn 0.6414 0.7131 -0.2831
vn 0.9220 0.1816 -0.3419
vn 0.8278 -0.4171 -0.3751
vn -0.0127 0.2081 -0.9780
vn -0.0894 0.9712 0.2207
vn 0.2909 0.9556 -0.0467
vn -0.5695 0.0688 0.8191
vn 0.2381 -0.3080 -0.9211
vn 0.4111 0.9048 -0.1109
vn 0.6584 0.7338 -0.1676
vn 0.9690 0.2155 -0.1212
vn 0.8873 -0.4017 -0.2267
vn -0.0455 0.9480 0.3151
vn -0.3124 0.0497 0.9486
vn -0.1200 -0.2192 -0.9683
vn 0.5289 0.8458 0.0700
vn 0.6510 0.7578 -0.0453
vn 0.9045 -0.4261 0.0190
vn -0.1949 0.6233 0.7573
vn 0.2054 0.9432 0.2610
vn 0.9423 0.2909 0.1655
vn 0.8703 -0.3736 0.3208
vn 0.0656 -0.0754 0.9950
vn 0.3901 0.9082 0.1515
vn 0.7768 0.4364 0.4541
vn 0.7030 -0.2673 0.6591
vn 0.2065 0.5940 0.7775
vn 0.5400 0.5463 0.6403
vn 0.4299 -0.1800 0.8848
vn -0.5020 -0.1417 -0.8532
vn -0.4918 -0.1090 -0.8638
vn -0.8174 0.0119 -0.5759
vn -0.4624 -0.0445 -0.8856
vn -0.8107 0.1589 -0.5635
vn -0.8273 0.0772 -0.5565
vn -0.9806 0.1941 -0.0262
vn -0.4170 0.0679 -0.9063
vn -0.9640 0.2634 0.0370
vn -0.6879 0.3071 0.6576
vn -0.7891 0.2378 -0.5664
vn -0.6508 0.3537 0.6718
vn -0.9316 0.3580 0.0626
vn -0.0603 0.2664 0.9620
vn -0.9044 0.4231 0.0545
vn -0.6292 0.4296 0.6478
vn -0.0552 0.3218 0.9452
vn 0.4719 0.1245 0.8728
vn 0.4887 0.1628 0.8572
vn -0.6067 0.4948 0.6221
vn 0.9013 -0.0741 0.4269
vn -0.0470 0.3926 0.9185
vn 0.8940 -0.1134 0.4336
vn 0.5038 0.2355 0.8311
vn -0.0342 0.4428 0.8960
vn 0.9451 -0.2911 -0.1481
vn 0.5064 0.3077 0.8056
vn 0.9348 -0.3066 -0.1794
vn 0.9229 0.0476 0.3821
vn 0.9624 -0.1937 -0.1904
vn 0.6218 -0.3505 -0.7003
vn 0.9205 0.1880 0.3426
vn 0.9631 0.0023 -0.2690
vn 0.6890 -0.1584 -0.7072
vn 0.5751 -0.3735 -0.7279
vn 0.6599 -0.2665 -0.7025
vn -0.0146 -0.2602 -0.9654
vn 0.0633 -0.0840 -0.9945
vn -0.0452 -0.2820 -0.9584
vn 0.0147 -0.1878 -0.9821
vn -0.7612 -0.4469 -0.4699
vn -0.8993 -0.3991 -0.1788
vn -0.5364 -0.5317 -0.6554
vn -0.2788 -0.6010 -0.7491
vn -0.5848 -0.8097 0.0491
vn -0.9139 -0.3974 0.0827
vn -0.2833 -0.9356 -0.2107
vn -0.4890 -0.8659 -0.1055
vn -0.8538 -0.4155 0.3136
vn -0.5292 -0.8256 0.1959
vn 0.0464 -0.6859 -0.7263
vn -0.1943 -0.9596 0.2036
vn -0.3841 -0.9063 -0.1765
vn -0.8746 -0.4120 0.2557
vn -0.8399 -0.4043 0.3622
vn -0.1998 -0.9587 0.2026
vn 0.3278 -0.7411 -0.5860
vn -0.0857 -0.9677 -0.2369
vn -0.4635 -0.8491 0.2533
vn -0.8287 -0.4038 0.3875
vn -0.4437 -0.8573 0.2610
vn -0.1932 -0.9599 0.2031
vn -0.1924 -0.9596 0.2054
vn -0.1962 -0.9587 0.2060
vn 0.0079 -0.9941 -0.1086
vn -0.8086 -0.4079 0.4239
vn -0.4498 -0.8483 0.2796
vn -0.4513 -0.8426 0.2937
vn -0.1927 -0.9596 0.2050
vn -0.1928 -0.9596 0.2050
vn -0.1949 -0.9590 0.2058
vn 0.5115 -0.7763 -0.3685
vn 0.4947 -0.7651 -0.4122
vn -0.7741 -0.3946 0.4951
vn -0.1946 -0.9592 0.2052
vn -0.1949 -0.9592 0.2046
vn -0.4430 -0.8417 0.3087
vn 0.0659 -0.9972 -0.0343
vn -0.1943 -0.9593 0.2047
vn -0.1944 -0.9594 0.2046
vn -0.1942 -0.9594 0.2048
vn -0.4331 -0.8345 0.3405
vn -0.1949 -0.9591 0.2052
vn 0.0868 -0.9962 -0.0117
vn 0.5162 -0.7890 -0.3333
vn -0.6960 -0.3644 0.6187
vn -0.5551 -0.4139 0.7215
vn -0.1943 -0.9594 0.2044
vn -0.1940 -0.9594 0.2047
vn -0.1951 -0.9591 0.2051
vn -0.1940 -0.9594 0.2045
vn 0.0872 -0.9962 0.0087
vn -0.4062 -0.8354 0.3704
vn -0.1946 -0.9594 0.2041
vn 0.5014 -0.8175 -0.2834
vn 0.0736 -0.9967 0.0341
vn -0.3780 -0.8276 0.4150
vn -0.3584 -0.4449 0.8207
vn -0.1940 -0.9596 0.2040
vn -0.1959 -0.9589 0.2055
vn 0.0718 -0.9958 0.0564
vn -0.3139 -0.7985 0.5137
vn 0.0823 -0.9917 0.0988
vn -0.1956 -0.9591 0.2044
vn 0.5163 -0.8268 -0.2233
vn -0.0886 -0.5349 0.8402
vn -0.1968 -0.9579 0.2091
vn -0.1932 -0.9600 0.2027
vn 0.5506 -0.8247 -0.1290
vn -0.1859 -0.8410 0.5081
vn 0.1044 -0.9833 0.1489
vn -0.1917 -0.9599 0.2046
vn -0.1955 -0.9588 0.2061
vn 0.1648 -0.6287 0.7600
vn 0.5939 -0.8045 0.0104
vn 0.0474 -0.9221 0.3839
vn -0.0660 -0.8912 0.4487
vn 0.1234 -0.9757 0.1809
vn 0.4064 -0.6823 0.6078
vn 0.1519 -0.9483 0.2786
vn 0.6143 -0.7800 0.1195
vn 0.6130 -0.7036 0.3593
vn -0.2016 -0.6216 -0.7570
vn 0.1048 -0.7124 -0.6939
vn -0.4860 -0.5474 -0.6813
vn -0.7095 -0.4666 -0.5282
vn -0.0596 -0.9736 -0.2203
vn 0.3096 -0.7792 -0.5449
vn -0.3683 -0.9112 -0.1846
vn -0.4549 -0.8820 -0.1227
vn -0.2470 -0.9414 -0.2297
vn 0.4471 -0.8215 -0.3537
vn 0.4149 -0.8144 -0.4057
vn 0.0193 -0.9998 0.0056
vn 0.0177 -0.9963 -0.0846
vn -0.8841 -0.3955 -0.2490
vn -0.1953 -0.9593 0.2041
vn 0.4824 -0.8169 -0.3161
vn 0.0121 -0.9996 0.0272
vn -0.1931 -0.9608 0.1992
vn -0.9359 -0.3467 0.0622
vn -0.5824 -0.8127 0.0178
vn 0.4965 -0.8173 -0.2923
vn -0.1932 -0.9595 0.2049
vn -0.1922 -0.9599 0.2040
vn 0.0331 -0.9989 0.0319
vn -0.1964 -0.9589 0.2047
vn -0.5416 -0.8226 0.1733
vn 0.5126 -0.8203 -0.2538
vn -0.1950 -0.9589 0.2062
vn -0.1949 -0.9588 0.2067
vn 0.0470 -0.9982 0.0381
vn -0.1939 -0.9594 0.2048
vn -0.8944 -0.3316 0.3003
vn -0.8744 -0.3438 0.3424
vn -0.5143 -0.8162 0.2634
vn 0.5561 -0.8097 -0.1873
vn -0.1951 -0.9589 0.2062
vn 0.0549 -0.9971 0.0533
vn -0.1942 -0.9595 0.2043
vn -0.1944 -0.9593 0.2049
vn -0.5066 -0.8110 0.2927
vn -0.1944 -0.9593 0.2048
vn 0.0775 -0.9939 0.0786
vn -0.1937 -0.9595 0.2045
vn -0.1945 -0.9593 0.2046
vn -0.8559 -0.3608 0.3706
vn 0.6151 -0.7791 0.1212
vn -0.1947 -0.9593 0.2046
vn 0.6265 -0.7771 -0.0596
vn -0.1937 -0.9595 0.2044
vn -0.1947 -0.9592 0.2049
vn -0.4914 -0.8156 0.3055
vn 0.5833 -0.7388 0.3377
vn -0.1946 -0.9592 0.2050
vn 0.0870 -0.9893 0.1174
vn -0.1947 -0.9594 0.2042
vn -0.8244 -0.4037 0.3966
vn 0.4298 -0.6967 0.5743
vn 0.1110 -0.9802 0.1642
vn -0.4661 -0.8282 0.3110
vn -0.1928 -0.9598 0.2040
vn -0.1952 -0.9592 0.2046
vn 0.2072 -0.6419 0.7383
vn 0.0847 -0.9255 0.3693
vn 0.1686 -0.9491 0.2662
vn -0.4480 -0.8336 0.3231
vn -0.1939 -0.9597 0.2036
vn -0.4192 -0.8352 0.3559
vn -0.7903 -0.4190 0.4470
vn -0.0395 -0.8995 0.4351
vn -0.1892 -0.9602 0.2053
vn -0.1967 -0.9589 0.2045
vn -0.7345 -0.4237 0.5301
vn -0.0457 -0.5412 0.8397
vn -0.1558 -0.8587 0.4881
vn -0.1925 -0.9597 0.2046
vn -0.3879 -0.8297 0.4015
vn -0.3400 -0.4063 0.8482
vn -0.1959 -0.9586 0.2068
vn -0.6404 -0.4193 0.6435
vn -0.3692 -0.8220 0.4336
vn -0.2964 -0.8084 0.5085
vn -0.5564 -0.4146 0.7200
vn 0.4885 0.1535 0.8589
vn 0.6372 0.1021 0.7639
vn 0.5082 0.3034 0.8061
vn 0.6044 -0.0497 0.7951
vn 0.3234 0.2001 0.9249
vn 0.4559 -0.0020 0.8900
vn 0.2927 0.0476 0.9550
vn 0.6517 0.2513 0.7157
vn 0.4096 -0.1628 0.8976
vn 0.5529 -0.2066 0.8072
vn 0.3486 0.3458 0.8711
vn 0.2540 -0.1133 0.9605
vn 0.7725 -0.2780 0.5709
vn 0.8513 -0.3260 0.4110
vn 0.9017 -0.1807 0.3927
vn 0.7605 -0.4957 0.4195
vn 0.8233 -0.1340 0.5515
vn 0.6860 -0.4439 0.5765
vn 0.6737 -0.2425 0.6981
vn 0.5909 -0.4085 0.6957
vn 0.9517 -0.2349 0.1979
vn 0.7891 -0.5677 0.2348
vn 0.8929 -0.3929 0.2198
vn 0.7261 -0.0927 0.6813
vn 0.8527 0.0023 0.5224
vn 0.4617 -0.5994 0.6539
vn 0.5782 -0.7114 0.3996
vn 0.5434 -0.6297 0.5552
vn 0.9573 -0.2885 -0.0198
vn 0.9300 -0.0478 0.3645
vn 0.9810 -0.0971 0.1681
vn 0.5949 -0.7645 0.2482
vn 0.7678 -0.6387 0.0503
vn 0.5928 -0.8005 0.0881
vn 0.4762 -0.3768 0.7945
vn 0.3749 -0.5490 0.7470
vn 0.9887 -0.1410 -0.0502
vn 0.8885 -0.4586 0.0132
vn 0.9170 -0.3289 -0.2258
vn 0.8639 0.1425 0.4830
vn 0.9407 0.0906 0.3270
vn 0.5615 -0.8258 -0.0535
vn 0.7574 0.0514 0.6509
vn 0.2650 -0.5031 0.8226
vn 0.3441 -0.3375 0.8762
vn 0.9500 -0.1759 -0.2579
vn 0.9962 0.0142 -0.0859
vn 0.9577 -0.0132 -0.2874
vn 0.7184 -0.6856 -0.1178
vn 0.8450 -0.5035 -0.1805
vn 0.8550 0.2866 0.4323
vn 0.9908 0.0468 0.1272
vn 0.9318 0.2349 0.2767
vn 0.8792 -0.0343 -0.4752
vn 0.8357 -0.3558 -0.4183
vn 0.8690 -0.2003 -0.4525
vn 0.6451 -0.7118 -0.2777
vn 0.7663 -0.5305 -0.3625
vn 0.5054 -0.8422 -0.1880
vn 0.8246 0.4269 0.3713
vn 0.9771 0.1725 -0.1248
vn 0.9380 0.1526 -0.3112
vn 0.7463 -0.2139 -0.6303
vn 0.8644 0.1348 -0.4844
vn 0.7613 -0.0506 -0.6465
vn 0.7143 -0.3672 -0.5958
vn 0.6529 -0.5385 -0.5326
vn 0.5483 -0.7171 -0.4303
vn 0.4220 -0.8517 -0.3106
vn 0.9002 0.3785 0.2155
vn 0.9776 0.1955 0.0778
vn 0.9387 0.3438 0.0245
vn 0.7569 0.1177 -0.6428
vn 0.5969 -0.2165 -0.7725
vn 0.6177 -0.0599 -0.7842
vn 0.8928 0.3097 -0.3270
vn 0.8262 0.2951 -0.4799
vn 0.5671 -0.3625 -0.7396
vn 0.4346 -0.7009 -0.5655
vn 0.3198 -0.8513 -0.4159
vn 0.7637 0.5833 0.2768
vn 0.6870 0.6117 0.3924
vn 0.7336 0.4818 0.4793
vn 0.9318 0.3241 -0.1636
vn 0.8584 0.5120 -0.0328
vn 0.8606 0.4712 -0.1929
vn 0.6244 0.1045 -0.7741
vn 0.4513 -0.0565 -0.8906
vn 0.4689 0.1014 -0.8774
vn 0.7764 0.4245 -0.4659
vn 0.7341 0.2776 -0.6197
vn 0.5169 -0.5271 -0.6745
vn 0.2985 -0.6710 -0.6787
vn 0.1995 -0.8411 -0.5028
vn 0.8249 0.5505 0.1283
vn 0.5960 0.6449 0.4784
vn 0.8323 0.4431 -0.3332
vn 0.4274 -0.2074 -0.8799
vn 0.3993 -0.3468 -0.8487
vn 0.6170 0.2604 -0.7427
vn 0.2869 0.1144 -0.9511
vn 0.4748 0.2551 -0.8423
vn 0.3025 0.2699 -0.9141
vn 0.3587 -0.5031 -0.7863
vn 0.1327 -0.6336 -0.7622
vn 0.0606 -0.8163 -0.5745
vn 0.6281 0.5342 0.5658
vn 0.4916 0.6789 0.5454
vn 0.6948 0.4183 -0.5850
vn 0.2654 -0.0395 -0.9633
vn 0.2129 -0.3217 -0.9226
vn 0.2405 -0.1864 -0.9526
vn 0.3109 0.4590 -0.8323
vn 0.1242 0.3028 -0.9449
vn 0.1535 0.4764 -0.8657
vn 0.5890 0.4225 -0.6889
vn 0.4583 0.4392 -0.7727
vn 0.1788 -0.4696 -0.8646
vn -0.0508 -0.6021 -0.7968
vn -0.0961 -0.7790 -0.6196
vn 0.5079 0.5790 0.6379
vn 0.0795 -0.0046 -0.9968
vn 0.0239 -0.2927 -0.9559
vn 0.0526 -0.1543 -0.9866
vn 0.1035 0.1503 -0.9832
vn 0.0081 0.4934 -0.8698
vn -0.2352 -0.7419 -0.6279
vn -0.0104 -0.4412 -0.8974
vn 0.6485 0.3987 0.6484
vn 0.5148 0.4484 0.7307
vn -0.0919 0.0377 -0.9951
vn -0.1528 -0.2607 -0.9533
vn -0.1229 -0.1166 -0.9855
vn -0.0275 0.3487 -0.9368
vn -0.0592 0.1965 -0.9787
vn -0.2139 -0.5774 -0.7879
vn -0.3675 -0.7015 -0.6106
vn -0.1841 -0.4152 -0.8909
vn -0.2585 0.0855 -0.9622
vn -0.3262 -0.2223 -0.9188
vn -0.2957 -0.0729 -0.9525
vn -0.1666 0.3953 -0.9033
vn -0.2145 0.2455 -0.9454
vn -0.1198 0.5204 -0.8455
vn -0.3679 -0.5486 -0.7508
vn -0.4960 -0.6579 -0.5667
vn -0.3518 -0.3826 -0.8543
vn -0.4187 0.1346 -0.8981
vn -0.4923 -0.1764 -0.8524
vn -0.4623 -0.0245 -0.8864
vn -0.2984 0.4379 -0.8481
vn -0.3627 0.2924 -0.8849
vn -0.2375 0.5523 -0.7991
vn -0.5132 -0.5099 -0.6903
vn -0.5110 -0.3399 -0.7895
vn 0.7103 0.6820 0.1745
vn 0.7531 0.6545 0.0675
vn 0.7383 0.6726 0.0501
vn 0.6859 0.7180 0.1185
vn 0.6248 0.7596 0.1807
vn 0.6531 0.7061 0.2735
vn 0.7336 0.6783 -0.0417
vn 0.7735 0.6321 -0.0464
vn 0.5860 0.8078 0.0636
vn 0.6619 0.7495 0.0053
vn 0.4915 0.8622 0.1223
vn 0.5378 0.8064 0.2457
vn 0.6347 0.7651 -0.1088
vn 0.7178 0.6806 -0.1472
vn 0.5716 0.7360 0.3627
vn 0.7809 0.6002 -0.1728
vn 0.4368 0.8995 -0.0071
vn 0.5401 0.8394 -0.0606
vn 0.4643 0.7709 0.4360
vn 0.3775 0.9076 0.1838
vn 0.4252 0.8496 0.3120
vn 0.7620 0.5713 -0.3049
vn 0.5897 0.7733 -0.2327
vn 0.6829 0.6785 -0.2707
vn 0.3765 0.9165 -0.1350
vn 0.3217 0.9454 0.0519
vn 0.2606 0.9623 -0.0774
vn 0.7083 0.5508 -0.4415
vn 0.4857 0.8540 -0.1865
vn 0.6223 0.6688 -0.4067
vn 0.5262 0.7683 -0.3646
vn 0.1949 0.9594 -0.2038
vn 0.4205 0.8507 -0.3155
vn 0.3103 0.9138 -0.2620
vn 0.6222 0.5448 -0.5622
vn 0.5419 0.6519 -0.5304
vn 0.2415 0.8915 -0.3833
vn 0.3494 0.8286 -0.4374
vn 0.4514 0.7474 -0.4874
vn 0.1262 0.9375 -0.3243
vn 0.4593 0.6314 -0.6248
vn 0.5199 0.5504 -0.6533
vn 0.2777 0.7907 -0.5455
vn 0.3747 0.7167 -0.5881
vn 0.1717 0.8512 -0.4960
vn 0.0553 0.8973 -0.4380
vn 0.3816 0.6165 -0.6887
vn 0.4130 0.5638 -0.7152
vn 0.0993 0.7918 -0.6026
vn -0.0190 0.8373 -0.5464
vn 0.2980 0.6830 -0.6668
vn 0.2053 0.7379 -0.6430
vn 0.0286 0.7166 -0.6969
vn -0.0937 0.7590 -0.6443
vn 0.2248 0.6365 -0.7378
vn 0.1363 0.6720 -0.7279
vn 0.3058 0.6013 -0.7381
vn 0.3078 0.5725 -0.7599
vn 0.1983 0.5924 -0.7808
vn -0.0438 0.6287 -0.7764
vn -0.1687 0.6611 -0.7311
vn 0.0808 0.6058 -0.7915
vn -0.0602 -0.0181 0.9980
vn -0.2107 0.1664 0.9633
vn -0.2398 0.0145 0.9707
vn -0.0326 0.1331 0.9906
vn -0.2686 -0.1746 0.9473
vn 0.0985 -0.0630 0.9931
vn -0.0913 -0.2014 0.9753
vn 0.0595 -0.2426 0.9683
vn -0.4058 0.1888 0.8943
vn -0.0058 0.2702 0.9628
vn -0.1842 0.2999 0.9360
vn -0.2968 -0.4383 0.8484
vn -0.4542 -0.1797 0.8726
vn -0.4432 -0.4405 0.7807
vn 0.2024 -0.2913 0.9350
vn 0.1300 0.0933 0.9871
vn -0.3789 0.3273 0.8656
vn -0.4342 0.0213 0.9006
vn -0.5972 0.1966 0.7776
vn -0.1256 -0.4209 0.8984
vn 0.0011 -0.4557 0.8901
vn -0.5794 -0.4347 0.6895
vn 0.1352 -0.4743 0.8699
vn 0.1584 0.2383 0.9582
vn -0.1540 0.4322 0.8885
vn 0.0235 0.4048 0.9141
vn -0.6181 0.0116 0.7860
vn -0.5673 0.3446 0.7480
vn -0.7521 0.1920 0.6304
vn -0.6160 -0.2069 0.7601
vn 0.0556 0.5360 0.8424
vn -0.5265 0.4894 0.6952
vn -0.3483 0.4647 0.8141
vn -0.7642 -0.0013 0.6449
vn -0.7217 0.3458 0.5996
vn -0.8769 -0.0177 0.4804
vn -0.8715 0.1769 0.4574
vn -0.6831 -0.4374 0.5849
vn -0.1215 0.5637 0.8170
vn 0.0882 0.6567 0.7490
vn -0.6729 0.4956 0.5491
vn -0.4742 0.6254 0.6197
vn -0.6055 0.6343 0.4806
vn -0.7410 -0.2301 0.6308
vn -0.9535 0.1533 0.2596
vn -0.8415 0.3336 0.4249
vn -0.0870 0.6866 0.7219
vn 0.1174 0.7849 0.6083
vn 0.2536 0.7469 0.6147
vn 0.2376 0.6365 0.7337
vn -0.3112 0.5977 0.7389
vn -0.7097 0.6260 0.3230
vn -0.5242 0.7519 0.3998
vn -0.6149 0.7448 0.2593
vn -0.8392 -0.2486 0.4837
vn -0.7656 -0.4455 0.4640
vn -0.7873 0.4858 0.3796
vn -0.9556 -0.0365 0.2925
vn -0.9242 0.3075 0.2266
vn -0.9906 0.1236 0.0594
vn -0.0385 0.8200 0.5711
vn -0.2650 0.7194 0.6420
vn -0.1933 0.8402 0.5066
vn 0.3764 0.7134 0.5910
vn 0.3765 0.6127 0.6948
vn -0.4127 0.7437 0.5260
vn -0.7865 0.5994 0.1489
vn -0.5215 0.8295 0.1999
vn -0.6850 0.7205 0.1083
vn -0.9111 -0.2617 0.3184
vn -0.8233 -0.4631 0.3282
vn -0.9624 0.2701 0.0274
vn -0.9934 -0.0558 0.1002
vn -0.9867 0.0858 -0.1377
vn -0.9923 -0.0815 -0.0932
vn -0.8685 0.4580 0.1895
vn -0.3338 0.8440 0.4198
vn 0.3670 0.4865 0.7928
vn -0.4391 0.8399 0.3190
vn -0.8293 0.5581 -0.0284
vn -0.5758 0.8148 0.0668
vn -0.7306 0.6809 -0.0514
vn -0.6025 0.7943 -0.0777
vn -0.9523 -0.2681 0.1459
vn -0.8545 -0.4849 0.1864
vn -0.9596 0.2254 -0.1684
vn -0.9514 -0.1169 -0.2849
vn -0.9433 0.0391 -0.3295
vn -0.9091 0.4166 -0.0010
vn -0.5966 0.7684 -0.2315
vn -0.9599 -0.2783 -0.0332
vn -0.8587 -0.5109 0.0400
vn -0.9168 0.1748 -0.3589
vn -0.9096 0.3682 -0.1925
vn -0.8693 0.3146 -0.3813
vn -0.8355 0.5085 -0.2083
vn -0.7413 0.6346 -0.2185
vn -0.5632 0.7317 -0.3839
vn -0.9278 -0.3026 -0.2182
vn -0.8362 -0.5364 -0.1144
vn -0.8663 -0.0149 -0.4993
vn -0.8742 -0.1716 -0.4543
vn -0.7996 0.4535 -0.3938
vn -0.7912 0.2671 -0.5502
vn -0.7211 0.4076 -0.5602
vn -0.7077 0.5852 -0.3959
vn -0.5064 0.6823 -0.5272
vn -0.8532 -0.3517 -0.3852
vn -0.7794 -0.5657 -0.2691
vn -0.8395 0.1241 -0.5291
vn -0.7757 -0.2306 -0.5874
vn -0.7666 -0.0691 -0.6384
vn -0.6320 0.5388 -0.5570
vn -0.6200 0.3716 -0.6910
vn -0.5335 0.5066 -0.6773
vn -0.7033 -0.5958 -0.3878
vn -0.7585 -0.4075 -0.5086
vn -0.7389 0.0756 -0.6696
vn -0.6544 -0.2882 -0.6991
vn -0.6415 -0.1239 -0.7570
vn -0.6898 0.2244 -0.6883
vn -0.4333 0.6311 -0.6434
vn -0.4214 0.4749 -0.7726
vn -0.3425 0.5899 -0.7312
vn -0.6095 -0.6260 -0.4865
vn -0.6449 -0.4621 -0.6087
vn -0.6127 0.0260 -0.7899
vn -0.4994 0.3344 -0.7992
vn -0.5648 0.1811 -0.8051
vn 0.1106 0.8691 0.4821
vn -0.0007 0.9032 0.4292
vn -0.0028 0.8904 0.4553
vn 0.0963 0.9020 0.4210
vn 0.1910 0.8949 0.4032
vn 0.2232 0.8403 0.4940
vn -0.0650 0.9276 0.3679
vn 0.0367 0.9447 0.3260
vn -0.1086 0.9073 0.4061
vn 0.3025 0.8799 0.3665
vn 0.1432 0.9460 0.2908
vn 0.2568 0.9355 0.2428
vn -0.2220 0.9132 0.3417
vn -0.0294 0.9723 0.2318
vn -0.1361 0.9470 0.2908
vn 0.3425 0.8075 0.4802
vn 0.0855 0.9813 0.1726
vn 0.2020 0.9728 0.1133
vn -0.3260 0.9108 0.2532
vn -0.0979 0.9879 0.1200
vn -0.2139 0.9584 0.1892
vn 0.0229 0.9984 0.0509
vn 0.1417 0.9898 -0.0146
vn -0.4131 0.9008 0.1337
vn -0.1698 0.9855 -0.0076
vn -0.2924 0.9543 0.0625
vn -0.0453 0.9960 -0.0766
vn 0.0758 0.9870 -0.1417
vn -0.3556 0.9320 -0.0701
vn -0.4664 0.8846 -0.0038
vn -0.2369 0.9622 -0.1344
vn -0.1139 0.9732 -0.1998
vn -0.4845 0.8638 -0.1381
vn 0.0064 0.9649 -0.2627
vn -0.3974 0.8987 -0.1854
vn -0.2908 0.9244 -0.2468
vn -0.0643 0.9248 -0.3750
vn -0.1791 0.9333 -0.3111
vn -0.4748 0.8409 -0.2598
vn -0.4159 0.8654 -0.2796
vn -0.1378 0.8658 -0.4809
vn -0.3295 0.8789 -0.3450
vn -0.2428 0.8777 -0.4130
vn -0.4245 0.8293 -0.3635
vn -0.4550 0.8106 -0.3686
vn -0.2102 0.7911 -0.5744
vn -0.3700 0.8221 -0.4327
vn -0.3047 0.8096 -0.5017
vn -0.4102 0.7824 -0.4687
vn -0.2764 0.7013 -0.6571
vn -0.3569 0.7424 -0.5669
vn 0.4064 -0.8431 0.3523
vn 0.3060 -0.8675 0.3921
vn 0.3648 -0.8596 0.3577
vn 0.3933 -0.7841 0.4802
vn 0.3361 -0.8974 0.2859
vn 0.4139 -0.8695 0.2695
vn 0.2415 -0.9146 0.3245
vn 0.2576 -0.8364 0.4839
vn 0.1610 -0.9154 0.3690
vn 0.2970 -0.9352 0.1927
vn 0.4182 -0.8963 0.1478
vn 0.3446 -0.7379 0.5803
vn 0.0733 -0.9584 0.2759
vn 0.0785 -0.9024 0.4236
vn -0.0171 -0.9496 0.3129
vn 0.1677 -0.9580 0.2326
vn 0.1861 -0.8099 0.5563
vn -0.0841 -0.9693 0.2312
vn -0.1082 -0.9289 0.3543
vn -0.1597 -0.9504 0.2669
vn 0.1032 -0.9824 0.1560
vn 0.2395 -0.9657 0.1002
vn 0.3943 -0.9185 0.0307
vn 0.2789 -0.7012 0.6561
vn 0.0014 -0.9806 0.1962
vn -0.0241 -0.8742 0.4849
vn -0.1944 -0.9593 0.2047
vn 0.3456 -0.9339 -0.0911
vn 0.0500 -0.9959 0.0759
vn 0.1824 -0.9832 0.0028
vn 0.1717 -0.6567 0.7343
vn -0.1246 -0.9778 0.1686
vn -0.0466 -0.9907 0.1276
vn 0.0768 -0.7783 0.6232
vn 0.1303 -0.9865 -0.0991
vn 0.2693 -0.9422 -0.1995
vn -0.0792 -0.9955 0.0512
vn 0.0104 -0.9999 -0.0117
vn -0.1555 -0.9826 0.1014
vn -0.2277 -0.9633 0.1422
vn 0.1873 -0.9404 -0.2839
vn -0.0217 -0.9940 -0.1076
vn 0.0826 -0.9774 -0.1947
vn -0.1877 -0.9822 0.0072
vn -0.2712 -0.9609 0.0559
vn -0.1077 -0.9930 -0.0475
vn 0.0916 -0.9348 -0.3431
vn 0.0210 -0.9643 -0.2641
vn -0.2285 -0.9655 -0.1249
vn -0.3323 -0.9401 -0.0759
vn -0.0553 -0.9783 -0.1996
vn -0.1400 -0.9767 -0.1625
vn 0.0004 -0.9201 -0.3917
vn -0.2857 -0.9123 -0.2934
vn -0.4006 -0.8833 -0.2436
vn -0.0887 -0.9452 -0.3141
vn -0.1846 -0.9299 -0.3182
vn -0.0096 -0.9505 -0.3106
vn -0.1090 -0.8928 -0.4370
vn -0.3307 -0.8299 -0.4493
vn -0.4564 -0.7902 -0.4090
vn -0.2185 -0.8615 -0.4583
vn -0.1825 -0.6044 0.7755
vn -0.3121 -0.6189 0.7208
vn -0.2461 -0.6952 0.6753
vn -0.1399 -0.7123 0.6878
vn -0.0629 -0.6107 0.7894
vn -0.2961 -0.6534 0.6967
vn -0.3902 -0.6186 0.6820
vn -0.3541 -0.6820 0.6399
vn -0.0396 -0.7395 0.6720
vn -0.2173 -0.7973 0.5631
vn -0.1314 -0.8369 0.5313
vn -0.2884 -0.7492 0.5963
vn 0.0419 -0.6273 0.7777
vn -0.4963 -0.6109 0.6169
vn -0.3429 -0.7987 0.4945
vn -0.4234 -0.7104 0.5622
vn -0.1916 -0.8952 0.4025
vn -0.2661 -0.8525 0.4500
vn -0.5836 -0.6133 0.5323
vn -0.3815 -0.8311 0.4046
vn -0.4800 -0.7412 0.4693
vn -0.2308 -0.9235 0.3064
vn -0.3026 -0.8857 0.3521
vn -0.6596 -0.6202 0.4245
vn -0.4231 -0.8482 0.3186
vn -0.5347 -0.7594 0.3707
vn -0.2629 -0.9346 0.2396
vn -0.3364 -0.9003 0.2763
vn -0.5885 -0.7622 0.2697
vn -0.7093 -0.6368 0.3024
vn -0.3809 -0.9014 0.2060
vn -0.4724 -0.8492 0.2359
vn -0.3012 -0.9371 0.1762
vn -0.6340 -0.7537 0.1729
vn -0.7335 -0.6530 0.1884
vn -0.3570 -0.9294 0.0940
vn -0.5269 -0.8363 0.1516
vn -0.4408 -0.8891 0.1233
vn -0.4297 -0.9027 -0.0217
vn -0.5734 -0.8166 0.0662
vn -0.5048 -0.8629 0.0246
vn -0.7306 -0.6782 0.0787
vn -0.6513 -0.7545 0.0808
vn -0.5055 -0.8437 -0.1807
vn -0.6288 -0.7767 -0.0371
vn -0.5798 -0.8065 -0.1155
vn -0.7177 -0.6960 -0.0234
vn -0.6657 -0.7457 0.0260
vn -0.5641 -0.7571 -0.3296
vn -0.6879 -0.7122 -0.1401
vn -0.6381 -0.7306 -0.2430
vn -0.6736 -0.0572 -0.7369
vn -0.6133 0.7882 0.0522
vn -0.7029 0.0016 -0.7113
vn 0.0695 0.7445 0.6640
vn -0.5895 0.8051 0.0659
vn 0.1070 0.7189 0.6868
vn -0.5527 0.8296 0.0789
vn -0.7168 0.0176 -0.6971
vn 0.4132 0.4346 0.8002
vn -0.7269 0.0448 -0.6853
vn 0.4128 0.4400 0.7975
vn 0.1702 0.7026 0.6909
vn -0.4928 0.8682 0.0583
vn 0.5804 0.0199 0.8141
vn 0.4645 0.3994 0.7904
vn -0.7241 0.0590 -0.6871
vn 0.5820 -0.0215 0.8129
vn 0.2419 0.7073 0.6643
vn 0.6114 0.0225 0.7910
vn -0.4094 0.9123 0.0054
vn 0.4886 -0.4788 0.7294
vn 0.5236 0.3816 0.7618
vn 0.6507 0.0150 0.7592
vn -0.7181 0.0797 -0.6913
vn 0.1885 -0.8249 0.5329
vn 0.4973 -0.4536 0.7395
vn 0.3245 0.7099 0.6251
vn 0.7022 0.0171 0.7118
vn -0.3012 0.9505 -0.0760
vn 0.2451 -0.7838 0.5706
vn 0.5652 -0.3763 0.7341
vn 0.5922 0.3625 0.7197
vn -0.7212 0.0852 -0.6875
vn -0.4458 -0.8881 -0.1122
vn 0.3418 -0.7159 0.6088
vn 0.6196 -0.3285 0.7128
vn 0.4061 0.7189 0.5642
vn 0.7451 0.0101 0.6669
vn -0.1837 0.9684 -0.1688
vn -0.4084 -0.9089 -0.0842
vn 0.4365 -0.6735 0.5965
vn 0.6489 0.3427 0.6793
vn 0.6818 -0.2907 0.6714
vn -0.7437 0.0774 -0.6640
vn -0.6548 0.0530 -0.7540
vn -0.6754 -0.0499 -0.7358
vn -0.3297 -0.9423 -0.0585
vn 0.5069 0.7164 0.4794
vn 0.5425 -0.6476 0.5351
vn 0.7809 0.0017 0.6246
vn 0.7113 0.3268 0.6223
vn -0.1245 0.9613 -0.2457
vn -0.6724 -0.1044 -0.7328
vn 0.7425 -0.2767 0.6100
vn -0.2270 -0.9714 -0.0692
vn 0.7487 0.3261 0.5771
vn -0.7624 0.0795 -0.6422
vn 0.5765 0.7123 0.4004
vn -0.6801 -0.1364 -0.7203
vn 0.6916 -0.6385 0.3377
vn 0.7860 -0.2761 0.5532
vn 0.6364 -0.6406 0.4297
vn -0.0843 0.9412 -0.3273
vn 0.8032 -0.0055 0.5957
vn 0.7808 0.3501 0.5174
vn -0.6927 -0.1633 -0.7025
vn -0.1114 -0.9861 -0.1229
vn 0.7182 -0.6504 0.2475
vn 0.8129 -0.2912 0.5044
vn -0.0248 -0.9715 -0.2359
vn 0.0188 -0.9387 -0.3442
vn -0.7763 0.0578 -0.6278
vn 0.6175 0.7240 0.3075
vn -0.7181 -0.1536 -0.6787
vn 0.7040 -0.6867 0.1813
vn 0.8271 -0.0065 0.5620
vn 0.0190 -0.9026 -0.4301
vn -0.0627 0.9113 -0.4070
vn -0.7334 -0.1211 -0.6690
vn 0.8176 -0.3281 0.4731
vn 0.8093 0.3749 0.4522
vn -0.0316 -0.8741 -0.4847
vn -0.7970 0.0277 -0.6033
vn 0.6420 0.7356 0.2162
vn -0.7582 -0.0980 -0.6446
vn 0.6493 -0.7484 0.1349
vn 0.8242 -0.3630 0.4347
vn -0.1141 -0.8597 -0.4978
vn -0.0583 0.8850 -0.4620
vn 0.8537 0.0059 0.5207
vn 0.8385 0.3925 0.3779
vn -0.7817 -0.0515 -0.6216
vn -0.2290 -0.8531 -0.4689
vn -0.8389 -0.0163 -0.5440
vn 0.6533 0.7478 0.1184
vn 0.5778 -0.8092 0.1065
vn 0.8334 -0.3868 0.3946
vn -0.8016 -0.0173 -0.5976
vn -0.0760 0.8504 -0.5206
vn 0.8786 -0.0073 0.4776
vn -0.3418 -0.8640 -0.3698
vn -0.8319 0.0378 -0.5537
vn -0.8915 -0.0010 -0.4531
vn 0.6360 0.7717 -0.0033
vn 0.5131 -0.8477 0.1345
vn 0.8213 -0.4285 0.3767
vn -0.8715 0.0533 -0.4876
vn -0.1512 0.8019 -0.5780
vn 0.8654 0.4288 0.2591
vn 0.4318 -0.8951 0.1110
vn 0.8095 -0.5016 0.3052
vn -0.9006 0.1056 -0.4216
vn -0.9379 -0.1019 -0.3315
vn 0.9055 -0.0470 0.4217
vn 0.5921 0.7842 -0.1856
vn -0.4165 -0.8608 -0.2923
vn -0.2629 0.7562 -0.5992
vn 0.3271 -0.9443 0.0355
vn 0.9486 -0.0440 0.3135
vn 0.8909 0.4445 0.0929
vn -0.8795 0.2997 -0.3697
vn -0.7179 -0.0044 -0.6962
vn -0.4645 -0.8368 -0.2899
vn 0.8375 0.5439 -0.0522
vn 0.4886 0.8075 -0.3304
vn 0.7474 -0.6284 0.2155
vn 0.0996 -0.2210 -0.9702
vn 0.8447 -0.1493 -0.5140
vn 0.9857 -0.0153 0.1680
vn -0.5038 -0.3574 -0.7864
vn -0.9555 0.2526 0.1523
vn -0.6993 -0.2316 -0.6763
vn -0.3280 0.5052 0.7982
vn -0.8768 0.3460 0.3340
vn -0.1258 0.5019 0.8557
vn -0.7900 -0.1653 -0.5904
vn 0.2439 0.4364 0.8661
vn -0.7914 0.4706 0.3901
vn 0.1165 0.4758 0.8718
vn 0.0751 0.5454 0.8348
vn -0.8116 -0.1462 -0.5656
vn 0.6606 0.1419 0.7372
vn 0.4120 0.4220 0.8076
vn -0.7327 0.5876 0.3434
vn 0.6559 0.1141 0.7462
vn 0.7250 0.1597 0.6700
vn 0.1641 0.5962 0.7859
vn -0.8286 -0.1300 -0.5445
vn 0.7983 -0.3460 0.4930
vn 0.5087 0.4356 0.7426
vn -0.6928 0.6681 0.2713
vn 0.7224 -0.6113 0.3233
vn 0.8118 -0.3129 0.4930
vn 0.7715 0.1775 0.6110
vn 0.2129 0.6724 0.7089
vn -0.8302 -0.1403 -0.5395
vn 0.7647 -0.5492 0.3369
vn 0.8526 -0.2009 0.4824
vn 0.5783 0.4552 0.6770
vn -0.6482 0.7464 0.1508
vn 0.0769 -0.9615 -0.2637
vn 0.1593 -0.9610 -0.2259
vn 0.8204 -0.4448 0.3594
vn 0.8777 -0.1312 0.4609
vn 0.7988 0.1974 0.5682
vn 0.2524 0.7445 0.6181
vn -0.8151 -0.1555 -0.5580
vn -0.8133 -0.0468 -0.5800
vn -0.7506 -0.2034 -0.6287
vn 0.2387 -0.9416 -0.2375
vn 0.8598 -0.3886 0.3312
vn 0.6102 0.4896 0.6228
vn -0.6102 0.7903 0.0547
vn -0.7454 -0.2546 -0.6161
vn 0.8930 -0.0837 0.4421
vn 0.2829 -0.9181 -0.2778
vn 0.8135 0.2219 0.5376
vn 0.6301 0.5102 0.5854
vn 0.2812 0.7821 0.5560
vn -0.8202 -0.1587 -0.5496
vn -0.7505 -0.2754 -0.6007
vn 0.8817 -0.3544 0.3115
vn 0.8238 0.2425 0.5124
vn 0.3134 0.8147 0.4879
vn -0.5639 0.8256 -0.0194
vn -0.7544 -0.2858 -0.5909
vn 0.3015 -0.8994 -0.3166
vn 0.9063 -0.0408 0.4206
vn -0.5109 0.8537 -0.1003
vn -0.8217 -0.1731 -0.5430
vn 0.6526 0.5273 0.5441
vn -0.7468 -0.3018 -0.5927
vn 0.9072 -0.3193 0.2739
vn 0.3465 0.8423 0.4129
vn -0.4301 0.8895 -0.1542
vn -0.8291 -0.1880 -0.5265
vn 0.8441 0.2421 0.4784
vn -0.7452 -0.3062 -0.5923
vn 0.3407 -0.8592 -0.3816
vn 0.9429 -0.2643 0.2024
vn 0.4213 0.8464 0.3256
vn -0.8849 -0.1107 -0.4524
vn 0.9224 -0.0020 0.3863
vn 0.6678 0.5585 0.4921
vn -0.7682 -0.2931 -0.5692
vn 0.3837 -0.7892 -0.4795
vn -0.3076 0.9232 -0.2302
vn 0.9614 -0.2318 0.1485
vn 0.8631 0.2403 0.4441
vn -0.8094 -0.2716 -0.5207
vn 0.3861 -0.7413 -0.5490
vn 0.5499 0.8081 0.2113
vn -0.9160 -0.0586 -0.3968
vn 0.9364 0.0107 0.3509
vn 0.8942 0.2203 0.3897
vn 0.7264 0.5485 0.4142
vn -0.8562 -0.2555 -0.4490
vn 0.3319 -0.7600 -0.5588
vn -0.2198 0.9117 -0.3470
vn 0.9645 -0.2428 0.1041
vn 0.9440 -0.0048 0.3300
vn 0.8115 0.4905 0.3176
vn -0.9035 -0.2145 -0.3711
vn 0.2618 -0.8176 -0.5129
vn 0.6401 0.7660 0.0593
vn -0.2108 0.8582 -0.4681
vn -0.9527 -0.0344 -0.3020
vn 0.9512 -0.2976 0.0809
vn 0.9571 -0.0402 0.2871
vn -0.9361 -0.1467 -0.3198
vn 0.1530 -0.9010 -0.4059
vn 0.9343 0.1292 0.3322
vn 0.6728 0.7264 -0.1404
vn -0.9764 -0.0488 -0.2105
vn 0.9199 -0.3847 0.0754
vn 0.9589 -0.1310 0.2517
vn -0.9629 -0.0433 -0.2664
vn 0.0563 -0.9528 -0.2984
vn 0.8714 0.4502 0.1950
vn -0.2260 0.7797 -0.5839
vn 0.8696 -0.4849 0.0927
vn 0.9443 -0.2433 0.2217
vn -0.9747 0.0214 -0.2227
vn -0.0600 -0.9761 -0.2090
vn 0.9660 0.0579 0.2520
vn 0.9047 0.4252 0.0281
vn 0.5846 0.7310 -0.3520
vn -0.0807 -0.3518 -0.9326
vn -0.8485 -0.1385 -0.5108
vn -0.0615 -0.9888 -0.1363
vn 0.8138 -0.5724 0.1010
vn 0.9900 0.0070 0.1412
vn 0.8739 0.4566 -0.1665
vn 0.7191 -0.0293 -0.6943
vn 0.9281 -0.3263 0.1793
vn 0.9990 -0.0073 0.0440
vn 0.7984 -0.5967 0.0805
vn 0.9429 -0.3152 0.1074
vn -0.2653 -0.1846 -0.9463
vn -0.2052 -0.1537 -0.9666
vn 0.6892 0.3817 -0.6159
vn 0.6961 0.4039 -0.5935
vn 0.6999 0.4387 -0.5636
vn 0.8096 0.5136 0.2843
vn -0.1807 -0.1497 -0.9721
vn 0.7974 0.5035 0.3327
vn -0.1545 -0.1338 -0.9789
vn 0.6086 0.3736 0.7000
vn 0.6739 0.5041 -0.5402
vn 0.6092 0.3788 0.6967
vn 0.7633 0.5175 0.3867
vn -0.1507 -0.1200 -0.9813
vn 0.3502 0.0917 0.9322
vn 0.5609 0.3694 0.7409
vn 0.6151 0.5926 -0.5201
vn 0.3296 0.0573 0.9424
vn 0.7117 0.5606 0.4233
vn 0.5034 0.3879 0.7721
vn 0.2736 0.1327 0.9527
vn 0.3195 0.1136 0.9408
vn -0.1472 -0.0985 -0.9842
vn 0.1007 -0.3578 0.9284
vn 0.6445 0.6101 0.4609
vn 0.4307 0.4129 0.8025
vn 0.2145 0.1693 0.9619
vn 0.1158 -0.3345 0.9352
vn 0.5203 0.6942 -0.4974
vn 0.1573 0.1935 0.9684
vn 0.1153 -0.2359 0.9649
vn -0.0652 -0.7457 0.6631
vn -0.1403 -0.0960 -0.9854
vn 0.5644 0.6695 0.4830
vn 0.0956 -0.1650 0.9817
vn 0.3645 0.4315 0.8252
vn -0.0445 -0.6934 0.7192
vn 0.4033 0.7852 -0.4699
vn 0.0525 -0.0943 0.9942
vn 0.2849 0.4598 0.8411
vn -0.2825 -0.9390 -0.1960
vn -0.0300 -0.5999 0.7995
vn -0.1157 -0.1186 -0.9862
vn 0.4519 0.7336 0.5076
vn -0.0644 -0.5172 0.8534
vn 0.1047 0.2127 0.9715
vn -0.2884 -0.9463 -0.1457
vn 0.3143 0.8244 -0.4707
vn -0.1486 -0.4319 0.8896
vn -0.0160 -0.0400 0.9991
vn 0.2329 0.4871 0.8417
vn -0.2603 -0.1795 -0.9487
vn -0.3215 -0.9448 -0.0627
vn -0.0895 -0.1305 -0.9874
vn 0.3577 0.7805 0.5126
vn -0.2690 -0.3581 0.8941
vn 0.0691 0.2236 0.9722
vn -0.2365 -0.0776 -0.9685
vn -0.3911 -0.9202 0.0150
vn -0.2844 -0.2255 -0.9318
vn 0.2246 0.8447 -0.4858
vn -0.3634 -0.3092 0.8788
vn -0.0789 -0.0062 0.9969
vn 0.1838 0.5364 0.8237
vn -0.4927 -0.8671 0.0727
vn -0.2861 -0.2594 -0.9224
vn -0.0820 -0.1589 -0.9839
vn 0.2738 0.8313 0.4838
vn -0.6990 -0.7147 0.0240
vn -0.1353 0.0047 0.9908
vn -0.6119 -0.7882 0.0652
vn -0.2790 -0.2924 -0.9147
vn 0.1406 0.8478 -0.5113
vn 0.0321 0.2416 0.9698
vn -0.4493 -0.2860 0.8464
vn -0.7473 -0.6634 -0.0370
vn -0.2153 -0.2828 -0.9347
vn -0.2447 -0.3013 -0.9216
vn -0.0676 -0.1999 -0.9775
vn 0.1988 0.8739 0.4435
vn 0.1326 0.5861 0.7993
vn -0.1781 -0.0174 0.9839
vn -0.5093 -0.3081 0.8036
vn -0.7517 -0.6494 -0.1154
vn -0.1747 -0.2801 -0.9439
vn 0.0850 0.8402 -0.5355
vn 0.0709 0.6321 0.7716
vn -0.0059 0.2742 0.9616
vn -0.2261 -0.0352 0.9735
vn -0.5468 -0.3752 0.7485
vn -0.7161 -0.6719 -0.1890
vn -0.1249 -0.2565 -0.9584
vn -0.0233 -0.2708 -0.9623
vn 0.1253 0.9126 0.3892
vn -0.0562 0.2844 0.9570
vn -0.5625 -0.4533 0.6914
vn -0.6372 -0.7257 -0.2595
vn -0.0818 -0.2419 -0.9668
vn 0.0333 0.8163 -0.5767
vn -0.2716 -0.0420 0.9615
vn -0.0147 0.7035 0.7105
vn -0.5145 -0.8101 -0.2812
vn -0.0092 -0.2189 -0.9757
vn 0.0769 -0.3032 -0.9498
vn 0.0526 0.9537 0.2960
vn -0.5287 -0.5226 0.6689
vn -0.1292 0.2759 0.9525
vn 0.0664 -0.2394 -0.9687
vn 0.0031 0.7538 -0.6571
vn -0.2985 -0.0790 0.9511
vn -0.1448 0.7678 0.6241
vn -0.4195 -0.8599 -0.2908
vn 0.1539 -0.2235 -0.9625
vn 0.1441 -0.4396 -0.8865
vn -0.0585 0.9872 0.1481
vn -0.5299 -0.5950 0.6043
vn -0.2297 0.3237 0.9179
vn 0.2721 -0.0596 -0.9604
vn 0.0187 0.6683 -0.7436
vn -0.3805 -0.1302 0.9156
vn -0.1835 0.8625 0.4715
vn -0.3841 -0.8619 -0.3311
vn -0.1896 -0.1693 -0.9672
vn -0.1083 0.9938 -0.0242
vn -0.5602 -0.6674 0.4906
vn -0.3436 0.3995 0.8499
vn -0.8798 0.0847 -0.4678
vn -0.4771 -0.2463 0.8436
vn -0.8531 0.3805 0.3569
vn -0.5202 -0.3523 -0.7780
vn -0.2875 -0.3601 -0.8875
vn 0.6798 -0.2577 -0.6866
vn 0.8227 -0.1844 -0.5377
vn -0.1497 -0.3651 -0.9189
vn 0.9879 0.0946 0.1232
vn 0.8821 -0.0516 -0.4683
vn 0.9347 0.1709 0.3118
vn -0.1121 -0.3645 -0.9244
vn 0.7386 0.2820 0.6123
vn 0.8729 0.0866 -0.4802
vn 0.8209 0.2560 0.5104
vn 0.8444 0.3053 0.4402
vn -0.0808 -0.3634 -0.9281
vn 0.3106 0.2512 0.9168
vn 0.6089 0.3605 0.7066
vn 0.8367 0.1908 -0.5133
vn 0.3067 0.2231 0.9253
vn 0.7890 0.4012 0.4654
vn 0.5207 0.4319 0.7364
vn 0.2377 0.3118 0.9199
vn -0.0810 -0.3741 -0.9238
vn -0.1622 -0.0462 0.9857
vn 0.7430 0.5070 0.4370
vn 0.1795 0.3623 0.9146
vn 0.7608 0.3067 -0.5720
vn -0.1533 -0.0117 0.9881
vn 0.4475 0.4960 0.7441
vn -0.1090 -0.3759 -0.9202
vn -0.3762 -0.2684 0.8868
vn -0.1291 0.1055 0.9860
vn 0.6890 0.6082 0.3941
vn 0.6907 0.3843 -0.6126
vn -0.3573 -0.1991 0.9125
vn -0.1252 0.1818 0.9753
vn 0.1436 0.4019 0.9043
vn -0.1017 -0.3829 -0.9182
vn 0.6459 0.6683 0.3690
vn -0.6861 -0.6972 0.2078
vn -0.3187 -0.0893 0.9437
vn 0.4074 0.5529 0.7268
vn 0.6292 0.4533 -0.6314
vn -0.6761 -0.7265 0.1226
vn -0.3326 -0.0165 0.9429
vn -0.7233 -0.6414 0.2559
vn 0.1248 0.4368 0.8908
vn -0.1027 -0.3975 -0.9118
vn 0.5944 0.7270 0.3438
vn -0.2146 -0.3707 -0.9036
vn -0.1248 0.2339 0.9642
vn -0.7636 -0.5915 0.2590
vn 0.3793 0.5885 0.7140
vn 0.5562 0.5207 -0.6477
vn -0.0766 -0.2767 -0.9579
vn -0.2310 -0.4151 -0.8799
vn -0.3422 0.0275 0.9392
vn -0.2266 -0.4389 -0.8695
vn 0.1104 0.4652 0.8783
vn -0.0935 -0.4175 -0.9038
vn 0.5349 0.7835 0.3162
vn -0.1275 0.2818 0.9510
vn -0.7930 -0.5578 0.2449
vn -0.2221 -0.4520 -0.8639
vn 0.3454 0.6231 0.7017
vn 0.4939 0.6012 -0.6282
vn -0.4118 0.1585 0.8974
vn -0.3664 0.0781 0.9272
vn -0.8421 -0.4901 0.2251
vn -0.2344 -0.4617 -0.8555
vn 0.0750 0.4821 0.8729
vn 0.0239 -0.3944 -0.9186
vn 0.4358 0.8419 0.3182
vn -0.1431 0.3306 0.9329
vn -0.9040 -0.3873 0.1810
vn -0.2369 -0.4649 -0.8531
vn 0.3134 0.6691 0.6738
vn 0.3946 0.7041 -0.5904
vn -0.1706 0.3561 0.9187
vn -0.4462 0.2075 0.8705
vn -0.9355 -0.3289 0.1290
vn -0.2026 -0.4696 -0.8593
vn 0.2225 0.7057 0.6726
vn 0.0394 0.4973 0.8667
vn 0.1044 -0.3770 -0.9203
vn -0.1971 0.3512 0.9153
vn -0.4862 0.2099 0.8482
vn -0.9260 -0.3674 0.0865
vn -0.1367 -0.4815 -0.8657
vn 0.2716 0.8949 0.3540
vn 0.2599 0.7620 -0.5931
vn -0.0254 0.5073 0.8614
vn -0.5226 0.1623 0.8370
vn -0.8849 -0.4597 0.0753
vn -0.0533 -0.5060 -0.8609
vn 0.2042 -0.3955 -0.8955
vn 0.0953 0.9360 0.3388
vn 0.0831 0.7178 0.6912
vn -0.2518 0.3370 0.9072
vn -0.7913 -0.6063 0.0785
vn 0.0464 -0.5110 -0.8584
vn 0.1398 0.7487 -0.6480
vn -0.1294 0.4612 0.8778
vn -0.5520 0.0746 0.8305
vn 0.1315 -0.4799 -0.8674
vn 0.2778 -0.4402 -0.8538
vn -0.0889 0.9641 0.2503
vn -0.0559 0.7396 0.6707
vn -0.3211 0.2684 0.9082
vn -0.6886 -0.7203 0.0836
vn 0.0237 0.7018 -0.7120
vn -0.2089 0.7727 0.5994
vn -0.2375 0.4334 0.8693
vn -0.3883 0.1725 0.9052
vn -0.5613 -0.0384 0.8267
vn 0.2319 -0.4161 -0.8792
vn -0.0499 -0.3877 -0.9204
vn -0.2049 0.9774 0.0530
vn -0.3556 0.4270 0.8314
vn -0.5689 -0.1409 0.8103
vn -0.5772 -0.8147 0.0563
vn -0.8267 -0.1190 -0.5500
vn -0.4507 0.1040 0.8866
vn -0.3269 0.8314 0.4494
vn -0.5274 -0.8434 0.1027
vn 0.3000 -0.3764 -0.8765
vn -0.8750 0.4682 0.1233
vn -0.5883 -0.1639 0.7918
vn -0.4397 0.4417 0.7820
vn -0.5068 0.1372 0.8511
vn -0.6200 0.0143 -0.7845
vn -0.6116 0.0040 -0.7911
vn -0.5838 0.2625 -0.7683
vn -0.5525 -0.2292 -0.8014
vn -0.5850 0.2361 -0.7759
vn -0.5490 -0.2331 -0.8027
vn -0.6136 0.0009 -0.7896
vn -0.5617 -0.2419 -0.7912
vn -0.5953 0.2138 -0.7745
vn -0.5878 -0.2599 -0.7661
vn -0.6365 -0.0252 -0.7708
vn -0.6283 0.2101 -0.7490
vn -0.6164 -0.2546 -0.7452
vn -0.6834 -0.0315 -0.7294
vn -0.6591 -0.2521 -0.7086
vn -0.6795 0.1976 -0.7066
vn -0.7121 -0.0260 -0.7016
vn -0.7587 -0.0153 -0.6513
vn -0.7292 0.2035 -0.6534
vn -0.7152 -0.2556 -0.6505
vn -0.7834 0.2167 -0.5825
vn -0.8169 0.2343 -0.5270
vn -0.7620 -0.2581 -0.5939
vn -0.8007 0.0078 -0.5990
vn -0.8303 0.2572 -0.4945
vn -0.8004 -0.2607 -0.5399
vn -0.8331 -0.0008 -0.5532
vn -0.8437 -0.0047 -0.5368
vn -0.8386 0.2611 -0.4781
vn -0.8164 -0.2686 -0.5112
vn -0.8393 0.2982 -0.4545
vn -0.8401 -0.2844 -0.4619
vn -0.8615 0.0334 -0.5067
vn -0.8992 0.0600 -0.4335
vn -0.8507 0.3186 -0.4181
vn -0.8926 -0.2772 -0.3556
vn -0.9280 0.0349 -0.3710
vn -0.8406 0.4031 -0.3618
vn -0.9295 -0.2670 -0.2543
vn -0.8086 0.5200 -0.2752
vn -0.9394 -0.3064 -0.1538
vn -0.9642 0.0342 -0.2631
vn -0.7119 -0.1320 -0.6898
vn -0.7283 -0.1154 -0.6755
vn -0.8271 0.1353 -0.5455
vn -0.3424 -0.4034 -0.8485
vn -0.8101 0.1039 -0.5770
vn -0.4921 -0.3235 -0.8082
vn -0.7450 -0.1418 -0.6519
vn -0.5819 -0.3198 -0.7477
vn -0.8232 0.0636 -0.5642
vn -0.6315 -0.3419 -0.6959
vn -0.7666 -0.1726 -0.6185
vn -0.8469 0.0260 -0.5311
vn -0.7816 -0.1989 -0.5912
vn -0.6615 -0.3567 -0.6596
vn -0.8637 0.0012 -0.5040
vn -0.7935 -0.2110 -0.5708
vn -0.6749 -0.3803 -0.6324
vn -0.8789 -0.0231 -0.4764
vn -0.8071 -0.2195 -0.5481
vn -0.6830 -0.4056 -0.6075
vn -0.8967 -0.0415 -0.4407
vn -0.8281 -0.2277 -0.5123
vn -0.7045 -0.4346 -0.5610
vn -0.9148 -0.0424 -0.4016
vn -0.8390 -0.2263 -0.4948
vn -0.7109 -0.4605 -0.5315
vn -0.9266 -0.0172 -0.3757
vn -0.7337 -0.4984 -0.4618
vn -0.8724 -0.2294 -0.4316
vn -0.9478 0.0230 -0.3179
vn -0.8333 -0.4332 -0.3434
vn -0.9233 -0.1852 -0.3365
vn -0.9606 0.0886 -0.2634
vn -0.8999 -0.3560 -0.2521
vn -0.9580 0.1696 -0.2314
vn -0.9447 -0.3057 -0.1191
vn -0.9565 -0.1054 -0.2720
vn -0.9766 -0.0724 -0.2026
vn -0.9488 0.2499 -0.1934
vn -0.8989 -0.4353 0.0501
vn -0.9211 0.3670 -0.1303
vn -0.9864 -0.1620 -0.0272
vn -0.2936 -0.0876 -0.9519
vn -0.1846 0.1379 -0.9731
vn -0.3072 -0.0910 -0.9473
vn -0.4498 -0.2613 -0.8541
vn -0.2018 0.1165 -0.9725
vn -0.4542 -0.2627 -0.8513
vn -0.3066 -0.0949 -0.9471
vn -0.4436 -0.2788 -0.8518
vn -0.2061 0.0924 -0.9742
vn -0.4207 -0.3121 -0.8518
vn -0.2936 -0.1322 -0.9467
vn -0.1731 0.0680 -0.9826
vn -0.3890 -0.3255 -0.8618
vn -0.1228 0.0239 -0.9921
vn -0.2433 -0.1689 -0.9551
vn -0.0566 -0.0064 -0.9984
vn -0.2063 -0.1839 -0.9611
vn -0.3402 -0.3516 -0.8721
vn -0.1415 -0.2079 -0.9678
vn 0.0284 -0.0367 -0.9989
vn -0.2716 -0.3940 -0.8781
vn 0.0941 -0.0500 -0.9943
vn -0.0717 -0.2197 -0.9729
vn -0.2081 -0.4309 -0.8781
vn 0.1353 -0.0442 -0.9898
vn -0.0260 -0.2527 -0.9672
vn -0.1505 -0.4635 -0.8732
vn 0.1534 -0.0484 -0.9870
vn -0.1250 -0.4844 -0.8659
vn -0.0104 -0.2648 -0.9643
vn 0.1886 -0.0226 -0.9818
vn -0.0839 -0.5204 -0.8498
vn 0.0381 -0.2473 -0.9682
vn 0.2307 -0.0188 -0.9728
vn 0.0242 -0.5634 -0.8259
vn 0.1233 -0.2591 -0.9579
vn 0.3072 0.0449 -0.9506
vn 0.1724 -0.3085 -0.9355
vn 0.1227 -0.5954 -0.7940
vn 0.4111 0.1393 -0.9009
vn 0.2705 -0.3511 -0.8964
vn 0.1850 -0.6573 -0.7306
vn -0.2461 -0.2774 -0.9287
vn 0.0394 -0.1352 -0.9900
vn -0.2200 -0.2740 -0.9362
vn -0.6640 -0.3031 -0.6836
vn -0.0066 -0.1469 -0.9891
vn -0.5265 -0.3128 -0.7905
vn -0.2064 -0.3098 -0.9281
vn -0.4370 -0.3650 -0.8220
vn -0.0093 -0.1904 -0.9817
vn -0.1852 -0.3540 -0.9167
vn -0.3848 -0.4189 -0.8225
vn 0.0095 -0.2412 -0.9704
vn 0.0265 -0.2766 -0.9606
vn -0.1697 -0.3899 -0.9051
vn -0.3501 -0.4539 -0.8194
vn 0.0433 -0.3109 -0.9495
vn -0.1542 -0.4105 -0.8987
vn -0.3341 -0.4866 -0.8072
vn 0.0701 -0.3432 -0.9366
vn -0.1347 -0.4293 -0.8930
vn -0.3231 -0.5179 -0.7920
vn -0.1016 -0.4544 -0.8850
vn 0.1077 -0.3615 -0.9261
vn -0.2913 -0.5636 -0.7730
vn -0.0826 -0.4624 -0.8828
vn 0.1443 -0.3514 -0.9250
vn -0.2779 -0.5956 -0.7536
vn -0.0206 -0.4952 -0.8685
vn 0.2163 -0.3403 -0.9151
vn -0.2320 -0.6550 -0.7191
vn 0.0953 -0.5030 -0.8590
vn 0.2936 -0.3028 -0.9067
vn -0.0661 -0.6727 -0.7370
vn 0.3536 -0.2397 -0.9042
vn 0.1962 -0.4651 -0.8633
vn 0.0695 -0.6585 -0.7494
vn 0.4148 -0.1756 -0.8928
vn 0.2730 -0.4623 -0.8436
vn 0.2140 -0.6673 -0.7134
vn 0.5031 -0.0774 -0.8608
vn 0.3688 -0.5850 -0.7223
vn 0.2606 -0.7971 -0.5447
vn -0.3437 -0.2506 -0.9050
vn -0.6896 -0.1653 -0.7051
vn -0.3423 -0.2798 -0.8970
vn -0.3506 -0.2690 -0.8970
vn -0.6837 -0.2397 -0.6893
vn -0.3741 -0.2841 -0.8828
vn -0.6877 -0.1116 -0.7173
vn -0.3338 -0.3389 -0.8796
vn -0.6959 -0.0872 -0.7128
vn -0.5021 -0.2466 -0.8289
vn -0.6772 -0.3150 -0.6650
vn -0.3490 -0.3951 -0.8498
vn -0.3701 -0.3246 -0.8704
vn -0.4962 -0.2022 -0.8443
vn -0.6796 -0.3730 -0.6317
vn -0.5089 -0.3125 -0.8021
vn -0.3644 -0.3451 -0.8649
vn -0.7095 -0.0689 -0.7013
vn -0.4947 -0.1921 -0.8476
vn -0.3383 -0.4426 -0.8305
vn -0.2689 -0.2423 -0.9322
vn -0.5127 -0.3676 -0.7759
vn -0.6845 -0.0268 -0.7285
vn -0.2504 -0.2262 -0.9413
vn -0.6847 -0.4120 -0.6012
vn -0.2834 -0.2921 -0.9135
vn -0.3084 -0.3569 -0.8818
vn -0.5145 -0.4184 -0.7485
vn -0.3426 -0.3496 -0.8720
vn -0.4893 -0.1580 -0.8577
vn -0.6201 -0.2073 -0.7566
vn -0.3015 -0.4734 -0.8276
vn -0.3277 -0.4241 -0.8443
vn -0.6358 -0.1595 -0.7552
vn -0.6439 -0.1857 -0.7423
vn -0.5147 -0.4627 -0.7219
vn -0.6356 -0.0256 -0.7716
vn -0.4791 -0.1022 -0.8718
vn -0.2270 -0.2194 -0.9489
vn -0.6350 -0.1803 -0.7512
vn -0.6965 -0.4423 -0.5650
vn -0.6619 -0.2365 -0.7113
vn -0.6580 -0.2986 -0.6913
vn -0.3280 -0.4827 -0.8121
vn -0.4756 -0.0846 -0.8756
vn -0.2399 -0.1656 -0.9566
vn -0.6313 -0.2431 -0.7364
vn -0.3342 -0.5078 -0.7940
vn -0.3205 -0.5257 -0.7880
vn -0.6703 -0.3390 -0.6602
vn -0.2948 -0.1320 -0.9464
vn -0.6393 -0.2594 -0.7239
vn -0.6896 -0.5091 -0.5150
vn -0.5134 -0.5076 -0.6920
vn -0.6995 -0.3492 -0.6234
vn -0.6569 -0.2515 -0.7108
vn -0.2422 -0.8879 -0.3911
vn -0.3016 -0.5656 -0.7676
vn -0.5073 -0.5843 -0.6334
vn -0.5772 -0.8145 -0.0595
vn -0.6746 -0.4015 -0.6194
vn -0.2978 -0.6314 -0.7160
vn 0.0201 -0.9841 0.1763
vn -0.5884 -0.7799 -0.2135
vn -0.3896 -0.8956 -0.2147
vn -0.3563 -0.8059 0.4728
vn 0.0921 -0.9243 0.3703
vn -0.1472 -0.9486 -0.2800
vn -0.2883 -0.6998 0.6536
vn -0.3279 -0.8755 0.3549
vn -0.1367 -0.9420 0.3065
vn 0.1279 -0.8205 0.5571
vn -0.1881 -0.8369 0.5141
vn 0.1543 -0.9653 0.2108
vn -0.2381 -0.5511 0.7998
vn 0.3073 -0.8857 0.3481
vn -0.0105 -0.8632 0.5047
vn 0.1450 -0.7143 0.6847
vn -0.0164 -0.7755 0.6312
vn 0.1008 -0.7506 0.6531
vn -0.2040 -0.3786 0.9028
vn 0.1205 -0.7067 0.6972
vn 0.4622 -0.7696 0.4405
vn 0.1736 -0.6267 0.7597
vn 0.6030 -0.6305 0.4888
vn -0.0746 -0.2996 0.9512
vn 0.2037 -0.6361 0.7442
vn 0.2036 -0.6084 0.7671
vn -0.0860 -0.9167 0.3901
vn 0.6149 -0.5147 0.5974
vn 0.2722 -0.4895 0.8284
vn 0.6595 -0.6266 -0.4152
vn 0.6342 -0.5929 -0.4963
vn 0.6880 -0.6358 -0.3499
vn 0.9192 -0.3442 0.1912
vn 0.9025 -0.3619 0.2335
vn 0.6384 -0.5288 -0.5593
vn 0.8459 -0.1546 0.5104
vn 0.8886 -0.3843 0.2505
vn 0.6951 -0.3970 -0.5994
vn 0.9439 -0.2709 0.1891
vn 0.8205 -0.2174 0.5287
vn 0.8553 -0.0643 0.5141
vn 0.4685 0.0517 0.8819
vn 0.7618 -0.2448 0.5997
vn 0.7356 -0.2625 -0.6245
vn 0.9726 -0.1576 0.1710
vn 0.8544 0.0422 0.5178
vn 0.4881 0.1509 0.8597
vn 0.4420 -0.0552 0.8953
vn 0.9861 -0.0330 0.1626
vn 0.5021 0.2465 0.8289
vn -0.0837 0.1355 0.9872
vn -0.0867 0.0657 0.9941
vn 0.4171 -0.1396 0.8981
vn 0.7558 -0.1931 -0.6257
vn 0.8377 0.1477 0.5257
vn 0.5091 0.3147 0.8011
vn -0.0438 0.2163 0.9754
vn -0.4141 0.0490 0.9089
vn -0.0181 -0.0014 0.9998
vn 0.9824 0.0663 0.1748
vn 0.8182 0.2359 0.5244
vn 0.0082 0.3063 0.9519
vn -0.4458 0.0817 0.8914
vn -0.4050 0.0194 0.9141
vn 0.7564 -0.1537 -0.6357
vn 0.9754 0.1501 0.1612
vn 0.5133 0.3796 0.7697
vn -0.4005 0.2709 0.8753
vn -0.4254 0.1564 0.8914
vn -0.9106 -0.1367 0.3902
vn -0.8789 -0.1468 0.4539
vn 0.7458 -0.1472 -0.6497
vn 0.1191 0.4541 0.8830
vn 0.8051 0.3000 0.5117
vn -0.3561 0.3858 0.8511
vn -0.9608 0.1198 0.2500
vn -0.9443 -0.1003 0.3134
vn 0.0704 0.3872 0.9193
vn 0.9686 0.2059 0.1394
vn 0.5147 0.4317 0.7407
vn -0.9371 0.2595 0.2335
vn -0.9644 -0.0286 0.2629
vn 0.7395 -0.1608 -0.6537
vn -0.2995 0.4663 0.8324
vn 0.1451 0.5060 0.8503
vn 0.7932 0.3576 0.4930
vn -0.9156 0.3285 0.2317
vn 0.7709 -0.1143 -0.6266
vn 0.1630 0.5543 0.8162
vn -0.2557 0.5880 0.7674
vn -0.2680 0.5382 0.7991
vn 0.9648 0.2345 0.1192
vn -0.9055 0.3649 0.2168
vn 0.5143 0.4815 0.7097
vn -0.2559 0.6155 0.7454
vn 0.7864 0.3955 0.4745
vn -0.9080 0.3689 0.1986
vn 0.7601 -0.0981 -0.6423
vn 0.1696 0.5880 0.7909
vn 0.9523 0.2883 0.0999
vn -0.9143 0.3553 0.1946
vn 0.5132 0.5100 0.6903
vn 0.7829 0.4428 0.4371
vn -0.2400 0.6604 0.7115
vn 0.9391 0.3371 0.0671
vn 0.5098 0.5601 0.6530
vn -0.8873 0.4032 0.2240
vn 0.1648 0.6357 0.7542
vn 0.7409 -0.1254 -0.6597
vn 0.7719 0.5021 0.3899
vn -0.8867 0.4158 0.2024
vn 0.1615 0.6926 0.7030
vn -0.2362 0.7038 0.6700
vn 0.6705 -0.4194 -0.6120
vn 0.8285 0.4909 -0.2696
vn 0.5008 0.6309 0.5925
vn -0.3676 0.8641 0.3438
vn 0.6613 0.7501 -0.0028
vn -0.9033 0.3877 0.1837
vn 0.0312 0.9468 0.3204
vn 0.6756 -0.4665 -0.5708
vn 0.6281 0.3842 -0.6767
vn -0.9690 0.0922 0.2290
vn 0.3801 0.9051 0.1903
vn 0.5754 0.2520 -0.7781
vn 0.4507 0.7473 -0.4883
vn -0.6292 0.7766 -0.0318
vn 0.6780 -0.5651 -0.4701
vn 0.3640 0.6202 -0.6949
vn 0.1440 0.9449 -0.2941
vn -0.2372 0.9620 -0.1355
vn -0.9620 0.0446 0.2692
vn 0.5377 0.0792 -0.8394
vn -0.0025 0.8521 -0.5233
vn -0.4106 0.8619 -0.2975
vn -0.7416 0.6630 -0.1026
vn 0.6716 -0.6142 -0.4144
vn 0.2919 0.4580 -0.8397
vn -0.8494 0.5120 -0.1280
vn -0.9324 -0.0625 0.3560
vn 0.5300 -0.0724 -0.8449
vn -0.1211 0.7255 -0.6775
vn -0.5603 0.7239 -0.4025
vn -0.9099 -0.1207 0.3968
vn 0.6644 -0.6283 -0.4048
vn 0.2519 0.2903 -0.9232
vn -0.9195 0.3799 -0.1014
vn 0.4787 -0.1618 -0.8629
vn -0.2205 0.5810 -0.7834
vn -0.6813 0.5816 -0.4445
vn -0.9057 -0.1383 0.4007
vn -0.4796 -0.1048 -0.8712
vn 0.1714 0.1557 -0.9728
vn -0.7427 0.4410 -0.5039
vn -0.9499 0.2841 -0.1301
vn -0.4602 -0.7812 -0.4219
vn -0.3063 0.4215 -0.8535
vn 0.2141 0.5133 0.8311
vn 0.1872 0.3773 0.9070
vn 0.7690 0.1958 0.6085
vn 0.7616 0.3425 0.5502
vt 0.387210 0.841580
vt 0.391424 0.836326
vt 0.388146 0.842260
vt 0.392743 0.836657
vt 0.392571 0.828770
vt 0.393902 0.840249
vt 0.390632 0.823407
vt 0.391749 0.823057
vt 0.390181 0.844014
vt 0.393824 0.828461
vt 0.690462 0.896689
vt 0.684040 0.895355
vt 0.691170 0.895743
vt 0.393784 0.847308
vt 0.395913 0.833686
vt 0.676089 0.896050
vt 0.675704 0.895272
vt 0.385788 0.819891
vt 0.386458 0.818633
vt 0.684455 0.894334
vt 0.397544 0.843586
vt 0.395627 0.837308
vt 0.395515 0.827892
vt 0.985417 0.289866
vt 0.985225 0.295475
vt 0.984144 0.289866
vt 0.380191 0.821407
vt 0.384660 0.814106
vt 0.399647 0.851229
vt 0.400270 0.839030
vt 0.391411 0.815839
vt 0.394123 0.822029
vt 0.812570 0.971968
vt 0.813474 0.971312
vt 0.813474 0.978802
vt 0.383430 0.805678
vt 0.388813 0.813376
vt 0.403548 0.846873
vt 0.401235 0.832781
vt 0.399078 0.819680
vt 0.693541 0.836614
vt 0.689461 0.843432
vt 0.688612 0.843160
vt 0.692820 0.835689
vt 0.378968 0.817787
vt 0.380667 0.795540
vt 0.392785 0.802316
vt 0.396750 0.811568
vt 0.968813 0.038393
vt 0.968528 0.044886
vt 0.962006 0.039308
vt 0.400484 0.826397
vt 0.406412 0.840582
vt 0.687587 0.849229
vt 0.688146 0.834729
vt 0.698992 0.834906
vt 0.694313 0.829870
vt 0.699717 0.830738
vt 0.376347 0.810545
vt 0.701266 0.822403
vt 0.389947 0.790133
vt 0.403894 0.807262
vt 0.961623 0.046337
vt 0.409900 0.848104
vt 0.407249 0.825638
vt 0.688438 0.849450
vt 0.685370 0.848339
vt 0.686228 0.842458
vt 0.690197 0.830629
vt 0.694921 0.821595
vt 0.703134 0.811759
vt 0.372993 0.801367
vt 0.401661 0.797607
vt 0.406057 0.817554
vt 0.407844 0.833303
vt 0.412895 0.841631
vt 0.690149 0.855362
vt 0.689265 0.855516
vt 0.680741 0.847872
vt 0.681047 0.841002
vt 0.682699 0.832269
vt 0.685950 0.822507
vt 0.696059 0.810851
vt 0.376563 0.783636
vt 0.393896 0.775080
vt 0.398567 0.787070
vt 0.407397 0.797282
vt 0.409438 0.806665
vt 0.411936 0.817509
vt 0.413486 0.826148
vt 0.414229 0.834313
vt 0.962749 0.082272
vt 0.955318 0.082381
vt 0.962991 0.081609
vt 0.685579 0.853513
vt 0.674558 0.847656
vt 0.676473 0.819105
vt 0.687406 0.809797
vt 0.385603 0.778290
vt 0.705409 0.798170
vt 0.368760 0.789700
vt 0.893879 0.404589
vt 0.899313 0.404166
vt 0.900132 0.415487
vt 0.694658 0.858007
vt 0.693980 0.858669
vt 0.681056 0.853956
vt 0.674363 0.839793
vt 0.675200 0.829216
vt 0.677988 0.808047
vt 0.689785 0.795817
vt 0.389238 0.767038
vt 0.698209 0.797179
vt 0.381193 0.770015
vt 0.898618 0.390208
vt 0.893562 0.390493
vt 0.688863 0.858650
vt 0.682791 0.858817
vt 0.675124 0.854432
vt 0.670019 0.827090
vt 0.680656 0.793812
vt 0.699873 0.785870
vt 0.372948 0.774611
vt 0.383431 0.759530
vt 0.894516 0.379933
vt 0.899572 0.379682
vt 0.386423 0.845897
vt 0.686829 0.857134
vt 0.668976 0.838623
vt 0.677214 0.860535
vt 0.671091 0.817619
vt 0.684004 0.782932
vt 0.692500 0.784781
vt 0.365712 0.780050
vt 0.706794 0.786745
vt 0.376384 0.763480
vt 0.901878 0.368646
vt 0.896790 0.368888
vt 0.389924 0.849606
vt 0.685927 0.862202
vt 0.668981 0.847320
vt 0.672631 0.806183
vt 0.688662 0.771620
vt 0.695476 0.774709
vt 0.369925 0.766219
vt 0.376215 0.754755
vt 0.822808 0.864535
vt 0.815865 0.863970
vt 0.824840 0.855265
vt 0.817951 0.854675
vt 0.680726 0.865167
vt 0.394793 0.853753
vt 0.669367 0.854031
vt 0.964646 0.018275
vt 0.966721 0.023922
vt 0.958084 0.018481
vt 0.675311 0.792397
vt 0.678390 0.781490
vt 0.682960 0.770453
vt 0.701630 0.775817
vt 0.363315 0.771461
vt 0.707681 0.776450
vt 0.372669 0.759578
vt 0.826140 0.844963
vt 0.960067 0.024136
vt 0.688775 0.762689
vt 0.698269 0.769919
vt 0.702631 0.767130
vt 0.707857 0.766709
vt 0.714143 0.777362
vt 0.713754 0.767974
vt 0.812570 0.853049
vt 0.812697 0.846346
vt 0.367458 0.759202
vt 0.818894 0.844563
vt 0.812570 0.837623
vt 0.968263 0.030800
vt 0.961521 0.031323
vt 0.892381 0.814577
vt 0.885691 0.807642
vt 0.896098 0.812406
vt 0.694097 0.764032
vt 0.826033 0.835743
vt 0.818757 0.835477
vt 0.825376 0.828466
vt 0.700453 0.759295
vt 0.443396 0.966494
vt 0.447848 0.969914
vt 0.443396 0.976972
vt 0.818163 0.828345
vt 0.816789 0.822761
vt 0.724289 0.968042
vt 0.724289 0.978876
vt 0.720337 0.973270
vt 0.956753 0.116227
vt 0.951680 0.115258
vt 0.956442 0.097081
vt 0.363315 0.836612
vt 0.364975 0.830549
vt 0.377316 0.835905
vt 0.951339 0.096746
vt 0.506081 0.968995
vt 0.499937 0.968724
vt 0.505898 0.955742
vt 0.378252 0.830146
vt 0.950587 0.091490
vt 0.956138 0.091371
vt 0.381806 0.835787
vt 0.499937 0.955287
vt 0.955779 0.086299
vt 0.688106 0.931224
vt 0.682627 0.930169
vt 0.687731 0.913293
vt 0.376675 0.824846
vt 0.382355 0.829720
vt 0.949565 0.085565
vt 0.387101 0.835950
vt 0.675905 0.930286
vt 0.682802 0.911925
vt 0.380674 0.824592
vt 0.387742 0.829449
vt 0.688122 0.908217
vt 0.676507 0.911516
vt 0.948583 0.080986
vt 0.385885 0.824038
vt 0.669929 0.931224
vt 0.671082 0.911809
vt 0.683143 0.906534
vt 0.689077 0.901946
vt 0.398765 0.949482
vt 0.405614 0.948394
vt 0.405434 0.961885
vt 0.399025 0.962582
vt 0.676583 0.905860
vt 0.714143 0.852311
vt 0.713021 0.858211
vt 0.699771 0.853340
vt 0.701075 0.847601
vt 0.405614 0.965995
vt 0.683503 0.900281
vt 0.967814 0.115539
vt 0.962203 0.096693
vt 0.966777 0.095584
vt 0.704457 0.842513
vt 0.696939 0.846339
vt 0.700528 0.840631
vt 0.671032 0.905910
vt 0.695370 0.851931
vt 0.962879 0.116385
vt 0.676302 0.899849
vt 0.962029 0.090677
vt 0.966735 0.089407
vt 0.691699 0.850797
vt 0.670099 0.900754
vt 0.962204 0.086005
vt 0.967307 0.084867
vt 0.693317 0.844880
vt 0.696636 0.838570
vt 0.668976 0.896772
vt 0.968248 0.080986
vt 0.308334 0.889372
vt 0.309102 0.890197
vt 0.303450 0.891702
vt 0.303966 0.892709
vt 0.310487 0.892492
vt 0.306826 0.894877
vt 0.759630 0.452851
vt 0.758335 0.453225
vt 0.757976 0.446470
vt 0.313574 0.896225
vt 0.756711 0.446157
vt 0.318774 0.900742
vt 0.309581 0.898955
vt 0.754941 0.451390
vt 0.758493 0.440131
vt 0.314207 0.903434
vt 0.757429 0.456217
vt 0.754007 0.459472
vt 0.755474 0.454420
vt 0.759625 0.440464
vt 0.754981 0.445835
vt 0.386750 0.904773
vt 0.380215 0.906846
vt 0.385263 0.897962
vt 0.748272 0.462001
vt 0.750929 0.456616
vt 0.764376 0.434530
vt 0.749913 0.444973
vt 0.756044 0.439548
vt 0.378545 0.899557
vt 0.749549 0.451232
vt 0.770219 0.432831
vt 0.770247 0.434097
vt 0.382823 0.891242
vt 0.744939 0.457658
vt 0.387382 0.891307
vt 0.750936 0.437893
vt 0.758432 0.432408
vt 0.763637 0.433242
vt 0.021512 0.921428
vt 0.021184 0.920638
vt 0.029394 0.921066
vt 0.376059 0.892570
vt 0.743017 0.451563
vt 0.743150 0.444005
vt 0.752802 0.429288
vt 0.765199 0.428009
vt 0.029680 0.920144
vt 0.373039 0.886973
vt 0.379893 0.885491
vt 0.743868 0.435763
vt 0.760930 0.428909
vt 0.035539 0.921639
vt 0.035166 0.922486
vt 0.307040 0.867278
vt 0.307667 0.866409
vt 0.312497 0.871579
vt 0.771251 0.428728
vt 0.736829 0.450754
vt 0.737082 0.442671
vt 0.745431 0.425155
vt 0.756243 0.419305
vt 0.311668 0.871794
vt 0.314139 0.877080
vt 0.313303 0.877245
vt 0.312119 0.863991
vt 0.301711 0.869095
vt 0.300573 0.865445
vt 0.305622 0.861576
vt 0.765939 0.419368
vt 0.738124 0.433857
vt 0.313232 0.884295
vt 0.309680 0.860648
vt 0.317238 0.860668
vt 0.316266 0.876172
vt 0.773485 0.420545
vt 0.298195 0.858083
vt 0.758401 0.406196
vt 0.768137 0.408389
vt 0.739996 0.422551
vt 0.312324 0.884115
vt 0.312979 0.851740
vt 0.324392 0.857172
vt 0.319801 0.868828
vt 0.314806 0.870789
vt 0.316654 0.881660
vt 0.295265 0.848656
vt 0.304160 0.853912
vt 0.776352 0.410115
vt 0.747105 0.415104
vt 0.322053 0.847590
vt 0.326359 0.867379
vt 0.320845 0.875506
vt 0.321198 0.881614
vt 0.771606 0.394945
vt 0.301898 0.843805
vt 0.749603 0.403857
vt 0.753629 0.390351
vt 0.741490 0.412855
vt 0.310207 0.839939
vt 0.329517 0.856681
vt 0.327025 0.875232
vt 0.320063 0.887253
vt 0.762119 0.392697
vt 0.291635 0.836621
vt 0.779970 0.396805
vt 0.744028 0.401848
vt 0.314061 0.888299
vt 0.306414 0.827340
vt 0.319380 0.837196
vt 0.331785 0.867732
vt 0.327444 0.847672
vt 0.315845 0.885798
vt 0.327210 0.882102
vt 0.757892 0.380514
vt 0.298370 0.831531
vt 0.766135 0.382392
vt 0.774774 0.384124
vt 0.747958 0.388471
vt 0.332725 0.876325
vt 0.315266 0.824317
vt 0.448833 0.817308
vt 0.443396 0.806090
vt 0.448379 0.805678
vt 0.443441 0.791541
vt 0.325875 0.889190
vt 0.317426 0.892127
vt 0.295627 0.822024
vt 0.763373 0.370447
vt 0.777390 0.373926
vt 0.782523 0.385585
vt 0.289127 0.826643
vt 0.752174 0.378657
vt 0.333084 0.883144
vt 0.302646 0.818114
vt 0.310860 0.815037
vt 0.448341 0.791563
vt 0.323034 0.895707
vt 0.770670 0.373498
vt 0.784490 0.375454
vt 0.758099 0.368712
vt 0.331896 0.890322
vt 0.292930 0.813782
vt 0.298757 0.810216
vt 0.287238 0.817747
vt 0.305181 0.806277
vt 0.444276 0.780271
vt 0.449427 0.780338
vt 0.774247 0.367670
vt 0.765204 0.360529
vt 0.329089 0.897172
vt 0.291142 0.806901
vt 0.295606 0.807342
vt 0.975100 0.851484
vt 0.978163 0.847942
vt 0.978163 0.858097
vt 0.446682 0.768499
vt 0.451876 0.768858
vt 0.387382 0.911595
vt 0.380980 0.914045
vt 0.770471 0.362201
vt 0.779544 0.364935
vt 0.948924 0.163369
vt 0.954110 0.170988
vt 0.948583 0.169263
vt 0.262549 0.305937
vt 0.269085 0.305572
vt 0.269085 0.313014
vt 0.959351 0.179586
vt 0.952225 0.178743
vt 0.961006 0.171582
vt 0.854519 0.367464
vt 0.847542 0.359248
vt 0.858321 0.365465
vt 0.785454 0.365768
vt 0.789981 0.367915
vt 0.955062 0.162095
vt 0.948981 0.155847
vt 0.962276 0.162393
vt 0.851629 0.357431
vt 0.948583 0.147362
vt 0.954798 0.145552
vt 0.778131 0.357173
vt 0.955200 0.154078
vt 0.962032 0.145768
vt 0.962469 0.154272
vt 0.292744 0.967985
vt 0.293526 0.948968
vt 0.298597 0.967794
vt 0.293757 0.943317
vt 0.300048 0.944278
vt 0.299401 0.949414
vt 0.304292 0.966642
vt 0.293795 0.938297
vt 0.785028 0.457017
vt 0.772097 0.451397
vt 0.786101 0.450986
vt 0.304523 0.948722
vt 0.300738 0.938504
vt 0.773384 0.445576
vt 0.293593 0.934425
vt 0.305210 0.943763
vt 0.768060 0.449761
vt 0.789981 0.446797
vt 0.301270 0.934058
vt 0.762762 0.448153
vt 0.769465 0.444020
vt 0.306209 0.937785
vt 0.017729 0.956269
vt 0.017267 0.938104
vt 0.023352 0.955471
vt 0.776649 0.441397
vt 0.307575 0.932601
vt 0.022600 0.936835
vt 0.764330 0.442052
vt 0.028936 0.936282
vt 0.016562 0.932796
vt 0.772650 0.439334
vt 0.030299 0.955477
vt 0.022193 0.931220
vt 0.768086 0.436754
vt 0.015655 0.926640
vt 0.033735 0.937327
vt 0.021851 0.925218
vt 0.035539 0.956953
vt 0.028569 0.930412
vt 0.033361 0.931343
vt 0.014583 0.921833
vt 0.856754 0.960842
vt 0.856792 0.944681
vt 0.862623 0.945439
vt 0.028928 0.925164
vt 0.304336 0.873213
vt 0.307913 0.872799
vt 0.310105 0.877845
vt 0.033756 0.926629
vt 0.862716 0.961579
vt 0.856993 0.939821
vt 0.862716 0.940630
vt 0.862709 0.937472
vt 0.288687 0.876603
vt 0.302020 0.877668
vt 0.300620 0.882785
vt 0.306446 0.877961
vt 0.308796 0.883750
vt 0.287238 0.881935
vt 0.304998 0.883312
vt 0.287238 0.967284
vt 0.288386 0.947778
vt 0.288488 0.941802
vt 0.288113 0.937109
vt 0.287238 0.933292
vt 0.955158 0.032130
vt 0.953651 0.025759
vt 0.955508 0.039421
vt 0.955167 0.045917
vt 0.948583 0.028945
vt 0.951740 0.020515
vt 0.955977 0.014583
vt 0.960394 0.051819
vt 0.949192 0.043247
vt 0.949192 0.033674
vt 0.897715 0.897277
vt 0.894005 0.890949
vt 0.899114 0.889566
vt 0.888309 0.908305
vt 0.884530 0.902726
vt 0.891186 0.903980
vt 0.882634 0.906537
vt 0.909927 0.459263
vt 0.906789 0.453573
vt 0.915419 0.457471
vt 0.953668 0.050847
vt 0.870923 0.907083
vt 0.874641 0.902076
vt 0.875002 0.908272
vt 0.949354 0.038702
vt 0.879170 0.908268
vt 0.892537 0.898422
vt 0.895259 0.880261
vt 0.900303 0.878885
vt 0.880123 0.903023
vt 0.912386 0.452400
vt 0.919268 0.460998
vt 0.920500 0.454086
vt 0.948583 0.047527
vt 0.885469 0.897645
vt 0.896013 0.871380
vt 0.901156 0.870020
vt 0.886571 0.890732
vt 0.869328 0.901124
vt 0.866637 0.904336
vt 0.874421 0.895294
vt 0.880676 0.896439
vt 0.904964 0.445621
vt 0.918634 0.450141
vt 0.864330 0.900227
vt 0.896574 0.860599
vt 0.901741 0.859251
vt 0.888035 0.880527
vt 0.888855 0.871716
vt 0.867966 0.894470
vt 0.874353 0.888251
vt 0.881222 0.889567
vt 0.909379 0.436579
vt 0.910801 0.444876
vt 0.896596 0.847299
vt 0.901741 0.845939
vt 0.881537 0.879409
vt 0.881634 0.870243
vt 0.889232 0.860881
vt 0.916967 0.443898
vt 0.862281 0.894002
vt 0.866792 0.887049
vt 0.903368 0.436772
vt 0.900400 0.835098
vt 0.874054 0.868728
vt 0.874234 0.878150
vt 0.888918 0.847621
vt 0.881817 0.859610
vt 0.915618 0.436181
vt 0.860623 0.886463
vt 0.907552 0.425038
vt 0.895500 0.836564
vt 0.891862 0.826958
vt 0.866032 0.876738
vt 0.865738 0.867340
vt 0.881842 0.846544
vt 0.873949 0.858253
vt 0.901709 0.425301
vt 0.914151 0.424836
vt 0.858827 0.875494
vt 0.897350 0.823611
vt 0.887551 0.838648
vt 0.865292 0.856760
vt 0.873924 0.845549
vt 0.906286 0.415173
vt 0.913264 0.414938
vt 0.857742 0.866008
vt 0.885589 0.831493
vt 0.887508 0.819600
vt 0.865244 0.843902
vt 0.881175 0.837892
vt 0.912585 0.403701
vt 0.856910 0.855313
vt 0.883185 0.825384
vt 0.856754 0.842211
vt 0.873910 0.836715
vt 0.905412 0.403908
vt 0.881803 0.813509
vt 0.880081 0.829220
vt 0.865975 0.835319
vt 0.912449 0.389774
vt 0.905033 0.389976
vt 0.879369 0.821696
vt 0.857999 0.833587
vt 0.866556 0.826975
vt 0.873899 0.828074
vt 0.875459 0.811312
vt 0.878878 0.805119
vt 0.906041 0.379844
vt 0.913449 0.380354
vt 0.866665 0.819259
vt 0.873697 0.819419
vt 0.860102 0.826834
vt 0.871124 0.804961
vt 0.868153 0.810995
vt 0.862503 0.821489
vt 0.908005 0.371014
vt 0.915143 0.372766
vt 0.917090 0.366617
vt 0.668976 0.964409
vt 0.674197 0.960391
vt 0.674197 0.971561
vt 0.920500 0.363442
vt 0.911564 0.361465
vt 0.967037 0.944143
vt 0.971253 0.952223
vt 0.967037 0.955419
vt 0.916871 0.356235
vt 0.906070 0.359083
vt 0.380397 0.919227
vt 0.374600 0.914494
vt 0.373851 0.919031
vt 0.373805 0.907908
vt 0.454958 0.860022
vt 0.452556 0.854005
vt 0.460706 0.858910
vt 0.372282 0.901209
vt 0.463989 0.863189
vt 0.466615 0.856423
vt 0.451486 0.847327
vt 0.458529 0.853404
vt 0.367554 0.907964
vt 0.366562 0.903252
vt 0.469427 0.859069
vt 0.368191 0.912552
vt 0.450467 0.838622
vt 0.456337 0.838739
vt 0.457510 0.847060
vt 0.464346 0.846253
vt 0.465097 0.851895
vt 0.369637 0.894883
vt 0.838346 0.460571
vt 0.834319 0.460097
vt 0.834532 0.453932
vt 0.830205 0.458379
vt 0.449531 0.826935
vt 0.455311 0.827082
vt 0.463468 0.838613
vt 0.824772 0.450523
vt 0.829115 0.452635
vt 0.826778 0.455197
vt 0.366988 0.889637
vt 0.365023 0.898049
vt 0.454710 0.817438
vt 0.823729 0.444959
vt 0.827719 0.438472
vt 0.828408 0.445696
vt 0.822469 0.437459
vt 0.462301 0.827378
vt 0.839777 0.455154
vt 0.842541 0.459542
vt 0.369748 0.882920
vt 0.363315 0.894816
vt 0.844723 0.456304
vt 0.847349 0.462001
vt 0.454254 0.805832
vt 0.834518 0.439968
vt 0.834589 0.447111
vt 0.461654 0.817783
vt 0.820784 0.426456
vt 0.827192 0.427995
vt 0.857877 0.450687
vt 0.852807 0.451459
vt 0.854335 0.443905
vt 0.851012 0.458152
vt 0.846610 0.450806
vt 0.454201 0.791720
vt 0.840982 0.448937
vt 0.461368 0.806131
vt 0.819772 0.417141
vt 0.826876 0.418614
vt 0.834398 0.429724
vt 0.859658 0.442736
vt 0.848078 0.443807
vt 0.841980 0.441861
vt 0.461648 0.792052
vt 0.819148 0.405945
vt 0.826446 0.407703
vt 0.834356 0.420196
vt 0.856266 0.433336
vt 0.458061 0.771141
vt 0.842488 0.431666
vt 0.455047 0.780612
vt 0.819148 0.392562
vt 0.826129 0.394381
vt 0.834215 0.409565
vt 0.861439 0.432265
vt 0.849606 0.433371
vt 0.455806 0.760545
vt 0.461576 0.764346
vt 0.842559 0.422210
vt 0.462771 0.782799
vt 0.820297 0.383983
vt 0.833946 0.396630
vt 0.857587 0.424263
vt 0.461209 0.754755
vt 0.466214 0.759174
vt 0.464371 0.775626
vt 0.842760 0.411614
vt 0.850462 0.424153
vt 0.826587 0.385839
vt 0.822083 0.377502
vt 0.842512 0.398532
vt 0.863145 0.423338
vt 0.967619 0.155866
vt 0.967346 0.163319
vt 0.469427 0.766629
vt 0.466310 0.769699
vt 0.851037 0.413597
vt 0.833738 0.387630
vt 0.850889 0.400310
vt 0.858389 0.413722
vt 0.830183 0.361881
vt 0.833549 0.370094
vt 0.828006 0.370081
vt 0.836259 0.362219
vt 0.824392 0.372285
vt 0.827464 0.377452
vt 0.841568 0.389479
vt 0.858556 0.400529
vt 0.863928 0.412804
vt 0.839965 0.356235
vt 0.843417 0.364891
vt 0.840515 0.372831
vt 0.833557 0.378832
vt 0.849460 0.391010
vt 0.864395 0.399548
vt 0.849924 0.371310
vt 0.840774 0.380731
vt 0.857104 0.390551
vt 0.862987 0.389188
vt 0.859863 0.377861
vt 0.847228 0.383264
vt 0.844723 0.376826
vt 0.854459 0.381450
vt 0.598347 0.073947
vt 0.590250 0.088710
vt 0.586913 0.067543
vt 0.598624 0.093928
vt 0.605279 0.059617
vt 0.606708 0.079182
vt 0.613638 0.064865
vt 0.578927 0.082119
vt 0.614457 0.084644
vt 0.606467 0.099233
vt 0.593771 0.053386
vt 0.621325 0.070473
vt 0.587156 0.129559
vt 0.576285 0.144412
vt 0.567945 0.139782
vt 0.584519 0.147920
vt 0.579026 0.124646
vt 0.594892 0.133730
vt 0.597350 0.114241
vt 0.604628 0.119056
vt 0.556694 0.153449
vt 0.574114 0.160420
vt 0.565281 0.157747
vt 0.589382 0.109111
vt 0.570624 0.119449
vt 0.611460 0.123408
vt 0.431213 0.568500
vt 0.429058 0.582644
vt 0.419651 0.577134
vt 0.602473 0.136989
vt 0.439626 0.574683
vt 0.392170 0.584115
vt 0.400308 0.586172
vt 0.382987 0.599586
vt 0.559535 0.134591
vt 0.546197 0.164319
vt 0.548275 0.148276
vt 0.409303 0.589137
vt 0.419710 0.593843
vt 0.400953 0.603835
vt 0.412286 0.607635
vt 0.613473 0.104442
vt 0.619775 0.109617
vt 0.537761 0.159177
vt 0.391375 0.601376
vt 0.376380 0.617100
vt 0.375477 0.598633
vt 0.559626 0.112411
vt 0.548764 0.127240
vt 0.406730 0.623283
vt 0.580992 0.103907
vt 0.627195 0.096028
vt 0.621280 0.090167
vt 0.368843 0.616160
vt 0.527517 0.151130
vt 0.528514 0.166731
vt 0.518485 0.158469
vt 0.394844 0.620489
vt 0.384932 0.618565
vt 0.548381 0.104776
vt 0.537768 0.140563
vt 0.537975 0.119003
vt 0.281289 0.376814
vt 0.271114 0.389399
vt 0.271534 0.372643
vt 0.372195 0.635824
vt 0.280886 0.393912
vt 0.364643 0.634912
vt 0.390924 0.638286
vt 0.380847 0.636925
vt 0.403105 0.640010
vt 0.537323 0.097012
vt 0.517879 0.141406
vt 0.269034 0.357236
vt 0.259960 0.369296
vt 0.257668 0.354547
vt 0.277008 0.412376
vt 0.259520 0.385306
vt 0.267344 0.407480
vt 0.370859 0.655684
vt 0.379513 0.656427
vt 0.363315 0.654805
vt 0.389588 0.657161
vt 0.401782 0.657750
vt 0.527771 0.110073
vt 0.527563 0.131537
vt 0.518225 0.121490
vt 0.255966 0.402561
vt 0.270055 0.430823
vt 0.260604 0.425549
vt 0.246946 0.366864
vt 0.246481 0.381851
vt 0.372375 0.675217
vt 0.364853 0.674359
vt 0.390830 0.675688
vt 0.402734 0.675111
vt 0.526059 0.088343
vt 0.534165 0.075994
vt 0.546368 0.083336
vt 0.509421 0.130267
vt 0.509455 0.109442
vt 0.501731 0.117018
vt 0.244968 0.353048
vt 0.249654 0.419802
vt 0.251159 0.442832
vt 0.240724 0.436315
vt 0.231256 0.378901
vt 0.243222 0.397975
vt 0.380948 0.675616
vt 0.394661 0.693039
vt 0.406057 0.691293
vt 0.517717 0.099720
vt 0.541730 0.063358
vt 0.230103 0.353035
vt 0.231727 0.365447
vt 0.260363 0.448447
vt 0.276422 0.434611
vt 0.266756 0.452227
vt 0.237531 0.414035
vt 0.229916 0.451216
vt 0.229442 0.429356
vt 0.219583 0.443127
vt 0.385116 0.693666
vt 0.376663 0.693576
vt 0.400697 0.708340
vt 0.411424 0.705486
vt 0.554687 0.069530
vt 0.548567 0.050797
vt 0.228396 0.393349
vt 0.239700 0.458440
vt 0.255013 0.468142
vt 0.248605 0.464366
vt 0.207935 0.433498
vt 0.208095 0.454619
vt 0.197899 0.443583
vt 0.223480 0.407695
vt 0.216529 0.421306
vt 0.391620 0.709666
vt 0.383339 0.709851
vt 0.408968 0.720759
vt 0.418974 0.716920
vt 0.562104 0.055937
vt 0.226667 0.471534
vt 0.241738 0.481487
vt 0.235327 0.477726
vt 0.217420 0.463732
vt 0.186871 0.451569
vt 0.223988 0.653046
vt 0.218362 0.641764
vt 0.234945 0.649665
vt 0.248568 0.656467
vt 0.244286 0.644992
vt 0.257132 0.650999
vt 0.400266 0.722724
vt 0.252782 0.639332
vt 0.566925 0.075601
vt 0.574670 0.061440
vt 0.213038 0.481879
vt 0.260395 0.633065
vt 0.246512 0.626538
vt 0.221471 0.488296
vt 0.254133 0.620270
vt 0.195846 0.463689
vt 0.204332 0.473605
vt 0.228931 0.637526
vt 0.211221 0.629675
vt 0.238088 0.632379
vt 0.255077 0.598472
vt 0.262821 0.611709
vt 0.238667 0.613108
vt 0.246293 0.606831
vt 0.183314 0.470320
vt 0.191082 0.480753
vt 0.199299 0.489365
vt 0.175452 0.457475
vt 0.221364 0.624661
vt 0.202827 0.617165
vt 0.230333 0.619131
vt 0.245968 0.584861
vt 0.229433 0.599304
vt 0.237053 0.593011
vt 0.170839 0.474444
vt 0.262821 0.589737
vt 0.254011 0.576591
vt 0.177965 0.485136
vt 0.164016 0.461208
vt 0.212478 0.611403
vt 0.221219 0.605515
vt 0.519134 0.083091
vt 0.512600 0.092634
vt 0.508768 0.087251
vt 0.511507 0.079255
vt 0.515674 0.068035
vt 0.525070 0.071456
vt 0.503054 0.090048
vt 0.505622 0.100505
vt 0.506292 0.066582
vt 0.503594 0.078814
vt 0.510514 0.054159
vt 0.520457 0.055929
vt 0.205055 0.345511
vt 0.192012 0.353757
vt 0.194157 0.345042
vt 0.216183 0.344356
vt 0.205104 0.353944
vt 0.530882 0.059095
vt 0.226256 0.342301
vt 0.217992 0.353580
vt 0.501731 0.053712
vt 0.182807 0.344361
vt 0.179350 0.353767
vt 0.167275 0.354503
vt 0.536873 0.046897
vt 0.515946 0.042173
vt 0.526016 0.044047
vt 0.218213 0.364614
vt 0.190333 0.364033
vt 0.204333 0.364203
vt 0.164298 0.365533
vt 0.635582 0.517953
vt 0.627413 0.520321
vt 0.628629 0.506247
vt 0.152726 0.367534
vt 0.156065 0.356278
vt 0.620578 0.508368
vt 0.217294 0.376884
vt 0.176899 0.364421
vt 0.203179 0.375766
vt 0.188932 0.375485
vt 0.150605 0.379726
vt 0.175238 0.376090
vt 0.162389 0.377519
vt 0.215134 0.390411
vt 0.201420 0.388618
vt 0.161294 0.390730
vt 0.173965 0.389025
vt 0.187448 0.388221
vt 0.149682 0.393074
vt 0.199380 0.401485
vt 0.211910 0.403938
vt 0.173518 0.402431
vt 0.186315 0.401189
vt 0.161300 0.404491
vt 0.150026 0.406952
vt 0.196423 0.413207
vt 0.206435 0.416279
vt 0.162595 0.418509
vt 0.151660 0.421108
vt 0.185819 0.413709
vt 0.174183 0.415893
vt 0.165434 0.432397
vt 0.154619 0.435208
vt 0.186980 0.424643
vt 0.176615 0.428993
vt 0.194385 0.421439
vt 0.200052 0.426413
vt 0.191597 0.434315
vt 0.169833 0.445432
vt 0.158710 0.448595
vt 0.181178 0.440956
vt 0.585101 0.321213
vt 0.604185 0.331524
vt 0.597577 0.335040
vt 0.591474 0.317426
vt 0.590075 0.339192
vt 0.631611 0.043507
vt 0.627063 0.056724
vt 0.624003 0.037584
vt 0.578148 0.326025
vt 0.565233 0.315519
vt 0.571637 0.310151
vt 0.614935 0.348162
vt 0.627006 0.025457
vt 0.615629 0.032331
vt 0.610042 0.328995
vt 0.618629 0.020201
vt 0.580833 0.344665
vt 0.599840 0.354768
vt 0.589579 0.359052
vt 0.363315 0.948394
vt 0.369598 0.954854
vt 0.363315 0.967985
vt 0.619418 0.050971
vt 0.139342 0.965428
vt 0.139342 0.945516
vt 0.145723 0.950844
vt 0.620809 0.345637
vt 0.608050 0.351356
vt 0.502221 0.524259
vt 0.509681 0.522737
vt 0.499937 0.542628
vt 0.622578 0.366258
vt 0.569947 0.332569
vt 0.557981 0.322920
vt 0.595484 0.374821
vt 0.628015 0.076292
vt 0.551873 0.307730
vt 0.545354 0.315670
vt 0.532460 0.310951
vt 0.538335 0.302733
vt 0.611053 0.045717
vt 0.514881 0.505911
vt 0.525441 0.505084
vt 0.604027 0.026463
vt 0.606963 0.014583
vt 0.615451 0.369097
vt 0.507375 0.541117
vt 0.626718 0.384938
vt 0.500687 0.561658
vt 0.606655 0.371782
vt 0.532669 0.491168
vt 0.544178 0.492272
vt 0.518254 0.539584
vt 0.520419 0.521576
vt 0.619464 0.387410
vt 0.508106 0.560170
vt 0.620422 0.405638
vt 0.504023 0.580661
vt 0.627716 0.403536
vt 0.598770 0.391345
vt 0.537227 0.505578
vt 0.556190 0.495027
vt 0.519022 0.558249
vt 0.530690 0.538480
vt 0.531504 0.556295
vt 0.610385 0.389462
vt 0.625083 0.421784
vt 0.511439 0.579205
vt 0.510291 0.599370
vt 0.549808 0.507239
vt 0.569676 0.499733
vt 0.578065 0.018146
vt 0.559540 0.026876
vt 0.563371 0.016118
vt 0.573925 0.029995
vt 0.532582 0.521308
vt 0.534674 0.574085
vt 0.545090 0.554253
vt 0.548098 0.570878
vt 0.611266 0.407112
vt 0.599527 0.407905
vt 0.522308 0.576890
vt 0.617862 0.423568
vt 0.517727 0.597941
vt 0.146081 0.518955
vt 0.156732 0.524903
vt 0.139342 0.526589
vt 0.518948 0.616452
vt 0.564143 0.510440
vt 0.545650 0.521767
vt 0.560760 0.523239
vt 0.554544 0.038555
vt 0.568543 0.042709
vt 0.544195 0.537654
vt 0.540494 0.591632
vt 0.563318 0.567084
vt 0.553489 0.587308
vt 0.608841 0.424486
vt 0.597329 0.424267
vt 0.526411 0.615033
vt 0.149764 0.532369
vt 0.164264 0.518532
vt 0.168888 0.533748
vt 0.161681 0.541012
vt 0.612073 0.439899
vt 0.528443 0.595252
vt 0.559653 0.537356
vt 0.581351 0.047675
vt 0.560575 0.552187
vt 0.548465 0.607705
vt 0.568102 0.581838
vt 0.560767 0.602379
vt 0.574472 0.595389
vt 0.603423 0.440323
vt 0.592503 0.439209
vt 0.144081 0.541335
vt 0.176440 0.527403
vt 0.174349 0.551868
vt 0.181819 0.544859
vt 0.536894 0.612032
vt 0.582301 0.607038
vt 0.139598 0.552460
vt 0.155405 0.549443
vt 0.149971 0.559738
vt 0.189381 0.538529
vt 0.537088 0.629751
vt 0.547319 0.626496
vt 0.199137 0.531268
vt 0.186493 0.520431
vt 0.558352 0.621574
vt 0.569787 0.615351
vt 0.591163 0.616221
vt 0.167382 0.559616
vt 0.160906 0.568909
vt 0.194881 0.557730
vt 0.187189 0.564524
vt 0.209026 0.525004
vt 0.211958 0.543904
vt 0.221306 0.537122
vt 0.569420 0.632638
vt 0.579915 0.625644
vt 0.600778 0.622270
vt 0.179629 0.571707
vt 0.172134 0.579968
vt 0.202450 0.551402
vt 0.199488 0.577979
vt 0.207376 0.571383
vt 0.229997 0.531269
vt 0.233083 0.550030
vt 0.240963 0.543360
vt 0.590912 0.632509
vt 0.218713 0.520127
vt 0.183036 0.591978
vt 0.191406 0.584641
vt 0.214958 0.565060
vt 0.210891 0.591731
vt 0.218955 0.585328
vt 0.224243 0.557341
vt 0.248419 0.537345
vt 0.251294 0.555908
vt 0.257788 0.548787
vt 0.238607 0.526446
vt 0.193362 0.604507
vt 0.202435 0.597985
vt 0.226557 0.579017
vt 0.244053 0.563287
vt 0.235643 0.571083
vt 0.152849 0.462693
vt 0.158668 0.476010
vt 0.260750 0.568563
vt 0.578527 0.505017
vt 0.580888 0.516286
vt 0.573694 0.513856
vt 0.586591 0.511682
vt 0.594679 0.505946
vt 0.586009 0.497679
vt 0.582056 0.523853
vt 0.592017 0.520584
vt 0.571089 0.524358
vt 0.603674 0.501125
vt 0.601915 0.516092
vt 0.611555 0.511830
vt 0.576811 0.491168
vt 0.571771 0.536612
vt 0.596387 0.531535
vt 0.584256 0.534846
vt 0.594705 0.492079
vt 0.612512 0.497509
vt 0.532240 0.033119
vt 0.543067 0.035508
vt 0.548982 0.025170
vt 0.607659 0.527575
vt 0.618061 0.523682
vt 0.573936 0.549917
vt 0.600242 0.543651
vt 0.587249 0.547129
vt 0.612298 0.539933
vt 0.623235 0.536298
vt 0.576987 0.563573
vt 0.603621 0.556319
vt 0.590419 0.559982
vt 0.632924 0.533028
vt 0.615943 0.552757
vt 0.627143 0.549376
vt 0.593834 0.573074
vt 0.580894 0.577331
vt 0.637039 0.546235
vt 0.606765 0.569355
vt 0.618932 0.566080
vt 0.585408 0.590088
vt 0.630028 0.563076
vt 0.639809 0.560171
vt 0.597117 0.585339
vt 0.609208 0.581920
vt 0.140006 0.409407
vt 0.139342 0.395799
vt 0.620803 0.579276
vt 0.631550 0.576797
vt 0.591576 0.600526
vt 0.600822 0.595650
vt 0.141923 0.423281
vt 0.610648 0.593478
vt 0.621275 0.592061
vt 0.631514 0.590316
vt 0.603249 0.602628
vt 0.598187 0.608245
vt 0.144900 0.437138
vt 0.610203 0.603515
vt 0.619745 0.604275
vt 0.629656 0.603339
vt 0.606312 0.612926
vt 0.148483 0.450361
vt 0.615935 0.615519
vt 0.610798 0.625432
vt 0.139342 0.450615
vt 0.142231 0.461875
vt 0.435007 0.588300
vt 0.447475 0.589504
vt 0.439959 0.592501
vt 0.444528 0.580622
vt 0.437088 0.600194
vt 0.427998 0.597838
vt 0.446976 0.599207
vt 0.457819 0.585425
vt 0.458549 0.597099
vt 0.432467 0.611978
vt 0.421423 0.610292
vt 0.454643 0.576752
vt 0.457733 0.610333
vt 0.470770 0.594993
vt 0.470631 0.609462
vt 0.444698 0.612174
vt 0.450570 0.569685
vt 0.499937 0.326388
vt 0.511460 0.326731
vt 0.507698 0.338032
vt 0.503553 0.317151
vt 0.468885 0.628510
vt 0.504342 0.352315
vt 0.518088 0.355015
vt 0.516065 0.374199
vt 0.501689 0.370763
vt 0.442054 0.627699
vt 0.429051 0.626976
vt 0.417142 0.625310
vt 0.506492 0.309339
vt 0.515426 0.317036
vt 0.519453 0.308839
vt 0.455555 0.627867
vt 0.520718 0.340110
vt 0.514749 0.395453
vt 0.413993 0.641604
vt 0.439170 0.645514
vt 0.426114 0.643451
vt 0.527959 0.319104
vt 0.466033 0.649930
vt 0.452643 0.647702
vt 0.500061 0.391297
vt 0.523974 0.328967
vt 0.424204 0.660685
vt 0.412333 0.658772
vt 0.449825 0.667701
vt 0.436858 0.663840
vt 0.499937 0.411601
vt 0.514254 0.416230
vt 0.462733 0.671251
vt 0.412210 0.675136
vt 0.434992 0.680233
vt 0.423245 0.676727
vt 0.501072 0.429648
vt 0.514658 0.434583
vt 0.446965 0.685673
vt 0.459022 0.690393
vt 0.414882 0.689602
vt 0.424550 0.689806
vt 0.470770 0.693548
vt 0.454904 0.705365
vt 0.465934 0.708809
vt 0.433836 0.693683
vt 0.443893 0.699726
vt 0.419361 0.702145
vt 0.450037 0.716721
vt 0.460653 0.719910
vt 0.431273 0.704387
vt 0.439664 0.711488
vt 0.425246 0.698464
vt 0.425817 0.711480
vt 0.186498 0.624817
vt 0.203152 0.633306
vt 0.195067 0.636660
vt 0.194698 0.621374
vt 0.433933 0.719717
vt 0.427887 0.725588
vt 0.210837 0.644284
vt 0.444146 0.725223
vt 0.564631 0.338387
vt 0.574133 0.349412
vt 0.560763 0.347338
vt 0.549776 0.339534
vt 0.553536 0.330335
vt 0.568552 0.352734
vt 0.580598 0.361454
vt 0.570865 0.361785
vt 0.536984 0.333463
vt 0.547861 0.351866
vt 0.534300 0.345049
vt 0.560378 0.357938
vt 0.540854 0.323743
vt 0.585948 0.375911
vt 0.561143 0.371836
vt 0.574307 0.375164
vt 0.532496 0.359741
vt 0.547040 0.365649
vt 0.588162 0.391773
vt 0.561527 0.387738
vt 0.575614 0.390787
vt 0.531189 0.378545
vt 0.546528 0.383248
vt 0.588578 0.407940
vt 0.561366 0.405225
vt 0.575774 0.407070
vt 0.530252 0.399261
vt 0.545988 0.402569
vt 0.574213 0.422990
vt 0.586769 0.423738
vt 0.544876 0.421302
vt 0.560026 0.422263
vt 0.529422 0.419378
vt 0.571514 0.436976
vt 0.583124 0.437803
vt 0.529101 0.437041
vt 0.558221 0.436815
vt 0.543835 0.437590
vt 0.585105 0.451974
vt 0.529711 0.450484
vt 0.516042 0.448596
vt 0.555969 0.448049
vt 0.543478 0.449857
vt 0.576728 0.449135
vt 0.566768 0.447288
vt 0.531542 0.460367
vt 0.518395 0.458407
vt 0.555688 0.457053
vt 0.544574 0.459975
vt 0.568665 0.458018
vt 0.563659 0.453922
vt 0.575697 0.462001
vt 0.177696 0.612178
vt 0.185740 0.608767
vt 0.169175 0.599564
vt 0.161043 0.588769
vt 0.166939 0.585235
vt 0.176711 0.596190
vt 0.158076 0.575966
vt 0.451398 0.017137
vt 0.452505 0.016642
vt 0.458361 0.041617
vt 0.626496 0.661805
vt 0.627437 0.661804
vt 0.627342 0.687767
vt 0.459450 0.041137
vt 0.628278 0.687752
vt 0.465554 0.065511
vt 0.464491 0.065938
vt 0.628056 0.713342
vt 0.283000 0.019409
vt 0.285583 0.039606
vt 0.275923 0.043844
vt 0.469305 0.087821
vt 0.288213 0.016430
vt 0.628977 0.713326
vt 0.470357 0.087506
vt 0.628185 0.736128
vt 0.299063 0.037565
vt 0.283801 0.062826
vt 0.269710 0.068179
vt 0.471523 0.109380
vt 0.295718 0.015258
vt 0.629092 0.736095
vt 0.302338 0.060178
vt 0.472564 0.109237
vt 0.627982 0.757841
vt 0.303624 0.014583
vt 0.282816 0.084736
vt 0.264826 0.090131
vt 0.306061 0.082095
vt 0.471517 0.127167
vt 0.723348 0.894334
vt 0.729931 0.899280
vt 0.720337 0.911443
vt 0.312993 0.036004
vt 0.628878 0.757734
vt 0.309632 0.104456
vt 0.472524 0.127200
vt 0.627367 0.775170
vt 0.729920 0.919350
vt 0.320337 0.058186
vt 0.957687 0.452879
vt 0.949666 0.457865
vt 0.949666 0.434655
vt 0.283511 0.107101
vt 0.262549 0.111762
vt 0.468595 0.142993
vt 0.730998 0.899338
vt 0.332909 0.059997
vt 0.326939 0.079898
vt 0.320959 0.038657
vt 0.628251 0.775022
vt 0.312444 0.122773
vt 0.469546 0.143221
vt 0.626496 0.789709
vt 0.730998 0.919460
vt 0.729691 0.938671
vt 0.342638 0.080575
vt 0.285171 0.126392
vt 0.262549 0.129673
vt 0.332153 0.102252
vt 0.461511 0.165525
vt 0.426903 0.014583
vt 0.428162 0.015327
vt 0.415207 0.036544
vt 0.413977 0.035822
vt 0.964464 0.691033
vt 0.965528 0.690772
vt 0.965528 0.708465
vt 0.730781 0.938875
vt 0.265501 0.145649
vt 0.264729 0.145762
vt 0.349735 0.101655
vt 0.314580 0.141177
vt 0.288445 0.144633
vt 0.462399 0.165965
vt 0.271860 0.168506
vt 0.403063 0.057809
vt 0.401861 0.057157
vt 0.335204 0.121179
vt 0.964464 0.754471
vt 0.965565 0.737632
vt 0.965565 0.754714
vt 0.782306 0.731369
vt 0.783403 0.731293
vt 0.779775 0.749833
vt 0.293655 0.167803
vt 0.453042 0.186995
vt 0.272635 0.168391
vt 0.393195 0.078264
vt 0.391980 0.077746
vt 0.352657 0.136969
vt 0.336509 0.139540
vt 0.352649 0.119697
vt 0.453874 0.187613
vt 0.280411 0.190170
vt 0.316540 0.164385
vt 0.299150 0.190544
vt 0.386020 0.099159
vt 0.780872 0.749745
vt 0.384769 0.098844
vt 0.350391 0.160354
vt 0.336441 0.162969
vt 0.778257 0.766471
vt 0.779354 0.766384
vt 0.777816 0.783050
vt 0.776720 0.783116
vt 0.443739 0.204420
vt 0.281179 0.190085
vt 0.383123 0.116959
vt 0.381824 0.116894
vt 0.346202 0.183601
vt 0.318573 0.187838
vt 0.775868 0.806172
vt 0.774773 0.806243
vt 0.444529 0.205167
vt 0.289813 0.207751
vt 0.383156 0.134055
vt 0.381824 0.134187
vt 0.335442 0.186307
vt 0.305270 0.209037
vt 0.774118 0.829627
vt 0.773020 0.829741
vt 0.433668 0.221197
vt 0.290559 0.207676
vt 0.385475 0.157282
vt 0.384114 0.157560
vt 0.762171 0.834802
vt 0.772098 0.845881
vt 0.762682 0.851840
vt 0.335790 0.204011
vt 0.773189 0.845743
vt 0.434407 0.222092
vt 0.614542 0.195898
vt 0.615573 0.196277
vt 0.617094 0.210089
vt 0.320560 0.206582
vt 0.312483 0.226330
vt 0.389744 0.180403
vt 0.388348 0.180753
vt 0.772555 0.863842
vt 0.424441 0.234287
vt 0.618140 0.210488
vt 0.300758 0.224718
vt 0.771483 0.864090
vt 0.764227 0.868009
vt 0.336100 0.220773
vt 0.392398 0.196413
vt 0.390950 0.196762
vt 0.425130 0.235309
vt 0.618398 0.222863
vt 0.323555 0.224060
vt 0.773467 0.878415
vt 0.394968 0.214551
vt 0.393454 0.214836
vt 0.413901 0.247757
vt 0.619470 0.223292
vt 0.310142 0.238076
vt 0.772415 0.878817
vt 0.767131 0.882434
vt 0.337239 0.235910
vt 0.395594 0.229592
vt 0.394052 0.229721
vt 0.414592 0.248931
vt 0.618792 0.237409
vt 0.319315 0.241039
vt 0.774855 0.891876
vt 0.770953 0.895658
vt 0.394745 0.243149
vt 0.402840 0.259449
vt 0.328150 0.239595
vt 0.339835 0.250164
vt 0.619878 0.237874
vt 0.320802 0.251959
vt 0.775867 0.891357
vt 0.393183 0.243258
vt 0.403599 0.260794
vt 0.617433 0.252622
vt 0.778644 0.905651
vt 0.333454 0.253457
vt 0.327252 0.254431
vt 0.394485 0.257221
vt 0.393084 0.272129
vt 0.779562 0.905055
vt 0.392820 0.257398
vt 0.335096 0.265686
vt 0.618459 0.253106
vt 0.623774 0.243783
vt 0.620382 0.256104
vt 0.776364 0.908310
vt 0.341793 0.263605
vt 0.614542 0.267788
vt 0.615135 0.268779
vt 0.616090 0.268557
vt 0.782432 0.920583
vt 0.339003 0.266675
vt 0.774831 0.911951
vt 0.342899 0.276405
vt 0.392289 0.273566
vt 0.783403 0.920676
vt 0.053033 0.015566
vt 0.054664 0.014583
vt 0.071266 0.041380
vt 0.918159 0.491983
vt 0.919368 0.492418
vt 0.921739 0.518081
vt 0.072791 0.040473
vt 0.922957 0.518562
vt 0.088247 0.067432
vt 0.930344 0.517864
vt 0.925128 0.544555
vt 0.089711 0.066752
vt 0.924526 0.491168
vt 0.926305 0.545091
vt 0.098235 0.091709
vt 0.197462 0.014583
vt 0.197929 0.043586
vt 0.184035 0.041278
vt 0.176493 0.041379
vt 0.173802 0.069079
vt 0.159728 0.067688
vt 0.935297 0.545648
vt 0.927254 0.569165
vt 0.099753 0.091240
vt 0.203625 0.015564
vt 0.193413 0.072483
vt 0.928360 0.569659
vt 0.105938 0.116616
vt 0.211321 0.018683
vt 0.167148 0.096051
vt 0.149751 0.092117
vt 0.928966 0.594379
vt 0.107489 0.116355
vt 0.912901 0.014584
vt 0.918136 0.018759
vt 0.903919 0.042700
vt 0.213743 0.047754
vt 0.190420 0.101020
vt 0.930076 0.594811
vt 0.142008 0.117159
vt 0.108587 0.136927
vt 0.913729 0.049613
vt 0.214062 0.078091
vt 0.898438 0.072566
vt 0.161699 0.123242
vt 0.929229 0.615019
vt 0.110175 0.136922
vt 0.919416 0.018678
vt 0.915017 0.049552
vt 0.229455 0.083927
vt 0.213658 0.105264
vt 0.223447 0.053142
vt 0.187642 0.129384
vt 0.930324 0.615363
vt 0.139342 0.137636
vt 0.108294 0.158546
vt 0.032122 0.021364
vt 0.033645 0.021539
vt 0.026179 0.052618
vt 0.024702 0.052472
vt 0.910566 0.080086
vt 0.909279 0.080131
vt 0.231934 0.108496
vt 0.159351 0.145054
vt 0.929060 0.636868
vt 0.109886 0.158734
vt 0.019963 0.083272
vt 0.018545 0.083264
vt 0.212798 0.131999
vt 0.907935 0.104561
vt 0.906671 0.104598
vt 0.185543 0.151447
vt 0.158854 0.167088
vt 0.930144 0.637131
vt 0.139650 0.159370
vt 0.105946 0.183883
vt 0.017441 0.107696
vt 0.016025 0.107838
vt 0.233382 0.132921
vt 0.183585 0.173186
vt 0.930113 0.662591
vt 0.929018 0.662385
vt 0.107499 0.184259
vt 0.142055 0.184845
vt 0.016011 0.131996
vt 0.905693 0.128922
vt 0.014583 0.132257
vt 0.904432 0.128961
vt 0.211435 0.153994
vt 0.927817 0.691137
vt 0.099493 0.212429
vt 0.100979 0.213033
vt 0.160144 0.193543
vt 0.016005 0.153212
vt 0.233382 0.154233
vt 0.928887 0.691306
vt 0.926150 0.718787
vt 0.148659 0.213597
vt 0.090872 0.239904
vt 0.092225 0.240725
vt 0.183082 0.199929
vt 0.018447 0.174040
vt 0.014583 0.153631
vt 0.903868 0.150251
vt 0.902620 0.150227
vt 0.230908 0.175172
vt 0.927187 0.718922
vt 0.078749 0.266165
vt 0.208866 0.175533
vt 0.163552 0.221472
vt 0.157562 0.241274
vt 0.025384 0.199148
vt 0.017066 0.174660
vt 0.902097 0.171212
vt 0.900844 0.171098
vt 0.922753 0.745295
vt 0.079853 0.267251
vt 0.223987 0.200451
vt 0.182689 0.226257
vt 0.031781 0.220090
vt 0.024038 0.199963
vt 0.900328 0.196441
vt 0.899065 0.196308
vt 0.923731 0.745351
vt 0.067885 0.282029
vt 0.204540 0.201142
vt 0.186057 0.245493
vt 0.170368 0.244977
vt 0.170186 0.267748
vt 0.035839 0.234879
vt 0.030379 0.220949
vt 0.899461 0.217446
vt 0.918159 0.761480
vt 0.068715 0.283373
vt 0.217739 0.221621
vt 0.898159 0.217498
vt 0.200562 0.225655
vt 0.180880 0.267903
vt 0.037859 0.247420
vt 0.034308 0.235624
vt 0.899721 0.232263
vt 0.949666 0.356235
vt 0.951043 0.356672
vt 0.950417 0.370426
vt 0.181573 0.283855
vt 0.180473 0.283762
vt 0.055734 0.294528
vt 0.056350 0.296100
vt 0.213943 0.236539
vt 0.200813 0.242476
vt 0.898423 0.232563
vt 0.037717 0.263439
vt 0.036223 0.247947
vt 0.900962 0.244868
vt 0.193125 0.264885
vt 0.951804 0.370950
vt 0.042800 0.303163
vt 0.212247 0.249094
vt 0.203550 0.257564
vt 0.899651 0.245396
vt 0.036000 0.279031
vt 0.036026 0.263782
vt 0.903974 0.261297
vt 0.190884 0.283683
vt 0.194225 0.296731
vt 0.949861 0.386442
vt 0.043227 0.305022
vt 0.212728 0.265131
vt 0.207447 0.273219
vt 0.902664 0.262019
vt 0.032852 0.293726
vt 0.034251 0.279303
vt 0.907614 0.277514
vt 0.200750 0.280572
vt 0.201300 0.296595
vt 0.951149 0.387030
vt 0.949666 0.405488
vt 0.956237 0.376525
vt 0.028601 0.310789
vt 0.975100 0.898879
vt 0.976188 0.887264
vt 0.976188 0.899693
vt 0.030959 0.294066
vt 0.906303 0.278432
vt 0.898025 0.269483
vt 0.912343 0.293139
vt 0.208400 0.294375
vt 0.953561 0.389781
vt 0.950813 0.404746
vt 0.211239 0.306199
vt 0.027399 0.312170
vt 0.903444 0.285066
vt 0.212133 0.287851
vt 0.222566 0.313134
vt 0.214711 0.304543
vt 0.919416 0.312477
vt 0.911165 0.294175
vt 0.918009 0.312744
vt 0.217131 0.300422
vt 0.909903 0.298716
vt 0.333084 0.519157
vt 0.323030 0.542650
vt 0.331972 0.518532
vt 0.321913 0.542040
vt 0.312367 0.565483
vt 0.031862 0.812241
vt 0.025919 0.787400
vt 0.032707 0.811890
vt 0.313504 0.566043
vt 0.026788 0.787060
vt 0.020710 0.762855
vt 0.305714 0.587179
vt 0.037556 0.789994
vt 0.304536 0.586728
vt 0.038845 0.813692
vt 0.021617 0.762515
vt 0.016500 0.741038
vt 0.299415 0.608154
vt 0.050388 0.793344
vt 0.036993 0.766452
vt 0.298188 0.607870
vt 0.046032 0.815535
vt 0.017440 0.740711
vt 0.014583 0.719993
vt 0.036918 0.744586
vt 0.058640 0.750073
vt 0.054507 0.771084
vt 0.295415 0.625594
vt 0.052042 0.819013
vt 0.015554 0.719739
vt 0.037927 0.723149
vt 0.062167 0.729235
vt 0.061530 0.799091
vt 0.294152 0.625482
vt 0.014583 0.703064
vt 0.064455 0.712808
vt 0.068919 0.778466
vt 0.510193 0.661804
vt 0.512736 0.683994
vt 0.503003 0.665026
vt 0.293387 0.641278
vt 0.015578 0.702848
vt 0.075420 0.758445
vt 0.039418 0.705286
vt 0.501821 0.687343
vt 0.515355 0.706758
vt 0.292105 0.641361
vt 0.017204 0.688530
vt 0.080340 0.738015
vt 0.042006 0.689164
vt 0.501946 0.665052
vt 0.517558 0.728984
vt 0.501059 0.709682
vt 0.293272 0.663923
vt 0.018217 0.688350
vt 0.519423 0.751724
vt 0.501110 0.731061
vt 0.065793 0.696632
vt 0.500737 0.687364
vt 0.291988 0.664219
vt 0.023104 0.669053
vt 0.501922 0.752702
vt 0.082881 0.721005
vt 0.520380 0.770851
vt 0.045812 0.669433
vt 0.171157 0.916349
vt 0.161229 0.896888
vt 0.162567 0.896352
vt 0.499937 0.709696
vt 0.295138 0.685727
vt 0.024119 0.668877
vt 0.502714 0.770935
vt 0.066597 0.676400
vt 0.172514 0.915777
vt 0.499966 0.731078
vt 0.152027 0.877237
vt 0.153348 0.876795
vt 0.293868 0.686202
vt 0.945416 0.804961
vt 0.945934 0.820334
vt 0.944286 0.805045
vt 0.504190 0.788138
vt 0.083533 0.704643
vt 0.521003 0.789256
vt 0.049510 0.650640
vt 0.500767 0.752722
vt 0.144771 0.858089
vt 0.146103 0.857794
vt 0.298639 0.703646
vt 0.944810 0.820419
vt 0.030899 0.651155
vt 0.503049 0.788163
vt 0.082537 0.683816
vt 0.501562 0.770954
vt 0.140091 0.838409
vt 0.141442 0.838313
vt 0.297392 0.704255
vt 0.945583 0.835270
vt 0.067134 0.656389
vt 0.506580 0.811224
vt 0.521683 0.812583
vt 0.505455 0.811217
vt 0.139342 0.821847
vt 0.141298 0.805934
vt 0.142668 0.806236
vt 0.140709 0.821981
vt 0.303071 0.721019
vt 0.944468 0.835336
vt 0.038310 0.637599
vt 0.053614 0.636159
vt 0.080516 0.663158
vt 0.534937 0.812202
vt 0.533817 0.835741
vt 0.522166 0.835733
vt 0.509223 0.833997
vt 0.508115 0.833917
vt 0.146165 0.784474
vt 0.147534 0.784892
vt 0.301864 0.721782
vt 0.945014 0.850898
vt 0.058504 0.623261
vt 0.067539 0.640925
vt 0.521585 0.853394
vt 0.510681 0.849762
vt 0.531784 0.854585
vt 0.509605 0.849617
vt 0.152917 0.763254
vt 0.154297 0.763711
vt 0.308150 0.734760
vt 0.943914 0.850995
vt 0.931980 0.844378
vt 0.934028 0.858359
vt 0.068575 0.627190
vt 0.511816 0.867688
vt 0.510785 0.867388
vt 0.157347 0.748732
vt 0.158756 0.749154
vt 0.306999 0.735657
vt 0.944523 0.864810
vt 0.520014 0.870113
vt 0.528415 0.872257
vt 0.062977 0.612826
vt 0.510028 0.882171
vt 0.162046 0.732523
vt 0.163502 0.732849
vt 0.314986 0.749085
vt 0.943432 0.864949
vt 0.936038 0.871315
vt 0.511017 0.882662
vt 0.070881 0.615791
vt 0.164902 0.719818
vt 0.166390 0.719980
vt 0.313917 0.750144
vt 0.944330 0.880642
vt 0.516942 0.885285
vt 0.523685 0.888138
vt 0.938505 0.885710
vt 0.930908 0.878069
vt 0.507487 0.895762
vt 0.168063 0.709082
vt 0.166571 0.708968
vt 0.323966 0.761869
vt 0.943301 0.880852
vt 0.508415 0.896410
vt 0.934801 0.890382
vt 0.170722 0.698313
vt 0.322903 0.763102
vt 0.944695 0.897169
vt 0.512649 0.899709
vt 0.517344 0.902415
vt 0.941561 0.899999
vt 0.503803 0.909922
vt 0.169154 0.698161
vt 0.333084 0.775671
vt 0.943794 0.897448
vt 0.504628 0.910663
vt 0.939741 0.903657
vt 0.172514 0.686991
vt 0.333043 0.777110
vt 0.945934 0.914976
vt 0.506968 0.913263
vt 0.509086 0.916070
vt 0.945145 0.914526
vt 0.500847 0.926100
vt 0.499937 0.926120
vt 0.171894 0.685633
vt 0.699495 0.491484
vt 0.688032 0.521028
vt 0.698271 0.491168
vt 0.793181 0.035231
vt 0.792124 0.033870
vt 0.804620 0.014583
vt 0.781361 0.055029
vt 0.698971 0.014707
vt 0.710032 0.044422
vt 0.698173 0.015425
vt 0.780183 0.053895
vt 0.709094 0.045143
vt 0.720110 0.074091
vt 0.773318 0.075251
vt 0.698935 0.044697
vt 0.772008 0.074296
vt 0.693197 0.015068
vt 0.718969 0.074780
vt 0.725098 0.099808
vt 0.766300 0.096766
vt 0.684919 0.043681
vt 0.702260 0.074185
vt 0.764952 0.096000
vt 0.686634 0.014751
vt 0.723892 0.100404
vt 0.728245 0.125318
vt 0.703591 0.101390
vt 0.683261 0.072487
vt 0.762914 0.115451
vt 0.954977 0.289866
vt 0.954977 0.315809
vt 0.948583 0.293439
vt 0.727010 0.125848
vt 0.681461 0.099964
vt 0.761506 0.114918
vt 0.728245 0.144855
vt 0.672744 0.041969
vt 0.681250 0.014583
vt 0.704503 0.128128
vt 0.760799 0.136278
vt 0.841272 0.014583
vt 0.849642 0.042239
vt 0.835211 0.019744
vt 0.667757 0.070198
vt 0.727010 0.145295
vt 0.759359 0.135928
vt 0.725774 0.164547
vt 0.838141 0.051310
vt 0.855033 0.070486
vt 0.664232 0.095508
vt 0.680486 0.126730
vt 0.758848 0.161257
vt 0.724549 0.164910
vt 0.836698 0.051479
vt 0.859339 0.095569
vt 0.841377 0.082103
vt 0.704134 0.148673
vt 0.757412 0.161101
vt 0.721057 0.187037
vt 0.833787 0.019874
vt 0.843509 0.105881
vt 0.839914 0.082324
vt 0.680009 0.147365
vt 0.759079 0.190594
vt 0.719828 0.187349
vt 0.203275 0.685633
vt 0.211464 0.713536
vt 0.209901 0.713797
vt 0.862362 0.120146
vt 0.661848 0.120206
vt 0.842063 0.106122
vt 0.702753 0.168585
vt 0.757626 0.190675
vt 0.713015 0.210979
vt 0.201681 0.685936
vt 0.218552 0.741408
vt 0.217015 0.741516
vt 0.845492 0.129165
vt 0.221662 0.763852
vt 0.220104 0.763808
vt 0.679984 0.167399
vt 0.760617 0.219570
vt 0.711775 0.211242
vt 0.864358 0.140158
vt 0.660778 0.140550
vt 0.844049 0.129403
vt 0.222064 0.786099
vt 0.223636 0.786251
vt 0.699619 0.191875
vt 0.759171 0.219896
vt 0.703398 0.233168
vt 0.849653 0.167641
vt 0.847340 0.149028
vt 0.845908 0.149328
vt 0.222601 0.805757
vt 0.224176 0.806059
vt 0.678735 0.191283
vt 0.765112 0.248524
vt 0.702108 0.233368
vt 0.865798 0.159343
vt 0.661199 0.160628
vt 0.848217 0.168025
vt 0.220938 0.825519
vt 0.222478 0.826013
vt 0.695001 0.215646
vt 0.763718 0.249176
vt 0.691636 0.252802
vt 0.018527 0.866628
vt 0.033738 0.869073
vt 0.030266 0.890611
vt 0.014583 0.890977
vt 0.662993 0.184769
vt 0.851447 0.189085
vt 0.852888 0.188695
vt 0.215210 0.850005
vt 0.216715 0.850681
vt 0.688375 0.234185
vt 0.677869 0.214543
vt 0.771383 0.267223
vt 0.049144 0.872238
vt 0.044085 0.890250
vt 0.665220 0.207507
vt 0.041117 0.848180
vt 0.853652 0.206386
vt 0.855119 0.206190
vt 0.209647 0.870395
vt 0.211169 0.871079
vt 0.690272 0.252876
vt 0.770102 0.268205
vt 0.352657 0.333568
vt 0.345315 0.347461
vt 0.351563 0.332968
vt 0.674837 0.230110
vt 0.329965 0.305572
vt 0.330778 0.318486
vt 0.313193 0.313492
vt 0.054137 0.890977
vt 0.854241 0.218723
vt 0.855690 0.218785
vt 0.205745 0.884465
vt 0.207357 0.885005
vt 0.780063 0.283191
vt 0.344124 0.346896
vt 0.679431 0.250731
vt 0.340689 0.332271
vt 0.891883 0.937472
vt 0.900583 0.950845
vt 0.891883 0.957085
vt 0.316449 0.323751
vt 0.853453 0.229654
vt 0.203272 0.895853
vt 0.204938 0.896150
vt 0.778971 0.284465
vt 0.336361 0.361647
vt 0.328243 0.333604
vt 0.564104 0.948513
vt 0.572772 0.962559
vt 0.564104 0.962914
vt 0.854886 0.229980
vt 0.201890 0.909470
vt 0.791594 0.295846
vt 0.335119 0.361181
vt 0.334721 0.346880
vt 0.317263 0.335531
vt 0.866390 0.219145
vt 0.862458 0.234444
vt 0.850513 0.244762
vt 0.203574 0.909570
vt 0.790591 0.297454
vt 0.326227 0.376206
vt 0.328088 0.361862
vt 0.324606 0.347878
vt 0.857537 0.250735
vt 0.851916 0.245320
vt 0.868858 0.237278
vt 0.862567 0.254991
vt 0.317168 0.348528
vt 0.201681 0.922252
vt 0.804351 0.307952
vt 0.325005 0.375859
vt 0.320845 0.362788
vt 0.847997 0.261011
vt 0.846637 0.260192
vt 0.203344 0.922230
vt 0.804620 0.309627
vt 0.313290 0.391722
vt 0.851366 0.266413
vt 0.854476 0.271040
vt 0.321485 0.376286
vt 0.841383 0.275536
vt 0.964590 0.491168
vt 0.966285 0.491425
vt 0.964464 0.503589
vt 0.966285 0.503922
vt 0.965578 0.661605
vt 0.964465 0.660791
vt 0.965578 0.643104
vt 0.313193 0.390704
vt 0.842595 0.276484
vt 0.317869 0.376662
vt 0.964705 0.519466
vt 0.844112 0.280325
vt 0.835164 0.294611
vt 0.314808 0.375595
vt 0.833787 0.294257
vt 0.965648 0.520323
vt 0.441029 0.015158
vt 0.436908 0.037746
vt 0.434220 0.014954
vt 0.446229 0.015984
vt 0.425330 0.036623
vt 0.447677 0.039291
vt 0.432779 0.060295
vt 0.448702 0.062590
vt 0.417190 0.058515
vt 0.449156 0.084084
vt 0.428841 0.081306
vt 0.410027 0.079167
vt 0.448437 0.105584
vt 0.425186 0.102715
vt 0.446994 0.123359
vt 0.404646 0.100547
vt 0.422395 0.120159
vt 0.419679 0.137618
vt 0.401507 0.118255
vt 0.444124 0.140197
vt 0.400123 0.135772
vt 0.400351 0.159046
vt 0.439191 0.163292
vt 0.417009 0.160669
vt 0.401531 0.182052
vt 0.433987 0.185498
vt 0.415089 0.183456
vt 0.413450 0.201629
vt 0.402021 0.199155
vt 0.428516 0.203328
vt 0.401666 0.216645
vt 0.421667 0.220278
vt 0.409855 0.218494
vt 0.406445 0.232883
vt 0.400434 0.231349
vt 0.415305 0.234239
vt 0.401697 0.246289
vt 0.253343 0.912144
vt 0.257274 0.900836
vt 0.257382 0.913466
vt 0.397586 0.244850
vt 0.407735 0.247379
vt 0.253459 0.926123
vt 0.395192 0.257993
vt 0.256104 0.926298
vt 0.400130 0.259315
vt 0.253343 0.940666
vt 0.397187 0.259645
vt 0.044805 0.017922
vt 0.051057 0.042832
vt 0.039089 0.019093
vt 0.050111 0.015911
vt 0.038027 0.048233
vt 0.061629 0.042296
vt 0.054019 0.072854
vt 0.071453 0.069816
vt 0.036184 0.077918
vt 0.077757 0.095507
vt 0.056690 0.099695
vt 0.036186 0.103647
vt 0.059315 0.126456
vt 0.082873 0.121464
vt 0.036672 0.129348
vt 0.061364 0.147679
vt 0.085275 0.142419
vt 0.037719 0.150699
vt 0.063344 0.168772
vt 0.086219 0.163880
vt 0.040057 0.171810
vt 0.064017 0.191416
vt 0.085326 0.188001
vt 0.044018 0.195669
vt 0.064779 0.218200
vt 0.082460 0.215779
vt 0.047474 0.219649
vt 0.077995 0.240200
vt 0.064121 0.239236
vt 0.048999 0.237495
vt 0.068383 0.262605
vt 0.057962 0.258126
vt 0.047095 0.253147
vt 0.059195 0.278509
vt 0.043248 0.268949
vt 0.049667 0.291636
vt 0.050786 0.273650
vt 0.948583 0.208753
vt 0.955099 0.211937
vt 0.949949 0.225257
vt 0.044014 0.287508
vt 0.039084 0.283602
vt 0.954998 0.228028
vt 0.969043 0.549490
vt 0.969043 0.567798
vt 0.966796 0.551741
vt 0.039555 0.302443
vt 0.033668 0.297834
vt 0.949935 0.241377
vt 0.953099 0.244457
vt 0.948583 0.260699
vt 0.964464 0.554925
vt 0.035502 0.301821
vt 0.800462 0.700032
vt 0.794906 0.702126
vt 0.795910 0.678062
vt 0.805246 0.698516
vt 0.786132 0.681921
vt 0.805635 0.674835
vt 0.810406 0.697229
vt 0.584061 0.661804
vt 0.590344 0.662348
vt 0.583155 0.683420
vt 0.816321 0.672260
vt 0.791332 0.656105
vt 0.593278 0.683614
vt 0.805770 0.651403
vt 0.821513 0.647616
vt 0.582460 0.705267
vt 0.778240 0.661654
vt 0.805644 0.630122
vt 0.595743 0.704916
vt 0.786899 0.635547
vt 0.825697 0.625752
vt 0.597094 0.725383
vt 0.580889 0.725852
vt 0.771038 0.642155
vt 0.804621 0.609244
vt 0.597329 0.746266
vt 0.579916 0.747190
vt 0.783214 0.615220
vt 0.765974 0.622376
vt 0.827587 0.604685
vt 0.596977 0.764052
vt 0.578888 0.764862
vt 0.780733 0.599097
vt 0.763112 0.605968
vt 0.803090 0.592229
vt 0.595550 0.781113
vt 0.827587 0.587735
vt 0.778487 0.583168
vt 0.578028 0.782356
vt 0.762171 0.589904
vt 0.800739 0.576964
vt 0.824988 0.573176
vt 0.592926 0.804278
vt 0.819097 0.553522
vt 0.564104 0.783850
vt 0.577602 0.805628
vt 0.564525 0.806914
vt 0.763367 0.568996
vt 0.797029 0.556739
vt 0.776861 0.562672
vt 0.589781 0.827330
vt 0.812312 0.535581
vt 0.576919 0.828629
vt 0.566139 0.829754
vt 0.793641 0.538164
vt 0.776421 0.542983
vt 0.587936 0.843301
vt 0.804879 0.521773
vt 0.577156 0.845749
vt 0.789953 0.523724
vt 0.586389 0.861410
vt 0.796889 0.508890
vt 0.568393 0.847998
vt 0.776278 0.527705
vt 0.578189 0.863278
vt 0.784911 0.510202
vt 0.586994 0.876479
vt 0.762171 0.961843
vt 0.762171 0.949843
vt 0.772445 0.952661
vt 0.571494 0.864953
vt 0.774268 0.513859
vt 0.580970 0.878070
vt 0.789737 0.499487
vt 0.780538 0.499756
vt 0.589498 0.890117
vt 0.575981 0.879474
vt 0.772801 0.502844
vt 0.812570 0.893702
vt 0.819980 0.899246
vt 0.813530 0.909358
vt 0.585131 0.891695
vt 0.581624 0.893042
vt 0.818255 0.913253
vt 0.775734 0.491168
vt 0.770246 0.493144
vt 0.593024 0.904303
vt 0.813862 0.925806
vt 0.590421 0.904999
vt 0.589281 0.906624
vt 0.816359 0.927178
vt 0.821933 0.917690
vt 0.817496 0.930072
vt 0.597329 0.919346
vt 0.812570 0.942145
vt 0.708682 0.492365
vt 0.713178 0.491604
vt 0.707992 0.518093
vt 0.703468 0.491735
vt 0.718802 0.519015
vt 0.698681 0.520403
vt 0.883792 0.491168
vt 0.888992 0.495210
vt 0.878328 0.519330
vt 0.710629 0.547612
vt 0.887232 0.527110
vt 0.694882 0.549352
vt 0.872886 0.548225
vt 0.725262 0.546770
vt 0.677553 0.550389
vt 0.885042 0.558248
vt 0.712298 0.573667
vt 0.693259 0.575316
vt 0.883349 0.582418
vt 0.868962 0.572883
vt 0.728805 0.570913
vt 0.672363 0.575926
vt 0.881617 0.606176
vt 0.865435 0.597404
vt 0.713525 0.599391
vt 0.731646 0.595019
vt 0.692151 0.600924
vt 0.863180 0.617636
vt 0.669062 0.601346
vt 0.714037 0.619532
vt 0.733005 0.614988
vt 0.879825 0.626577
vt 0.692449 0.620974
vt 0.668976 0.620817
vt 0.860926 0.637294
vt 0.671371 0.640594
vt 0.714535 0.639502
vt 0.733005 0.634975
vt 0.877252 0.645920
vt 0.694089 0.641110
vt 0.873139 0.668134
vt 0.675993 0.663270
vt 0.715931 0.660345
vt 0.858689 0.659176
vt 0.731479 0.657722
vt 0.696872 0.662827
vt 0.870010 0.686514
vt 0.683941 0.687505
vt 0.716960 0.684656
vt 0.856809 0.681325
vt 0.730310 0.680396
vt 0.701363 0.687184
vt 0.868772 0.699661
vt 0.693436 0.710055
vt 0.718856 0.703408
vt 0.856754 0.698148
vt 0.729864 0.696740
vt 0.706904 0.708025
vt 0.869117 0.711248
vt 0.705036 0.730128
vt 0.723798 0.717930
vt 0.859761 0.713901
vt 0.348001 0.420889
vt 0.346215 0.431534
vt 0.335342 0.428232
vt 0.715071 0.724784
vt 0.871866 0.726878
vt 0.313193 0.429433
vt 0.324399 0.427795
vt 0.319873 0.443112
vt 0.346004 0.444102
vt 0.338217 0.442398
vt 0.864856 0.730410
vt 0.329325 0.441720
vt 0.875652 0.742560
vt 0.328114 0.457221
vt 0.967132 0.596964
vt 0.968553 0.613937
vt 0.964464 0.613937
vt 0.346202 0.456809
vt 0.870727 0.745930
vt 0.340974 0.455946
vt 0.334819 0.455943
vt 0.881092 0.757831
vt 0.337419 0.471958
vt 0.867353 0.748239
vt 0.878760 0.761473
vt 0.877961 0.764801
vt 0.206175 0.954226
vt 0.201681 0.968028
vt 0.201681 0.951419
vt 0.340777 0.471997
vt 0.344817 0.472677
vt 0.888992 0.775794
vt 0.348001 0.487244
vt 0.381824 0.400390
vt 0.403792 0.401378
vt 0.383576 0.425717
vt 0.382818 0.374497
vt 0.403818 0.427334
vt 0.386517 0.357298
vt 0.405268 0.374932
vt 0.385543 0.447874
vt 0.407544 0.357258
vt 0.428241 0.402925
vt 0.404639 0.449709
vt 0.388424 0.468994
vt 0.392330 0.340298
vt 0.429157 0.376128
vt 0.405747 0.471004
vt 0.426863 0.429122
vt 0.399866 0.321689
vt 0.411195 0.339572
vt 0.429563 0.357946
vt 0.390237 0.487185
vt 0.450960 0.378176
vt 0.425339 0.451372
vt 0.414968 0.320992
vt 0.449412 0.360230
vt 0.406082 0.489263
vt 0.450908 0.404723
vt 0.448617 0.430514
vt 0.423617 0.472623
vt 0.408448 0.303114
vt 0.429995 0.339892
vt 0.466630 0.362985
vt 0.392163 0.505357
vt 0.445098 0.452582
vt 0.468759 0.406562
vt 0.465316 0.431520
vt 0.421800 0.490895
vt 0.419206 0.302733
vt 0.429938 0.321441
vt 0.447032 0.342116
vt 0.469244 0.380632
vt 0.405998 0.507541
vt 0.461039 0.453234
vt 0.455038 0.473723
vt 0.440536 0.473473
vt 0.429790 0.303291
vt 0.443932 0.323048
vt 0.461773 0.345227
vt 0.394344 0.520487
vt 0.436546 0.491425
vt 0.449996 0.491427
vt 0.439980 0.304208
vt 0.455738 0.325655
vt 0.406053 0.522959
vt 0.419750 0.509112
vt 0.444339 0.509061
vt 0.448665 0.305969
vt 0.396110 0.534044
vt 0.432702 0.509437
vt 0.417701 0.524497
vt 0.405566 0.537426
vt 0.438654 0.523632
vt 0.428921 0.524582
vt 0.083304 0.848677
vt 0.092911 0.848180
vt 0.084991 0.856063
vt 0.433403 0.536691
vt 0.415311 0.539333
vt 0.093787 0.856958
vt 0.086031 0.864487
vt 0.101983 0.849049
vt 0.424743 0.538787
vt 0.093594 0.866084
vt 0.460902 0.896523
vt 0.458877 0.903448
vt 0.452396 0.893992
vt 0.102169 0.858033
vt 0.085946 0.873709
vt 0.457626 0.911200
vt 0.450762 0.902749
vt 0.444728 0.892356
vt 0.443396 0.901828
vt 0.092210 0.875789
vt 0.450513 0.911510
vt 0.100892 0.867573
vt 0.444003 0.911324
vt 0.085486 0.883256
vt 0.457922 0.919236
vt 0.098326 0.877392
vt 0.090113 0.885401
vt 0.458959 0.927140
vt 0.451818 0.920434
vt 0.446344 0.920621
vt 0.084629 0.894943
vt 0.454316 0.928737
vt 0.086751 0.896154
vt 0.460902 0.936371
vt 0.094796 0.886850
vt 0.450048 0.929173
vt 0.083304 0.906440
vt 0.255671 0.969833
vt 0.255671 0.979504
vt 0.253343 0.970526
vt 0.458757 0.937327
vt 0.626496 0.978511
vt 0.626496 0.969684
vt 0.631212 0.976913
vt 0.087949 0.898310
vt 0.090842 0.897020
vt 0.255917 0.819861
vt 0.256179 0.838882
vt 0.254691 0.820337
vt 0.255781 0.800086
vt 0.254950 0.839517
vt 0.254722 0.799639
vt 0.255787 0.855639
vt 0.253736 0.838934
vt 0.253475 0.819671
vt 0.385531 0.356790
vt 0.391430 0.339900
vt 0.067103 0.360741
vt 0.076113 0.378888
vt 0.056284 0.377017
vt 0.253343 0.799733
vt 0.381824 0.374213
vt 0.253343 0.855854
vt 0.254698 0.856222
vt 0.254799 0.871669
vt 0.051234 0.358938
vt 0.057133 0.342723
vt 0.083070 0.395686
vt 0.060453 0.394978
vt 0.033686 0.378372
vt 0.046129 0.341337
vt 0.255663 0.752107
vt 0.257012 0.752795
vt 0.253343 0.770473
vt 0.087843 0.412835
vt 0.063643 0.413809
vt 0.088901 0.412757
vt 0.091570 0.438798
vt 0.253464 0.871225
vt 0.034879 0.397113
vt 0.033321 0.360152
vt 0.257792 0.733086
vt 0.090460 0.438800
vt 0.036671 0.416267
vt 0.016248 0.382433
vt 0.019372 0.363249
vt 0.033756 0.342483
vt 0.259158 0.733653
vt 0.091481 0.464369
vt 0.066485 0.441335
vt 0.040121 0.444100
vt 0.014583 0.401184
vt 0.566263 0.248653
vt 0.563824 0.233732
vt 0.581506 0.239999
vt 0.023302 0.344425
vt 0.257901 0.716213
vt 0.090339 0.464373
vt 0.068047 0.468368
vt 0.014877 0.420407
vt 0.583274 0.223335
vt 0.562043 0.220236
vt 0.579429 0.257466
vt 0.569612 0.263997
vt 0.255888 0.699506
vt 0.259264 0.716678
vt 0.091030 0.486746
vt 0.089881 0.486806
vt 0.044161 0.471927
vt 0.561117 0.207970
vt 0.583800 0.196040
vt 0.583799 0.208731
vt 0.626496 0.920636
vt 0.635778 0.910595
vt 0.635778 0.940517
vt 0.582996 0.239626
vt 0.581011 0.257800
vt 0.257248 0.699897
vt 0.089659 0.508084
vt 0.023528 0.474391
vt 0.069380 0.490830
vt 0.658432 0.298389
vt 0.681823 0.300034
vt 0.666205 0.316712
vt 0.585375 0.195898
vt 0.584697 0.223060
vt 0.449512 0.304864
vt 0.457104 0.325341
vt 0.253343 0.685633
vt 0.017997 0.447895
vt 0.689027 0.320165
vt 0.088522 0.508231
vt 0.047645 0.493838
vt 0.664673 0.317015
vt 0.656883 0.298665
vt 0.585375 0.208667
vt 0.463278 0.345001
vt 0.254685 0.685995
vt 0.089166 0.526355
vt 0.694933 0.341685
vt 0.674571 0.336217
vt 0.028670 0.496338
vt 0.070592 0.512543
vt 0.673030 0.336499
vt 0.470770 0.380527
vt 0.468144 0.362655
vt 0.085937 0.935607
vt 0.083304 0.947971
vt 0.084409 0.935976
vt 0.699069 0.360102
vt 0.701927 0.378793
vt 0.685920 0.373029
vt 0.014583 0.496993
vt 0.034612 0.517411
vt 0.680858 0.354350
vt 0.088037 0.526582
vt 0.088513 0.544546
vt 0.470256 0.406648
vt 0.679300 0.354584
vt 0.084980 0.947701
vt 0.051584 0.515432
vt 0.689213 0.389289
vt 0.072046 0.531030
vt 0.466773 0.431731
vt 0.684353 0.373191
vt 0.083534 0.958131
vt 0.703387 0.395105
vt 0.039876 0.535382
vt 0.087476 0.544920
vt 0.087485 0.559887
vt 0.462464 0.453571
vt 0.687627 0.389392
vt 0.085207 0.957716
vt 0.055134 0.534000
vt 0.073606 0.549436
vt 0.456450 0.474168
vt 0.691808 0.406101
vt 0.451399 0.491922
vt 0.085937 0.967024
vt 0.086519 0.560430
vt 0.058879 0.552342
vt 0.690388 0.406004
vt 0.445788 0.509549
vt 0.704217 0.411719
vt 0.045451 0.553245
vt 0.976188 0.818233
vt 0.975100 0.818775
vt 0.975100 0.804961
vt 0.086919 0.573589
vt 0.074905 0.565230
vt 0.692207 0.420734
vt 0.440060 0.524297
vt 0.703937 0.426727
vt 0.693521 0.421025
vt 0.051046 0.568458
vt 0.819488 0.732438
vt 0.815590 0.738652
vt 0.818539 0.731293
vt 0.086077 0.574724
vt 0.522611 0.201485
vt 0.521758 0.209362
vt 0.521184 0.200947
vt 0.531950 0.195898
vt 0.062616 0.568472
vt 0.694072 0.435205
vt 0.817010 0.739525
vt 0.077179 0.580877
vt 0.692810 0.434375
vt 0.434640 0.537517
vt 0.701965 0.442106
vt 0.056623 0.583659
vt 0.813258 0.747106
vt 0.520267 0.209465
vt 0.510641 0.200525
vt 0.522060 0.218113
vt 0.687444 0.439830
vt 0.627522 0.818875
vt 0.629428 0.825865
vt 0.626496 0.819981
vt 0.066793 0.583659
vt 0.814841 0.747725
vt 0.520673 0.218407
vt 0.510571 0.211087
vt 0.501731 0.203202
vt 0.688158 0.441219
vt 0.628045 0.826741
vt 0.812570 0.756686
vt 0.523893 0.227534
vt 0.512432 0.221562
vt 0.502488 0.213745
vt 0.693438 0.449315
vt 0.707662 0.448331
vt 0.698323 0.455227
vt 0.680980 0.444601
vt 0.631128 0.834125
vt 0.814118 0.757080
vt 0.522610 0.228070
vt 0.505269 0.224857
vt 0.684339 0.454324
vt 0.681478 0.446031
vt 0.687914 0.460188
vt 0.629567 0.834736
vt 0.813135 0.766816
vt 0.526258 0.237201
vt 0.516105 0.231667
vt 0.673846 0.449475
vt 0.673628 0.447938
vt 0.631821 0.843767
vt 0.814701 0.767121
vt 0.525158 0.237950
vt 0.509948 0.234695
vt 0.675163 0.456818
vt 0.678068 0.462001
vt 0.666178 0.450544
vt 0.630240 0.844129
vt 0.631522 0.854057
vt 0.815159 0.779597
vt 0.529614 0.249105
vt 0.520456 0.241472
vt 0.666129 0.452056
vt 0.629899 0.854320
vt 0.816822 0.779796
vt 0.528639 0.249935
vt 0.515495 0.243982
vt 0.666187 0.458152
vt 0.511879 0.245458
vt 0.505403 0.236639
vt 0.657139 0.452943
vt 0.630080 0.867131
vt 0.819488 0.792392
vt 0.531950 0.261825
vt 0.526232 0.251939
vt 0.656883 0.457591
vt 0.656988 0.454365
vt 0.936867 0.953734
vt 0.930908 0.945691
vt 0.937870 0.952820
vt 0.934173 0.955333
vt 0.937406 0.964210
vt 0.931375 0.963871
vt 0.628349 0.867280
vt 0.818593 0.793594
vt 0.817456 0.793204
vt 0.524398 0.254188
vt 0.930908 0.954228
vt 0.931294 0.944143
vt 0.626496 0.880258
vt 0.627275 0.881428
vt 0.586942 0.034342
vt 0.599495 0.039656
vt 0.591298 0.021701
vt 0.569813 0.097111
vt 0.558121 0.090131
s 1
usemtl Body
f 97/1/1 29/2/2 98/3/3
f 29/2/2 99/4/4 98/3/3
f 29/2/2 14/5/5 99/4/4
f 98/3/3 99/4/4 147/6/6
f 14/5/5 13/7/7 77/8/8
f 98/3/3 147/6/6 146/9/9
f 99/4/4 14/5/5 78/10/10
f 14/5/5 77/8/8 78/10/10
f 13/11/7 23/12/11 77/13/8
f 147/6/6 100/14/12 146/9/9
f 99/4/4 78/10/10 144/15/13
f 23/12/11 25/16/14 89/17/15
f 77/8/8 23/18/11 90/19/16
f 23/12/11 89/17/15 90/20/16
f 147/6/6 101/21/17 100/14/12
f 99/4/4 144/15/13 145/22/18
f 147/6/6 145/22/18 101/21/17
f 147/6/6 99/4/4 145/22/18
f 78/10/10 77/8/8 143/23/19
f 78/10/10 143/23/19 144/15/13
f 25/24/14 128/25/20 89/26/15
f 90/19/16 89/27/15 154/28/21
f 100/14/12 101/21/17 102/29/22
f 145/22/18 144/15/13 74/30/23
f 145/22/18 74/30/23 101/21/17
f 77/8/8 142/31/24 141/32/25
f 77/8/8 141/32/25 143/23/19
f 77/8/8 90/19/16 142/31/24
f 128/33/20 129/34/26 89/35/15
f 154/28/21 4/36/27 153/37/28
f 90/19/16 154/28/21 153/37/28
f 90/19/16 153/37/28 142/31/24
f 102/29/22 101/21/17 103/38/29
f 101/21/17 74/30/23 103/38/29
f 144/15/13 143/23/19 73/39/30
f 144/15/13 73/39/30 74/30/23
f 141/32/25 142/31/24 80/40/31
f 128/41/20 19/42/32 87/43/33
f 128/41/20 87/43/33 129/44/26
f 89/27/15 155/45/34 154/28/21
f 4/36/27 3/46/35 2/47/36
f 153/37/28 2/47/36 104/48/37
f 153/37/28 104/48/37 142/31/24
f 142/31/24 104/48/37 80/40/31
f 153/37/28 4/36/27 2/47/36
f 102/49/22 103/50/29 41/51/38
f 143/23/19 141/32/25 79/52/39
f 141/32/25 80/40/31 79/52/39
f 143/23/19 79/52/39 73/39/30
f 74/30/23 73/39/30 72/53/40
f 74/30/23 72/53/40 103/38/29
f 19/42/32 88/54/41 87/43/33
f 129/44/26 87/43/33 125/55/42
f 89/56/15 129/44/26 156/57/43
f 89/56/15 156/57/43 155/58/34
f 154/28/21 155/45/34 5/59/44
f 155/58/34 156/57/43 5/60/44
f 154/28/21 5/59/44 4/36/27
f 3/46/35 1/61/45 2/47/36
f 104/48/37 2/47/36 105/62/46
f 41/51/38 103/50/29 42/63/47
f 103/38/29 72/53/40 42/64/47
f 80/40/31 81/65/48 79/52/39
f 79/52/39 81/65/48 73/39/30
f 19/42/32 21/66/49 88/54/41
f 87/43/33 151/67/50 152/68/51
f 87/43/33 152/68/51 125/55/42
f 87/43/33 88/54/41 151/67/50
f 129/44/26 124/69/52 156/57/43
f 129/44/26 125/55/42 124/69/52
f 5/60/44 6/70/53 7/71/54
f 5/59/44 7/72/54 4/36/27
f 156/57/43 6/70/53 5/60/44
f 156/57/43 124/69/52 6/70/53
f 4/36/27 7/72/54 3/46/35
f 1/61/45 9/73/55 2/47/36
f 2/47/36 9/73/55 105/62/46
f 104/48/37 82/74/56 80/40/31
f 80/40/31 82/74/56 81/65/48
f 104/48/37 105/62/46 82/74/56
f 72/53/40 73/39/30 71/75/57
f 73/39/30 81/65/48 71/75/57
f 42/64/47 72/53/40 40/76/58
f 21/66/49 36/77/59 135/78/60
f 21/66/49 135/78/60 88/54/41
f 152/68/51 56/79/61 54/80/62
f 152/68/51 151/67/50 56/79/61
f 152/68/51 54/80/62 125/55/42
f 124/69/52 122/81/63 10/82/64
f 124/69/52 10/82/64 6/70/53
f 125/55/42 54/80/62 122/81/63
f 125/55/42 122/81/63 124/69/52
f 7/71/54 6/70/53 8/83/65
f 3/46/35 7/72/54 250/84/66
f 1/61/45 225/85/67 224/86/68
f 9/73/55 109/87/69 107/88/70
f 9/73/55 107/88/70 105/62/46
f 9/73/55 1/61/45 224/86/68
f 9/73/55 224/86/68 109/87/69
f 82/74/56 68/89/71 66/90/72
f 68/89/71 105/62/46 107/88/70
f 82/74/56 66/90/72 81/65/48
f 81/65/48 66/90/72 71/75/57
f 82/74/56 105/62/46 68/89/71
f 72/53/40 71/75/57 39/91/73
f 39/91/73 40/76/58 72/53/40
f 39/91/73 71/75/57 66/90/72
f 36/92/59 97/93/1 135/94/60
f 88/54/41 135/78/60 150/95/74
f 56/79/61 55/96/75 54/80/62
f 10/82/64 11/97/76 12/98/77
f 6/70/53 12/98/77 8/83/65
f 6/70/53 10/82/64 12/98/77
f 3/46/35 226/99/78 1/61/45
f 1/61/45 226/99/78 225/85/67
f 3/46/35 250/84/66 226/99/78
f 7/71/54 8/83/65 249/100/79
f 7/72/54 249/101/79 250/84/66
f 224/102/68 228/103/80 109/104/69
f 97/105/1 98/106/3 135/78/60
f 88/54/41 150/95/74 151/67/50
f 56/79/61 139/107/81 55/96/75
f 151/67/50 150/95/74 139/107/81
f 151/67/50 139/107/81 56/79/61
f 54/80/62 55/96/75 53/108/82
f 11/97/76 10/82/64 123/109/83
f 12/98/77 245/110/84 246/111/85
f 225/85/67 226/99/78 179/112/86
f 8/83/65 12/98/77 248/113/87
f 12/98/77 11/97/76 245/110/84
f 12/98/77 246/111/85 248/113/87
f 8/83/65 248/113/87 249/100/79
f 250/84/66 180/114/88 226/99/78
f 226/99/78 180/114/88 179/112/86
f 224/102/68 230/115/89 228/103/80
f 224/102/68 225/116/67 230/115/89
f 98/106/3 148/117/90 135/78/60
f 150/95/74 91/118/91 139/107/81
f 54/80/62 53/108/82 122/81/63
f 122/81/63 123/109/83 10/82/64
f 122/81/63 53/108/82 123/109/83
f 55/96/75 139/107/81 140/119/92
f 139/107/81 91/118/91 140/119/92
f 11/97/76 123/109/83 121/120/93
f 245/110/84 247/121/94 246/111/85
f 248/113/87 201/122/95 249/100/79
f 250/84/66 187/123/96 180/114/88
f 250/84/66 249/101/79 187/123/96
f 179/112/86 180/114/88 181/124/97
f 225/116/67 179/125/86 177/126/98
f 225/116/67 177/126/98 230/115/89
f 98/3/3 146/9/9 148/127/90
f 135/78/60 148/117/90 149/128/99
f 149/128/99 91/118/91 150/95/74
f 149/128/99 150/95/74 135/78/60
f 149/128/99 148/117/90 91/118/91
f 53/108/82 49/129/100 123/109/83
f 123/109/83 49/129/100 121/120/93
f 53/108/82 55/96/75 49/129/100
f 140/119/92 91/118/91 93/130/101
f 11/97/76 121/120/93 120/131/102
f 11/97/76 120/131/102 245/110/84
f 247/121/94 216/132/103 246/111/85
f 248/113/87 246/111/85 199/133/104
f 246/111/85 216/132/103 199/133/104
f 248/113/87 199/133/104 201/122/95
f 249/101/79 188/134/105 187/123/96
f 249/100/79 201/122/95 188/135/105
f 180/114/88 182/136/106 181/124/97
f 180/114/88 187/123/96 182/136/106
f 177/126/98 179/125/86 175/137/107
f 179/125/86 181/138/97 175/137/107
f 146/9/9 92/139/108 148/127/90
f 91/118/91 92/140/108 93/130/101
f 91/118/91 148/117/90 92/140/108
f 55/96/75 50/141/109 49/129/100
f 55/96/75 140/119/92 50/141/109
f 120/131/102 244/142/110 245/110/84
f 245/110/84 244/142/110 247/121/94
f 216/132/103 217/143/111 199/133/104
f 201/122/95 199/133/104 200/144/112
f 199/133/104 217/143/111 200/144/112
f 188/134/105 189/145/113 187/123/96
f 187/123/96 189/145/113 182/136/106
f 181/124/97 182/136/106 205/146/114
f 175/147/107 181/148/97 197/149/115
f 181/148/97 205/150/114 197/149/115
f 146/9/9 100/14/12 92/139/108
f 93/130/101 92/140/108 94/151/116
f 92/139/108 100/14/12 94/152/116
f 140/119/92 138/153/117 50/141/109
f 140/154/92 93/155/101 138/156/117
f 244/142/110 243/157/118 247/121/94
f 216/132/103 214/158/119 215/159/120
f 214/158/119 247/121/94 243/157/118
f 216/132/103 215/159/120 217/143/111
f 216/132/103 247/121/94 214/158/119
f 201/122/95 200/144/112 202/160/121
f 201/122/95 202/160/121 188/135/105
f 189/145/113 188/134/105 190/161/122
f 188/135/105 202/160/121 190/162/122
f 182/136/106 189/145/113 204/163/123
f 182/136/106 204/163/123 205/146/114
f 197/149/115 205/150/114 185/164/124
f 100/14/12 102/29/22 94/152/116
f 93/155/101 47/165/125 138/156/117
f 215/159/120 193/166/126 217/143/111
f 200/144/112 206/167/127 202/160/121
f 200/144/112 217/143/111 206/167/127
f 190/162/122 208/168/128 169/169/129
f 202/160/121 206/167/127 208/168/128
f 202/160/121 208/168/128 190/162/122
f 189/170/113 190/162/122 170/171/130
f 204/172/123 170/173/130 205/150/114
f 204/163/123 189/145/113 170/174/130
f 190/162/122 169/169/129 170/171/130
f 185/164/124 205/150/114 168/175/131
f 170/173/130 169/176/129 168/175/131
f 170/173/130 168/175/131 205/150/114
f 102/49/22 41/51/38 94/177/116
f 93/155/101 94/177/116 45/178/132
f 45/178/132 47/165/125 93/155/101
f 45/178/132 94/177/116 41/51/38
f 193/179/126 194/180/133 207/181/134
f 206/167/127 217/143/111 207/182/134
f 217/143/111 193/166/126 207/182/134
f 206/167/127 207/182/134 208/168/128
f 185/164/124 168/175/131 183/183/135
f 169/176/129 167/184/136 168/175/131
f 183/183/135 167/184/136 194/185/133
f 183/183/135 168/175/131 167/184/136
f 207/182/134 209/186/137 208/168/128
f 209/187/137 167/188/136 169/189/129
f 209/190/137 194/185/133 167/184/136
f 209/190/137 207/191/134 194/185/133
f 209/192/137 169/193/129 208/194/128
f 259/195/138 253/196/139 160/197/140
f 253/198/139 252/199/141 159/200/142
f 253/196/139 159/201/142 160/197/140
f 252/202/141 251/203/143 158/204/144
f 252/199/141 158/205/144 159/200/142
f 160/197/140 31/206/145 95/207/146
f 159/200/142 158/205/144 31/208/145
f 159/201/142 31/206/145 160/197/140
f 251/203/143 157/209/147 158/204/144
f 95/207/146 31/206/145 96/210/148
f 251/211/143 256/212/149 157/213/147
f 158/205/144 157/214/147 17/215/150
f 158/205/144 17/215/150 31/208/145
f 96/210/148 31/206/145 30/216/151
f 31/208/145 17/215/150 30/217/151
f 256/212/149 257/218/152 166/219/153
f 256/212/149 166/219/153 157/213/147
f 96/210/148 30/216/151 97/93/1
f 17/215/150 18/220/154 16/221/155
f 17/215/150 157/214/147 18/220/154
f 157/213/147 166/219/153 18/222/154
f 17/215/150 16/221/155 30/217/151
f 257/218/152 165/223/156 166/219/153
f 97/93/1 30/216/151 29/224/2
f 30/217/151 16/221/155 29/2/2
f 18/220/154 15/225/157 16/221/155
f 257/218/152 260/226/158 164/227/159
f 257/218/152 164/227/159 165/223/156
f 166/219/153 165/223/156 27/228/160
f 18/222/154 27/228/160 15/229/157
f 18/222/154 166/219/153 27/228/160
f 29/2/2 16/221/155 14/5/5
f 16/221/155 15/225/157 14/5/5
f 260/230/158 255/231/161 163/232/162
f 260/230/158 163/232/162 164/233/159
f 165/223/156 164/227/159 28/234/163
f 165/223/156 28/234/163 27/228/160
f 15/225/157 13/7/7 14/5/5
f 255/235/161 254/236/164 162/237/165
f 255/235/161 162/237/165 163/238/162
f 164/233/159 163/232/162 33/239/166
f 28/234/163 24/240/167 27/228/160
f 15/229/157 27/228/160 24/240/167
f 15/229/157 24/240/167 13/11/7
f 254/241/164 161/242/168 162/243/165
f 164/244/159 33/245/166 126/246/169
f 164/227/159 126/247/169 28/234/163
f 163/238/162 162/237/165 32/248/170
f 163/238/162 32/248/170 33/245/166
f 24/240/167 25/16/14 23/12/11
f 23/12/11 13/11/7 24/240/167
f 254/241/164 258/249/171 161/242/168
f 126/247/169 26/250/172 28/234/163
f 24/240/167 26/250/172 25/16/14
f 24/240/167 28/234/163 26/250/172
f 162/243/165 35/251/173 32/252/170
f 162/243/165 161/242/168 35/251/173
f 33/245/166 32/248/170 22/253/174
f 258/249/171 160/197/140 161/242/168
f 126/247/169 127/254/175 26/250/172
f 26/250/172 127/254/175 25/16/14
f 35/251/173 34/255/176 32/252/170
f 32/252/170 34/255/176 22/256/174
f 33/245/166 22/253/174 20/257/177
f 126/246/169 33/245/166 20/257/177
f 126/246/169 20/257/177 127/258/175
f 258/249/171 259/195/138 160/197/140
f 161/242/168 95/207/146 35/251/173
f 161/242/168 160/197/140 95/207/146
f 25/16/14 127/254/175 128/259/20
f 34/255/176 36/92/59 22/256/174
f 20/257/177 21/66/49 19/42/32
f 19/42/32 128/41/20 127/258/175
f 21/260/49 22/256/174 36/92/59
f 20/257/177 22/253/174 21/66/49
f 20/257/177 19/42/32 127/258/175
f 35/251/173 96/210/148 34/255/176
f 35/251/173 95/207/146 96/210/148
f 36/92/59 34/255/176 97/93/1
f 97/93/1 34/255/176 96/210/148
f 357/261/178 358/262/179 289/263/180
f 358/262/179 359/264/181 289/263/180
f 358/262/179 406/265/182 407/266/183
f 358/262/179 407/266/183 359/264/181
f 289/267/180 359/268/181 275/269/184
f 406/265/182 363/270/185 407/266/183
f 359/268/181 337/271/186 275/269/184
f 363/270/185 362/272/187 361/273/188
f 363/270/185 361/273/188 407/266/183
f 359/268/181 404/274/189 337/271/186
f 275/269/184 337/271/186 338/275/190
f 362/272/187 360/276/191 361/273/188
f 407/277/183 361/278/188 405/279/192
f 359/268/181 407/277/183 405/279/192
f 359/268/181 405/279/192 404/274/189
f 275/269/184 338/275/190 273/280/193
f 337/271/186 403/281/194 338/275/190
f 337/271/186 404/274/189 403/281/194
f 362/282/187 301/283/195 360/284/191
f 361/278/188 360/285/191 331/286/196
f 405/279/192 331/286/196 404/274/189
f 405/279/192 361/278/188 331/286/196
f 273/280/193 338/275/190 286/287/197
f 403/281/194 342/288/198 402/289/199
f 301/283/195 303/290/200 360/284/191
f 404/274/189 333/291/201 403/281/194
f 403/281/194 402/289/199 338/275/190
f 403/281/194 333/291/201 342/288/198
f 404/274/189 331/286/196 333/291/201
f 286/287/197 349/292/202 285/293/203
f 303/290/200 332/294/204 360/284/191
f 331/286/196 332/295/204 333/291/201
f 331/296/196 360/284/191 332/294/204
f 402/289/199 340/297/205 401/298/206
f 402/289/199 401/298/206 338/275/190
f 402/289/199 342/288/198 340/297/205
f 286/287/197 350/299/207 349/292/202
f 338/275/190 401/298/206 350/299/207
f 338/275/190 350/299/207 286/287/197
f 285/300/203 349/301/202 388/302/208
f 303/290/200 297/303/209 332/294/204
f 333/291/201 332/295/204 334/304/210
f 342/288/198 341/305/211 340/297/205
f 333/291/201 341/305/211 342/288/198
f 333/291/201 334/304/210 341/305/211
f 401/298/206 340/297/205 365/306/212
f 350/299/207 414/307/213 349/292/202
f 388/302/208 349/301/202 389/308/214
f 297/303/209 299/309/215 332/294/204
f 332/294/204 299/309/215 334/310/210
f 341/305/211 339/311/216 340/297/205
f 340/297/205 339/311/216 365/306/212
f 401/298/206 365/306/212 413/312/217
f 350/299/207 401/298/206 413/312/217
f 350/299/207 413/312/217 414/307/213
f 388/302/208 348/313/218 282/314/219
f 388/315/208 389/316/214 348/317/218
f 349/292/202 414/307/213 415/318/220
f 299/319/215 327/320/221 334/304/210
f 341/305/211 334/304/210 327/320/221
f 341/305/211 327/320/221 339/311/216
f 365/306/212 364/321/222 263/322/223
f 365/306/212 263/322/223 413/312/217
f 365/306/212 339/311/216 364/321/222
f 282/323/219 347/324/224 281/325/225
f 282/323/219 348/317/218 347/324/224
f 389/316/214 384/326/226 348/317/218
f 349/327/202 415/328/220 416/329/227
f 349/327/202 416/329/227 389/316/214
f 414/307/213 413/312/217 264/330/228
f 413/312/217 263/322/223 264/330/228
f 327/320/221 328/331/229 339/311/216
f 339/311/216 328/331/229 364/321/222
f 281/325/225 347/324/224 395/332/230
f 384/326/226 385/333/231 382/334/232
f 389/316/214 416/329/227 385/333/231
f 389/316/214 385/333/231 384/326/226
f 348/317/218 410/335/233 347/324/224
f 415/318/220 414/307/213 268/336/234
f 414/307/213 264/330/228 268/336/234
f 415/328/220 268/337/234 416/329/227
f 263/322/223 261/338/235 262/339/236
f 328/331/229 368/340/237 364/321/222
f 281/325/225 395/332/230 296/341/238
f 382/334/232 270/342/239 383/343/240
f 385/333/231 270/342/239 382/334/232
f 384/326/226 382/334/232 314/344/241
f 348/317/218 412/345/242 410/335/233
f 384/326/226 314/344/241 412/345/242
f 384/326/226 412/345/242 348/317/218
f 347/324/224 410/335/233 411/346/243
f 347/324/224 411/346/243 395/332/230
f 264/330/228 263/322/223 262/339/236
f 268/337/234 267/347/244 266/348/245
f 268/337/234 266/348/245 416/329/227
f 264/330/228 262/339/236 267/349/244
f 385/333/231 266/348/245 270/342/239
f 385/333/231 416/329/227 266/348/245
f 264/330/228 267/349/244 268/336/234
f 261/338/235 263/322/223 269/350/246
f 364/321/222 368/340/237 269/350/246
f 364/321/222 269/350/246 263/322/223
f 296/341/238 395/332/230 357/261/178
f 383/343/240 270/342/239 272/351/247
f 382/334/232 316/352/248 314/344/241
f 382/334/232 383/343/240 316/352/248
f 412/345/242 313/353/249 410/335/233
f 412/345/242 314/344/241 313/353/249
f 411/346/243 410/335/233 399/354/250
f 410/335/233 313/353/249 399/354/250
f 262/339/236 510/355/251 267/349/244
f 266/348/245 267/347/244 265/356/252
f 261/338/235 484/357/253 485/358/254
f 368/340/237 369/359/255 269/350/246
f 269/350/246 484/357/253 261/338/235
f 269/350/246 369/359/255 484/357/253
f 395/332/230 358/262/179 357/261/178
f 270/342/239 271/360/256 272/351/247
f 266/348/245 265/356/252 271/360/256
f 266/348/245 271/360/256 270/342/239
f 383/343/240 272/351/247 381/361/257
f 316/352/248 315/362/258 314/344/241
f 313/353/249 314/344/241 315/362/258
f 313/353/249 315/362/258 399/354/250
f 411/346/243 399/354/250 351/363/259
f 262/339/236 261/338/235 486/364/260
f 261/338/235 485/358/254 486/364/260
f 262/339/236 486/364/260 510/355/251
f 267/347/244 509/365/261 265/356/252
f 267/349/244 510/355/251 509/366/261
f 369/359/255 489/367/262 484/357/253
f 395/332/230 408/368/263 358/262/179
f 271/360/256 505/369/264 506/370/265
f 383/343/240 381/361/257 309/371/266
f 316/352/248 383/343/240 309/371/266
f 316/352/248 309/371/266 315/362/258
f 272/351/247 380/372/267 381/361/257
f 272/351/247 271/360/256 506/370/265
f 272/351/247 506/370/265 380/372/267
f 411/346/243 351/363/259 409/373/268
f 409/373/268 395/332/230 411/346/243
f 409/373/268 351/363/259 408/368/263
f 409/373/268 408/368/263 395/332/230
f 399/354/250 315/362/258 400/374/269
f 399/354/250 400/374/269 351/363/259
f 485/358/254 439/375/270 486/364/260
f 265/356/252 508/376/271 271/360/256
f 271/360/256 508/376/271 505/369/264
f 265/356/252 509/365/261 508/376/271
f 510/355/251 441/377/272 450/378/273
f 510/355/251 486/364/260 441/377/272
f 486/364/260 439/375/270 441/377/272
f 510/355/251 450/378/273 509/366/261
f 489/367/262 490/379/274 484/357/253
f 484/357/253 490/379/274 485/358/254
f 358/262/179 408/368/263 406/265/182
f 309/371/266 311/380/275 315/362/258
f 315/362/258 311/380/275 400/374/269
f 506/370/265 505/369/264 507/381/276
f 380/382/267 506/383/265 504/384/277
f 506/383/265 507/385/276 504/384/277
f 351/363/259 352/386/278 353/387/279
f 351/363/259 353/387/279 408/368/263
f 408/368/263 353/387/279 406/265/182
f 351/363/259 400/374/269 352/386/278
f 508/376/271 509/365/261 461/388/280
f 439/375/270 440/389/281 441/377/272
f 450/378/273 449/390/282 448/391/283
f 509/366/261 450/378/273 448/391/283
f 509/365/261 448/392/283 461/388/280
f 490/379/274 437/393/284 485/358/254
f 485/358/254 437/393/284 439/375/270
f 311/380/275 398/394/285 400/374/269
f 400/374/269 398/394/285 352/386/278
f 505/369/264 508/376/271 462/395/286
f 508/376/271 461/388/280 462/395/286
f 507/381/276 505/369/264 477/396/287
f 505/369/264 462/395/286 477/396/287
f 504/384/277 507/385/276 503/397/288
f 353/387/279 352/386/278 354/398/289
f 406/265/182 353/387/279 363/270/185
f 353/387/279 354/398/289 363/270/185
f 440/389/281 442/399/290 441/377/272
f 450/378/273 442/399/290 449/390/282
f 450/378/273 441/377/272 442/399/290
f 448/391/283 449/390/282 447/400/291
f 437/393/284 438/401/292 439/375/270
f 439/375/270 438/401/292 440/389/281
f 398/394/285 307/402/293 352/386/278
f 461/388/280 459/403/294 460/404/295
f 461/388/280 460/404/295 462/395/286
f 448/392/283 447/405/291 459/403/294
f 448/392/283 459/403/294 461/388/280
f 477/396/287 462/395/286 476/406/296
f 462/395/286 460/404/295 476/406/296
f 507/385/276 477/407/287 474/408/297
f 507/385/276 474/408/297 503/397/288
f 354/398/289 362/272/187 363/270/185
f 442/399/290 464/409/298 449/390/282
f 438/401/292 458/410/299 440/389/281
f 307/402/293 308/411/300 352/386/278
f 352/386/278 308/411/300 354/398/289
f 447/405/291 467/412/301 459/403/294
f 460/404/295 459/403/294 466/413/302
f 459/403/294 467/412/301 466/413/302
f 460/414/295 466/415/302 476/416/296
f 477/407/287 476/417/296 472/418/303
f 477/407/287 472/418/303 474/408/297
f 362/282/187 354/419/289 301/283/195
f 301/283/195 354/419/289 308/420/300
f 442/399/290 440/389/281 465/421/304
f 440/389/281 458/410/299 465/421/304
f 442/399/290 465/421/304 464/409/298
f 449/390/282 430/422/305 447/400/291
f 464/409/298 465/421/304 430/422/305
f 464/409/298 430/422/305 449/390/282
f 467/423/301 468/424/306 466/425/302
f 466/426/302 468/427/306 476/428/296
f 472/429/303 476/430/296 453/431/307
f 476/430/296 468/424/306 453/431/307
f 458/432/299 445/433/308 465/434/304
f 447/400/291 428/435/309 467/436/301
f 447/400/291 430/422/305 428/435/309
f 468/424/306 467/423/301 469/437/310
f 467/423/301 428/438/309 469/437/310
f 453/431/307 468/424/306 451/439/311
f 468/424/306 469/437/310 451/439/311
f 445/433/308 429/440/312 465/434/304
f 430/441/305 429/442/312 428/438/309
f 430/422/305 465/421/304 429/443/312
f 469/437/310 428/438/309 427/444/313
f 428/438/309 429/442/312 427/444/313
f 469/437/310 427/444/313 451/439/311
f 445/445/308 446/446/314 429/442/312
f 446/446/314 427/444/313 429/442/312
f 427/444/313 446/446/314 451/439/311
f 519/447/315 420/448/316 513/449/317
f 420/448/316 356/450/318 291/451/319
f 513/449/317 419/452/320 511/453/321
f 420/448/316 291/451/319 419/452/320
f 420/448/316 419/452/320 513/449/317
f 356/450/318 355/454/322 291/451/319
f 511/455/321 417/456/323 512/457/324
f 419/452/320 291/451/319 417/458/323
f 419/452/320 417/458/323 511/453/321
f 355/454/322 290/459/325 291/451/319
f 512/457/324 417/456/323 418/460/326
f 355/454/322 357/461/178 290/459/325
f 291/451/319 290/459/325 278/462/327
f 417/456/323 278/463/327 418/460/326
f 417/458/323 291/451/319 278/462/327
f 512/457/324 418/460/326 516/464/328
f 357/461/178 289/465/180 290/459/325
f 278/463/327 276/466/329 277/467/330
f 278/463/327 277/467/330 418/460/326
f 290/459/325 289/465/180 276/468/329
f 290/459/325 276/468/329 278/462/327
f 516/469/328 426/470/331 517/471/332
f 418/460/326 277/467/330 426/472/331
f 418/460/326 426/472/331 516/464/328
f 289/465/180 275/473/184 276/468/329
f 517/471/332 426/470/331 425/474/333
f 277/467/330 276/466/329 274/475/334
f 276/466/329 275/269/184 274/475/334
f 517/471/332 425/474/333 424/476/335
f 426/470/331 287/477/336 425/474/333
f 277/467/330 274/475/334 287/478/336
f 277/467/330 287/478/336 426/472/331
f 275/269/184 273/280/193 274/475/334
f 517/471/332 424/476/335 520/479/337
f 425/474/333 288/480/338 424/476/335
f 425/474/333 287/477/336 288/480/338
f 273/280/193 284/481/339 274/475/334
f 287/477/336 284/482/339 288/480/338
f 287/478/336 274/475/334 284/481/339
f 520/479/337 424/476/335 423/483/340
f 273/280/193 286/287/197 284/481/339
f 288/480/338 284/482/339 283/484/341
f 520/479/337 423/483/340 514/485/342
f 424/476/335 387/486/343 292/487/344
f 424/476/335 288/480/338 387/486/343
f 288/480/338 283/484/341 387/486/343
f 424/476/335 292/487/344 423/483/340
f 286/488/197 285/300/203 284/482/339
f 284/482/339 285/300/203 283/484/341
f 514/489/342 423/490/340 422/491/345
f 387/486/343 283/484/341 386/492/346
f 283/484/341 285/300/203 386/492/346
f 292/493/344 280/494/347 279/495/348
f 387/486/343 386/492/346 280/496/347
f 387/486/343 280/496/347 292/487/344
f 514/489/342 422/491/345 515/497/349
f 423/490/340 292/498/344 293/499/350
f 292/498/344 279/500/348 293/499/350
f 423/490/340 293/499/350 422/491/345
f 285/300/203 388/302/208 386/492/346
f 280/494/347 281/325/225 279/495/348
f 515/501/349 422/502/345 421/503/351
f 293/504/350 279/495/348 294/505/352
f 388/302/208 282/314/219 386/492/346
f 282/323/219 281/325/225 280/494/347
f 280/496/347 386/492/346 282/314/219
f 515/501/349 421/503/351 518/506/353
f 422/502/345 293/504/350 295/507/354
f 293/504/350 294/505/352 295/507/354
f 422/502/345 295/507/354 421/503/351
f 279/495/348 296/341/238 294/505/352
f 279/495/348 281/325/225 296/341/238
f 518/508/353 421/509/351 420/448/316
f 295/510/354 294/511/352 355/454/322
f 296/512/238 357/461/178 294/511/352
f 294/511/352 357/461/178 355/454/322
f 518/508/353 420/448/316 519/447/315
f 421/509/351 295/510/354 356/450/318
f 356/450/318 295/510/354 355/454/322
f 356/450/318 420/448/316 421/509/351
f 45/178/132 46/513/355 47/165/125
f 45/178/132 41/51/38 46/513/355
f 47/165/125 46/513/355 48/514/356
f 41/51/38 42/63/47 43/515/357
f 41/51/38 43/515/357 46/513/355
f 47/165/125 48/514/356 138/156/117
f 42/63/47 44/516/358 43/515/357
f 46/513/355 75/517/359 48/514/356
f 138/156/117 137/518/360 50/519/109
f 138/156/117 48/514/356 137/518/360
f 42/63/47 40/520/58 44/516/358
f 43/515/357 44/516/358 62/521/361
f 46/513/355 76/522/362 75/517/359
f 46/513/355 43/515/357 76/522/362
f 50/523/109 51/524/363 49/525/100
f 48/526/356 136/527/364 137/528/360
f 48/526/356 75/529/359 136/527/364
f 40/530/58 39/531/73 38/532/365
f 40/520/58 38/533/365 44/516/358
f 62/534/361 63/535/366 61/536/367
f 61/537/367 43/515/357 62/521/361
f 61/536/367 63/535/366 76/538/362
f 61/537/367 76/522/362 43/515/357
f 50/523/109 52/539/368 51/524/363
f 50/523/109 137/528/360 52/539/368
f 49/525/100 118/540/369 121/541/93
f 49/525/100 51/524/363 118/540/369
f 75/529/359 134/542/370 136/527/364
f 76/538/362 63/535/366 134/542/370
f 76/538/362 134/542/370 75/529/359
f 39/531/73 37/543/371 38/532/365
f 44/544/358 38/532/365 70/545/372
f 44/516/358 70/546/372 62/521/361
f 137/528/360 83/547/373 52/539/368
f 137/528/360 136/527/364 83/547/373
f 121/541/93 119/548/374 120/549/102
f 121/541/93 118/540/369 119/548/374
f 51/524/363 52/539/368 84/550/375
f 52/539/368 83/547/373 84/550/375
f 63/535/366 62/534/361 64/551/376
f 62/534/361 70/552/372 64/551/376
f 134/542/370 60/553/377 132/554/378
f 134/542/370 132/554/378 136/527/364
f 63/535/366 64/551/376 60/553/377
f 63/535/366 60/553/377 134/542/370
f 136/527/364 132/554/378 83/547/373
f 39/531/73 66/555/72 37/543/371
f 38/532/365 37/543/371 69/556/379
f 70/545/372 38/532/365 69/556/379
f 70/552/372 69/557/379 64/551/376
f 120/549/102 241/558/380 244/559/110
f 120/549/102 119/548/374 241/558/380
f 118/540/369 116/560/381 117/561/382
f 118/540/369 51/524/363 116/560/381
f 51/524/363 84/550/375 116/560/381
f 118/540/369 117/561/382 119/548/374
f 60/553/377 59/562/383 58/563/384
f 60/553/377 58/563/384 132/554/378
f 64/551/376 69/557/379 59/562/383
f 64/551/376 59/562/383 60/553/377
f 83/547/373 132/554/378 133/564/385
f 132/554/378 58/563/384 133/564/385
f 83/547/373 133/564/385 84/550/375
f 66/555/72 67/565/386 65/566/387
f 37/543/371 66/555/72 65/566/387
f 244/559/110 242/567/388 243/568/118
f 244/559/110 241/558/380 242/567/388
f 116/560/381 130/569/389 131/570/390
f 116/560/381 131/570/390 117/561/382
f 84/550/375 133/564/385 130/569/389
f 84/550/375 130/569/389 116/560/381
f 119/548/374 239/571/391 241/558/380
f 119/548/374 117/561/382 239/571/391
f 69/556/379 37/543/371 86/572/392
f 37/543/371 65/566/387 86/572/392
f 69/557/379 86/573/392 59/562/383
f 58/563/384 59/562/383 57/574/393
f 59/562/383 86/573/392 57/574/393
f 67/565/386 66/555/72 68/575/71
f 243/568/118 242/567/388 214/576/119
f 131/570/390 130/569/389 115/577/394
f 133/564/385 58/563/384 114/578/395
f 130/569/389 114/578/395 115/577/394
f 130/569/389 133/564/385 114/578/395
f 241/558/380 239/571/391 240/579/396
f 241/558/380 240/579/396 242/567/388
f 117/561/382 237/580/397 239/571/391
f 117/561/382 131/570/390 237/580/397
f 65/566/387 67/565/386 85/581/398
f 86/572/392 65/566/387 85/581/398
f 86/573/392 85/582/398 57/574/393
f 68/575/71 106/583/399 67/565/386
f 214/576/119 212/584/400 213/585/401
f 58/563/384 57/574/393 112/586/402
f 57/574/393 85/582/398 112/586/402
f 58/563/384 112/586/402 114/578/395
f 115/577/394 114/578/395 113/587/403
f 114/578/395 112/586/402 113/587/403
f 240/579/396 239/571/391 238/588/404
f 239/571/391 237/580/397 238/588/404
f 242/567/388 212/584/400 214/576/119
f 131/570/390 115/577/394 235/589/405
f 131/570/390 235/589/405 237/580/397
f 68/575/71 107/590/70 106/583/399
f 67/565/386 106/583/399 111/591/406
f 112/586/402 85/582/398 111/592/406
f 85/581/398 67/565/386 111/591/406
f 112/586/402 111/592/406 113/587/403
f 213/585/401 215/593/120 214/576/119
f 240/579/396 218/594/407 242/567/388
f 242/567/388 218/594/407 212/584/400
f 240/579/396 238/588/404 218/594/407
f 115/577/394 113/587/403 234/595/403
f 115/577/394 234/595/403 235/589/405
f 237/580/397 235/589/405 236/596/408
f 237/580/397 236/596/408 238/588/404
f 107/590/70 108/597/409 106/583/399
f 111/591/406 106/583/399 110/598/410
f 113/587/403 111/592/406 110/599/410
f 113/587/403 110/599/410 234/595/403
f 106/583/399 108/597/409 110/598/410
f 213/585/401 212/584/400 219/600/411
f 212/584/400 218/594/407 219/600/411
f 215/593/120 213/585/401 191/601/412
f 235/589/405 234/595/403 233/602/413
f 235/589/405 233/602/413 236/596/408
f 238/588/404 223/603/414 218/594/407
f 218/594/407 223/603/414 219/600/411
f 107/590/70 109/104/69 108/597/409
f 110/598/410 108/597/409 232/604/415
f 110/599/410 232/605/415 234/595/403
f 215/593/120 191/601/412 193/179/126
f 213/585/401 219/600/411 210/606/416
f 213/585/401 210/606/416 191/601/412
f 233/602/413 234/595/403 231/607/417
f 234/595/403 232/605/415 231/607/417
f 236/596/408 172/608/418 238/588/404
f 238/588/404 172/608/418 223/603/414
f 109/104/69 227/609/419 108/597/409
f 108/597/409 227/609/419 232/604/415
f 193/179/126 191/601/412 192/610/420
f 219/600/411 222/611/421 210/606/416
f 223/603/414 172/608/418 222/611/421
f 223/603/414 222/611/421 219/600/411
f 233/602/413 174/612/422 236/596/408
f 236/596/408 174/612/422 172/608/418
f 231/613/417 232/604/415 229/614/423
f 232/604/415 227/609/419 229/614/423
f 109/104/69 228/103/80 227/609/419
f 227/609/419 228/103/80 229/614/423
f 193/179/126 192/610/420 194/180/133
f 191/601/412 210/606/416 211/615/424
f 210/606/416 222/611/421 211/615/424
f 191/601/412 211/615/424 192/610/420
f 233/602/413 221/616/425 174/612/422
f 233/602/413 231/607/417 221/616/425
f 172/608/418 173/617/426 171/618/427
f 172/608/418 171/618/427 222/611/421
f 222/611/421 171/618/427 211/615/424
f 172/608/418 174/612/422 173/617/426
f 228/103/80 230/115/89 229/614/423
f 194/180/133 184/619/428 183/620/135
f 194/180/133 192/610/420 184/619/428
f 231/613/417 178/621/429 221/622/425
f 231/613/417 229/614/423 178/621/429
f 171/618/427 173/617/426 196/623/430
f 211/615/424 195/624/431 192/610/420
f 171/618/427 196/623/430 195/624/431
f 171/618/427 195/624/431 211/615/424
f 192/610/420 195/624/431 184/619/428
f 174/612/422 220/625/432 173/617/426
f 174/612/422 221/616/425 220/625/432
f 230/115/89 177/126/98 229/614/423
f 229/614/423 177/126/98 178/621/429
f 183/620/135 184/619/428 185/626/124
f 196/623/430 186/627/433 195/624/431
f 184/619/428 186/627/433 185/626/124
f 184/619/428 195/624/431 186/627/433
f 173/617/426 220/625/432 203/628/434
f 173/617/426 203/628/434 196/623/430
f 221/622/425 176/629/435 220/630/432
f 178/621/429 177/126/98 176/629/435
f 178/621/429 176/629/435 221/622/425
f 220/630/432 176/629/435 203/631/434
f 185/632/124 186/633/433 197/634/115
f 196/635/430 203/631/434 198/636/436
f 186/637/433 198/638/436 197/639/115
f 186/640/433 196/635/430 198/636/436
f 203/631/434 176/629/435 198/636/436
f 177/126/98 175/137/107 176/629/435
f 175/137/107 197/641/115 198/636/436
f 198/636/436 176/629/435 175/137/107
f 308/420/300 307/642/293 306/643/437
f 308/420/300 306/643/437 301/283/195
f 307/642/293 305/644/438 306/643/437
f 301/283/195 302/645/439 303/290/200
f 301/283/195 306/643/437 302/645/439
f 307/646/293 398/647/285 305/648/438
f 303/290/200 302/645/439 304/649/440
f 306/650/437 305/648/438 335/651/441
f 398/647/285 311/652/275 397/653/442
f 398/647/285 397/653/442 305/648/438
f 303/290/200 304/649/440 297/303/209
f 302/645/439 321/654/443 323/655/444
f 306/650/437 335/651/441 336/656/445
f 302/645/439 323/655/444 304/649/440
f 302/645/439 336/657/445 321/654/443
f 302/645/439 306/643/437 336/657/445
f 311/652/275 309/658/266 310/659/446
f 397/653/442 312/660/447 343/661/448
f 311/652/275 310/659/446 312/660/447
f 311/652/275 312/660/447 397/653/442
f 305/648/438 397/653/442 396/662/449
f 397/653/442 343/661/448 396/662/449
f 305/648/438 396/662/449 335/651/441
f 297/303/209 298/663/450 299/309/215
f 297/303/209 304/649/440 298/663/450
f 323/664/444 321/665/443 322/666/451
f 321/665/443 336/667/445 322/666/451
f 309/658/266 381/668/257 378/669/452
f 309/658/266 378/669/452 310/659/446
f 312/660/447 344/670/453 343/661/448
f 312/660/447 310/659/446 344/670/453
f 396/671/449 394/672/454 335/673/441
f 336/667/445 394/672/454 322/666/451
f 336/667/445 335/673/441 394/672/454
f 299/309/215 298/663/450 300/674/455
f 304/649/440 330/675/456 298/663/450
f 304/649/440 323/655/444 330/675/456
f 381/668/257 380/382/267 376/676/457
f 381/668/257 376/676/457 378/669/452
f 343/677/448 393/678/458 392/679/459
f 343/677/448 344/680/453 393/678/458
f 396/671/449 343/677/448 392/679/459
f 396/671/449 392/679/459 394/672/454
f 310/659/446 378/669/452 379/681/460
f 310/659/446 379/681/460 344/670/453
f 322/666/451 324/682/461 323/664/444
f 323/664/444 324/682/461 330/683/456
f 299/309/215 300/674/455 327/684/221
f 298/663/450 329/685/462 300/674/455
f 330/683/456 324/682/461 329/686/462
f 330/683/456 329/686/462 298/687/450
f 380/382/267 504/384/277 502/688/463
f 380/382/267 502/688/463 376/676/457
f 393/678/458 318/689/464 392/679/459
f 394/672/454 392/679/459 317/690/465
f 322/666/451 317/690/465 324/682/461
f 322/666/451 394/672/454 317/690/465
f 392/679/459 318/689/464 317/690/465
f 378/669/452 376/676/457 377/691/466
f 378/669/452 377/691/466 379/681/460
f 344/680/453 379/692/460 391/693/467
f 344/680/453 391/693/467 393/678/458
f 327/694/221 325/695/468 326/696/469
f 300/697/455 325/695/468 327/694/221
f 329/686/462 346/698/470 300/697/455
f 300/697/455 346/698/470 325/695/468
f 504/384/277 503/397/288 501/699/471
f 504/384/277 501/699/471 502/688/463
f 324/682/461 319/700/472 329/686/462
f 317/690/465 318/689/464 319/700/472
f 317/690/465 319/700/472 324/682/461
f 329/686/462 319/700/472 346/698/470
f 376/676/457 502/688/463 500/701/473
f 376/676/457 500/701/473 377/691/466
f 379/692/460 377/702/466 390/703/474
f 379/692/460 390/703/474 391/693/467
f 393/678/458 391/693/467 374/704/475
f 393/678/458 374/704/475 318/689/464
f 326/696/469 328/705/229 327/694/221
f 325/695/468 345/706/476 326/696/469
f 325/695/468 346/698/470 345/706/476
f 503/397/288 474/408/297 501/699/471
f 319/700/472 318/689/464 320/707/477
f 346/698/470 319/700/472 320/707/477
f 346/698/470 320/707/477 345/706/476
f 502/688/463 501/699/471 499/708/478
f 502/688/463 499/708/478 500/701/473
f 377/702/466 500/709/473 498/710/479
f 377/702/466 498/710/479 390/703/474
f 391/693/467 390/703/474 372/711/480
f 391/693/467 372/711/480 374/704/475
f 328/705/229 326/696/469 366/712/481
f 474/408/297 472/418/303 473/713/482
f 318/689/464 374/704/475 375/714/483
f 320/707/477 318/689/464 375/714/483
f 320/707/477 375/714/483 345/706/476
f 501/699/471 474/408/297 475/715/484
f 474/408/297 473/713/482 475/715/484
f 499/716/478 497/717/485 500/709/473
f 500/709/473 497/717/485 498/710/479
f 390/703/474 498/710/479 496/718/486
f 390/703/474 496/718/486 372/711/480
f 328/705/229 366/712/481 368/719/237
f 326/696/469 371/720/487 366/712/481
f 345/706/476 375/714/483 371/720/487
f 345/706/476 371/720/487 326/696/469
f 472/418/303 453/721/307 454/722/488
f 472/418/303 454/722/488 473/713/482
f 374/704/475 372/711/480 373/723/489
f 375/714/483 374/704/475 373/723/489
f 375/714/483 373/723/489 371/720/487
f 501/699/471 475/715/484 479/724/490
f 499/708/478 501/699/471 479/724/490
f 499/716/478 479/725/490 497/717/485
f 498/710/479 497/717/485 495/726/491
f 498/710/479 495/726/491 496/718/486
f 368/719/237 366/712/481 367/727/492
f 453/721/307 451/728/311 452/729/493
f 453/721/307 452/729/493 454/722/488
f 473/713/482 478/730/494 475/715/484
f 475/715/484 478/730/494 479/724/490
f 372/711/480 496/718/486 494/731/489
f 372/711/480 494/731/489 373/723/489
f 371/720/487 370/732/495 366/712/481
f 373/723/489 494/731/489 370/732/495
f 373/723/489 370/732/495 371/720/487
f 366/712/481 370/732/495 367/727/492
f 497/717/485 479/725/490 483/733/496
f 479/725/490 478/734/494 483/733/496
f 495/726/491 493/735/497 496/718/486
f 496/718/486 493/735/497 494/731/489
f 368/719/237 367/727/492 369/736/255
f 451/439/311 444/737/498 452/738/493
f 454/722/488 452/729/493 470/739/499
f 473/713/482 454/722/488 471/740/500
f 454/722/488 470/739/499 471/740/500
f 473/713/482 471/740/500 478/730/494
f 370/732/495 491/741/501 367/727/492
f 370/732/495 494/731/489 491/741/501
f 497/717/485 433/742/502 495/726/491
f 497/717/485 483/733/496 433/742/502
f 493/735/497 492/743/503 494/731/489
f 494/731/489 492/743/503 491/741/501
f 369/736/255 367/727/492 487/744/504
f 367/727/492 491/741/501 487/744/504
f 451/439/311 446/446/314 444/737/498
f 452/745/493 456/746/505 470/747/499
f 452/745/493 444/748/498 456/746/505
f 471/749/500 482/750/506 478/734/494
f 483/733/496 482/750/506 433/742/502
f 483/733/496 478/734/494 482/750/506
f 471/749/500 470/747/499 482/750/506
f 495/726/491 434/751/507 493/735/497
f 495/726/491 433/742/502 434/751/507
f 492/743/503 488/752/508 491/741/501
f 491/741/501 488/752/508 487/744/504
f 369/736/255 487/744/504 489/753/262
f 487/744/504 488/752/508 489/753/262
f 446/754/314 445/433/308 444/748/498
f 456/746/505 443/755/509 455/756/510
f 444/748/498 445/433/308 443/755/509
f 444/748/498 443/755/509 456/746/505
f 470/747/499 431/757/511 482/750/506
f 456/746/505 455/756/510 431/757/511
f 456/746/505 431/757/511 470/747/499
f 482/750/506 431/757/511 433/742/502
f 493/735/497 481/758/512 492/743/503
f 493/735/497 434/751/507 481/758/512
f 488/752/508 490/759/274 489/753/262
f 445/433/308 458/432/299 443/755/509
f 455/756/510 443/755/509 457/760/513
f 443/755/509 458/432/299 457/760/513
f 431/757/511 432/761/514 433/742/502
f 433/742/502 432/761/514 434/751/507
f 431/757/511 455/756/510 432/761/514
f 492/743/503 435/762/515 488/752/508
f 492/743/503 481/758/512 435/762/515
f 490/759/274 488/752/508 437/763/284
f 488/752/508 435/762/515 437/763/284
f 458/432/299 438/764/292 457/760/513
f 434/751/507 432/761/514 480/765/516
f 434/751/507 480/765/516 481/758/512
f 455/756/510 457/760/513 463/766/517
f 432/761/514 463/766/517 480/765/516
f 432/761/514 455/756/510 463/766/517
f 435/762/515 436/767/518 437/763/284
f 436/767/518 438/764/292 437/763/284
f 436/767/518 481/758/512 480/765/516
f 436/767/518 463/766/517 457/760/513
f 436/767/518 435/762/515 481/758/512
f 436/767/518 457/760/513 438/764/292
f 436/767/518 480/765/516 463/766/517
f 528/768/519 527/769/520 526/770/521
f 528/768/519 523/771/522 527/769/520
f 528/768/519 526/770/521 532/772/523
f 528/768/519 521/773/524 523/771/522
f 528/768/519 532/772/523 530/774/525
f 528/768/519 530/774/525 521/773/524
f 527/769/520 525/775/526 526/770/521
f 523/771/522 521/773/524 522/776/527
f 523/771/522 522/776/527 524/777/528
f 521/773/524 530/774/525 522/776/527
f 532/772/523 526/770/521 531/778/529
f 530/774/525 529/779/530 522/776/527
f 544/780/531 542/781/532 543/782/533
f 544/780/531 550/783/534 542/781/532
f 544/780/531 543/782/533 545/784/535
f 544/780/531 549/785/536 550/783/534
f 544/780/531 545/784/535 547/786/537
f 544/780/531 548/787/538 549/785/536
f 544/780/531 547/786/537 548/787/538
f 542/781/532 795/788/539 543/782/533
f 542/781/532 550/783/534 797/789/540
f 542/781/532 796/790/541 795/788/539
f 542/781/532 797/789/540 796/790/541
f 545/784/535 546/791/542 547/786/537
f 545/784/535 543/782/533 578/792/543
f 545/784/535 578/792/543 546/791/542
f 549/785/536 548/787/538 539/793/544
f 549/794/536 537/795/545 550/796/534
f 549/785/536 539/793/544 538/797/546
f 549/794/536 538/798/546 537/795/545
f 795/799/539 796/800/541 791/801/547
f 795/788/539 579/802/548 543/782/533
f 795/788/539 791/803/547 769/804/549
f 795/788/539 769/804/549 579/802/548
f 543/782/533 579/802/548 578/792/543
f 797/805/540 550/796/534 786/806/550
f 797/805/540 793/807/551 796/800/541
f 797/805/540 786/806/550 785/808/552
f 797/805/540 785/808/552 793/807/551
f 786/806/550 550/796/534 537/795/545
f 547/786/537 546/791/542 524/777/528
f 547/786/537 552/809/553 548/787/538
f 547/786/537 524/777/528 552/809/553
f 539/793/544 548/787/538 557/810/554
f 548/787/538 552/809/553 557/810/554
f 791/803/547 771/811/555 769/804/549
f 791/801/547 796/800/541 792/812/556
f 791/801/547 789/813/557 771/814/555
f 791/801/547 792/812/556 789/813/557
f 796/800/541 793/807/551 792/812/556
f 579/802/548 580/815/558 578/792/543
f 579/802/548 769/804/549 581/816/559
f 579/802/548 581/816/559 580/815/558
f 785/808/552 788/817/560 793/807/551
f 546/791/542 523/771/522 524/777/528
f 546/791/542 578/792/543 799/818/561
f 546/791/542 799/818/561 523/771/522
f 552/809/553 558/819/562 557/810/554
f 552/809/553 524/777/528 551/820/563
f 552/809/553 551/820/563 558/819/562
f 771/814/555 789/813/557 777/821/564
f 771/811/555 772/822/565 769/804/549
f 771/811/555 777/823/564 778/824/566
f 771/811/555 778/824/566 772/822/565
f 792/812/556 793/807/551 794/825/567
f 792/812/556 790/826/568 789/813/557
f 792/812/556 794/825/567 790/826/568
f 793/807/551 788/817/560 794/825/567
f 581/816/559 585/827/569 580/815/558
f 581/816/559 769/804/549 770/828/570
f 581/816/559 584/829/571 585/827/569
f 581/816/559 770/828/570 584/829/571
f 769/804/549 772/822/565 770/828/570
f 799/818/561 527/769/520 523/771/522
f 524/777/528 522/776/527 551/820/563
f 777/830/564 751/831/572 778/832/566
f 777/821/564 789/813/557 731/833/573
f 777/830/564 749/834/574 751/831/572
f 777/821/564 731/833/573 749/835/574
f 790/826/568 794/825/567 735/836/575
f 790/826/568 732/837/576 789/813/557
f 790/826/568 735/836/575 732/837/576
f 789/813/557 732/837/576 731/833/573
f 788/817/560 740/838/577 794/825/567
f 794/825/567 740/838/577 735/836/575
f 585/827/569 584/829/571 583/839/578
f 772/822/565 773/840/579 770/828/570
f 772/841/565 778/832/566 779/842/580
f 772/841/565 779/842/580 773/843/579
f 751/831/572 749/834/574 750/844/581
f 751/831/572 760/845/582 778/832/566
f 751/831/572 750/844/581 752/846/583
f 751/831/572 752/846/583 760/845/582
f 778/832/566 760/845/582 779/842/580
f 732/837/576 733/847/584 731/833/573
f 732/837/576 735/836/575 734/848/585
f 732/837/576 734/848/585 733/847/584
f 749/835/574 733/847/584 750/849/581
f 749/835/574 731/833/573 733/847/584
f 740/838/577 736/850/586 735/836/575
f 740/838/577 739/851/587 736/850/586
f 735/836/575 736/850/586 734/848/585
f 584/829/571 582/852/588 583/839/578
f 584/829/571 770/828/570 775/853/589
f 584/829/571 776/854/590 582/852/588
f 584/829/571 775/853/589 776/854/590
f 770/828/570 773/840/579 775/853/589
f 752/846/583 758/855/591 760/845/582
f 752/846/583 750/844/581 753/856/592
f 752/846/583 754/857/593 758/855/591
f 752/846/583 753/856/592 754/857/593
f 779/842/580 780/858/594 773/843/579
f 779/842/580 760/845/582 759/859/595
f 779/842/580 759/859/595 780/858/594
f 760/845/582 758/855/591 759/859/595
f 733/847/584 734/848/585 727/860/596
f 733/847/584 727/860/596 750/849/581
f 750/849/581 727/860/596 753/861/592
f 739/851/587 729/862/597 736/850/586
f 739/851/587 723/863/598 729/862/597
f 583/839/578 582/852/588 566/864/599
f 583/839/578 566/864/599 565/865/600
f 583/839/578 565/865/600 798/866/601
f 776/854/590 775/853/589 774/867/602
f 776/854/590 766/868/603 582/852/588
f 776/854/590 774/867/602 767/869/604
f 776/854/590 767/869/604 766/868/603
f 773/843/579 780/858/594 774/870/602
f 773/840/579 774/867/602 775/853/589
f 754/857/593 757/871/605 758/855/591
f 754/857/593 753/856/592 762/872/606
f 754/857/593 763/873/607 757/871/605
f 754/857/593 762/872/606 763/873/607
f 759/859/595 747/874/608 780/858/594
f 759/859/595 758/855/591 756/875/609
f 759/859/595 756/875/609 747/874/608
f 758/855/591 757/871/605 756/875/609
f 734/848/585 728/876/610 727/860/596
f 734/848/585 736/850/586 728/876/610
f 736/850/586 729/862/597 728/876/610
f 723/863/598 730/877/611 729/862/597
f 723/863/598 722/878/612 730/877/611
f 566/864/599 582/852/588 567/879/613
f 567/879/613 582/852/588 766/868/603
f 565/865/600 573/880/614 798/866/601
f 767/881/604 774/870/602 782/882/615
f 782/882/615 780/858/594 747/874/608
f 782/882/615 774/870/602 780/858/594
f 753/856/592 761/883/616 762/872/606
f 753/856/592 727/884/596 725/885/617
f 753/856/592 725/885/617 761/883/616
f 763/873/607 755/886/618 757/871/605
f 763/873/607 762/872/606 643/887/619
f 763/873/607 764/888/620 755/886/618
f 763/873/607 643/887/619 642/889/621
f 763/873/607 642/889/621 764/888/620
f 757/871/605 755/886/618 756/875/609
f 728/876/610 729/862/597 726/890/622
f 728/876/610 726/890/622 727/860/596
f 727/860/596 726/890/622 725/891/617
f 729/862/597 730/877/611 726/890/622
f 722/878/612 684/892/623 730/877/611
f 722/878/612 664/893/624 684/892/623
f 573/880/614 574/894/625 798/866/601
f 573/880/614 572/895/626 574/894/625
f 747/874/608 756/875/609 748/896/627
f 761/883/616 632/897/628 762/872/606
f 761/883/616 725/885/617 681/898/629
f 761/883/616 633/899/630 632/897/628
f 761/883/616 681/898/629 633/899/630
f 762/872/606 632/897/628 643/887/619
f 642/889/621 628/900/631 764/888/620
f 642/889/621 643/887/619 641/901/632
f 642/889/621 629/902/633 628/900/631
f 642/889/621 641/901/632 629/902/633
f 755/886/618 743/903/634 756/875/609
f 755/886/618 764/888/620 744/904/635
f 755/886/618 744/904/635 743/903/634
f 743/903/634 748/896/627 756/875/609
f 744/904/635 764/888/620 628/900/631
f 726/890/622 730/877/611 683/905/636
f 726/890/622 683/905/636 725/891/617
f 725/891/617 683/905/636 681/906/629
f 730/877/611 684/892/623 683/905/636
f 664/893/624 685/907/637 684/892/623
f 664/893/624 663/908/638 685/907/637
f 684/892/623 685/907/637 683/905/636
f 572/895/626 575/909/639 574/894/625
f 633/899/630 634/910/640 632/897/628
f 633/899/630 681/898/629 680/911/641
f 633/899/630 635/912/642 634/910/640
f 633/899/630 680/911/641 635/912/642
f 643/887/619 640/913/643 641/901/632
f 643/887/619 632/897/628 640/913/643
f 632/897/628 634/910/640 640/913/643
f 629/902/633 641/901/632 630/914/644
f 663/915/638 662/916/645 685/917/637
f 683/918/636 682/919/646 681/920/629
f 683/905/636 685/907/637 682/921/646
f 681/920/629 682/919/646 680/922/641
f 575/909/639 576/923/647 574/894/625
f 575/909/639 577/924/648 576/923/647
f 635/912/642 637/925/649 634/910/640
f 635/926/642 680/922/641 675/927/650
f 635/912/642 636/928/651 637/925/649
f 635/926/642 675/927/650 636/929/651
f 640/913/643 639/930/652 641/901/632
f 640/913/643 634/910/640 638/931/653
f 640/913/643 638/931/653 639/930/652
f 634/910/640 637/925/649 638/931/653
f 641/901/632 639/930/652 630/914/644
f 662/916/645 677/932/654 685/917/637
f 662/916/645 670/933/655 677/932/654
f 685/917/637 677/932/654 682/919/646
f 577/924/648 525/775/526 576/923/647
f 577/924/648 526/770/521 525/775/526
f 680/922/641 676/934/656 675/927/650
f 680/922/641 682/919/646 676/934/656
f 682/919/646 677/932/654 676/934/656
f 636/929/651 647/935/657 637/936/649
f 636/929/651 675/927/650 672/937/658
f 636/929/651 646/938/659 647/935/657
f 636/929/651 672/937/658 646/938/659
f 638/931/653 651/939/660 639/930/652
f 638/931/653 637/925/649 650/940/661
f 638/931/653 650/940/661 651/939/660
f 637/925/649 647/941/657 650/940/661
f 630/914/644 639/930/652 654/942/662
f 639/930/652 651/939/660 654/942/662
f 670/933/655 678/943/663 677/932/654
f 670/933/655 669/944/664 678/943/663
f 677/932/654 678/943/663 676/934/656
f 675/927/650 674/945/665 672/937/658
f 675/927/650 676/934/656 674/945/665
f 676/934/656 678/943/663 674/945/665
f 646/938/659 645/946/666 647/935/657
f 646/938/659 672/937/658 671/947/667
f 646/938/659 644/948/668 645/946/666
f 646/938/659 671/947/667 644/948/668
f 650/940/661 649/949/669 651/939/660
f 650/950/661 647/935/657 648/951/670
f 650/940/661 648/952/670 649/949/669
f 648/951/670 647/935/657 645/946/666
f 654/942/662 651/939/660 655/953/671
f 655/953/671 651/939/660 649/949/669
f 669/944/664 679/954/672 678/943/663
f 678/943/663 679/954/672 674/945/665
f 672/937/658 673/955/673 671/947/667
f 672/937/658 674/945/665 673/955/673
f 673/955/673 674/945/665 679/954/672
f 561/956/674 559/957/675 560/958/676
f 561/956/674 567/879/613 559/957/675
f 561/956/674 560/958/676 562/959/677
f 561/956/674 566/864/599 567/879/613
f 561/956/674 562/959/677 563/960/678
f 561/956/674 564/961/679 566/864/599
f 561/956/674 563/960/678 564/961/679
f 559/957/675 587/962/680 560/958/676
f 559/957/675 567/879/613 765/963/681
f 559/957/675 765/963/681 587/962/680
f 562/959/677 591/964/682 563/960/678
f 562/959/677 560/958/676 586/965/683
f 562/959/677 586/965/683 591/964/682
f 560/958/676 587/962/680 586/965/683
f 566/864/599 564/961/679 565/865/600
f 567/879/613 766/868/603 765/963/681
f 563/960/678 591/964/682 605/966/684
f 563/960/678 568/967/685 564/961/679
f 563/960/678 605/966/684 568/967/685
f 587/968/680 589/969/686 586/970/683
f 587/968/680 765/971/681 588/972/687
f 587/968/680 588/972/687 589/969/686
f 565/865/600 564/961/679 570/973/688
f 565/865/600 570/973/688 573/880/614
f 564/961/679 568/967/685 570/973/688
f 766/974/603 768/975/689 765/971/681
f 766/974/603 767/881/604 768/975/689
f 765/971/681 768/975/689 588/972/687
f 591/964/682 603/976/690 605/966/684
f 591/977/682 586/970/683 590/978/691
f 591/977/682 590/978/691 603/979/690
f 586/970/683 589/969/686 590/978/691
f 573/880/614 570/973/688 571/980/692
f 573/880/614 571/980/692 572/895/626
f 568/967/685 605/966/684 604/981/693
f 568/967/685 569/982/694 570/973/688
f 568/967/685 604/981/693 569/982/694
f 569/982/694 571/980/692 570/973/688
f 767/881/604 781/983/695 768/975/689
f 767/881/604 782/882/615 781/983/695
f 588/972/687 595/984/696 589/969/686
f 588/972/687 768/975/689 594/985/697
f 588/972/687 594/985/697 595/984/696
f 768/975/689 781/983/695 594/985/697
f 603/979/690 590/978/691 600/986/698
f 603/987/690 602/988/699 605/989/684
f 603/979/690 600/986/698 601/990/700
f 603/979/690 601/990/700 602/991/699
f 602/988/699 604/992/693 605/989/684
f 782/882/615 746/993/701 781/983/695
f 782/882/615 747/874/608 746/993/701
f 589/969/686 595/984/696 597/994/702
f 589/969/686 597/994/702 590/978/691
f 590/978/691 597/994/702 600/986/698
f 594/985/697 781/983/695 592/995/703
f 594/985/697 593/996/704 595/984/696
f 594/985/697 592/995/703 593/996/704
f 781/983/695 746/993/701 592/995/703
f 601/990/700 600/986/698 599/997/705
f 747/874/608 748/896/627 746/993/701
f 597/994/702 595/984/696 596/998/706
f 597/994/702 598/999/707 600/986/698
f 597/994/702 596/998/706 598/999/707
f 600/986/698 598/999/707 599/997/705
f 595/984/696 593/996/704 596/998/706
f 592/995/703 746/993/701 745/1000/708
f 592/995/703 624/1001/709 593/996/704
f 592/995/703 745/1000/708 624/1001/709
f 746/993/701 748/896/627 745/1000/708
f 598/999/707 622/1002/710 599/997/705
f 598/999/707 596/998/706 623/1003/711
f 598/999/707 623/1003/711 622/1002/710
f 593/996/704 624/1001/709 625/1004/712
f 593/996/704 625/1004/712 596/998/706
f 596/998/706 625/1004/712 623/1003/711
f 748/896/627 743/903/634 745/1000/708
f 599/997/705 622/1002/710 621/1005/713
f 624/1001/709 614/1006/714 625/1004/712
f 624/1001/709 745/1000/708 742/1007/715
f 624/1001/709 742/1007/715 614/1006/714
f 745/1000/708 743/903/634 742/1007/715
f 623/1003/711 612/1008/716 622/1002/710
f 623/1003/711 625/1004/712 613/1009/717
f 623/1003/711 613/1009/717 612/1008/716
f 625/1004/712 614/1006/714 613/1009/717
f 621/1005/713 622/1002/710 620/1010/718
f 621/1005/713 620/1010/718 619/1011/719
f 622/1002/710 612/1008/716 620/1010/718
f 743/903/634 744/904/635 742/1007/715
f 614/1006/714 606/1012/720 613/1009/717
f 614/1006/714 742/1007/715 741/1013/721
f 614/1006/714 741/1013/721 606/1012/720
f 742/1007/715 744/904/635 741/1013/721
f 619/1011/719 620/1010/718 618/1014/722
f 619/1011/719 618/1014/722 616/1015/723
f 612/1008/716 613/1009/717 608/1016/724
f 612/1008/716 611/1017/725 620/1010/718
f 612/1008/716 608/1016/724 611/1017/725
f 620/1010/718 611/1017/725 618/1014/722
f 613/1009/717 606/1012/720 608/1016/724
f 744/904/635 628/900/631 741/1013/721
f 616/1015/723 618/1014/722 617/1018/726
f 616/1015/723 617/1018/726 615/1019/727
f 611/1017/725 608/1016/724 609/1020/728
f 611/1017/725 610/1021/729 618/1014/722
f 611/1017/725 609/1020/728 610/1021/729
f 618/1014/722 610/1021/729 617/1018/726
f 606/1012/720 741/1013/721 607/1022/730
f 606/1012/720 607/1022/730 608/1016/724
f 608/1016/724 607/1022/730 609/1020/728
f 628/900/631 627/1023/731 741/1013/721
f 628/900/631 626/1024/732 627/1023/731
f 628/900/631 629/902/633 626/1024/732
f 607/1022/730 626/1024/732 609/1020/728
f 607/1022/730 741/1013/721 627/1023/731
f 607/1022/730 627/1023/731 626/1024/732
f 609/1020/728 626/1024/732 610/1021/729
f 615/1019/727 617/1018/726 653/1025/733
f 615/1019/727 653/1025/733 652/1026/734
f 629/902/633 631/1027/735 626/1024/732
f 629/902/633 630/914/644 631/1027/735
f 631/1027/735 610/1021/729 626/1024/732
f 631/1027/735 617/1018/726 610/1021/729
f 631/1027/735 653/1025/733 617/1018/726
f 631/1027/735 630/914/644 653/1025/733
f 652/1026/734 653/1025/733 654/942/662
f 652/1026/734 654/942/662 655/953/671
f 654/942/662 653/1025/733 630/914/644
f 810/1028/736 811/1029/737 809/1030/738
f 810/1028/736 812/1031/739 811/1029/737
f 810/1028/736 809/1030/738 817/1032/740
f 810/1033/736 813/1034/741 812/1035/739
f 810/1028/736 817/1032/740 816/1036/742
f 810/1028/736 815/1037/743 813/1038/741
f 810/1028/736 816/1036/742 815/1037/743
f 811/1029/737 1027/1039/744 809/1030/738
f 811/1040/737 812/1035/739 836/1041/745
f 811/1029/737 838/1042/746 1027/1039/744
f 811/1040/737 836/1041/745 838/1043/746
f 817/1032/740 804/1044/747 816/1036/742
f 817/1032/740 809/1030/738 1028/1045/748
f 817/1032/740 1016/1046/749 804/1044/747
f 817/1032/740 1028/1045/748 1016/1046/749
f 813/1047/741 815/1048/743 818/1049/750
f 813/1034/741 814/1050/751 812/1035/739
f 813/1051/741 818/1052/750 529/1053/530
f 813/1034/741 529/779/530 814/1050/751
f 812/1035/739 814/1050/751 836/1041/745
f 1027/1039/744 838/1042/746 1001/1054/752
f 1027/1039/744 1026/1055/753 809/1030/738
f 1027/1056/744 1001/1057/752 1023/1058/754
f 1027/1039/744 1023/1059/754 1026/1055/753
f 809/1030/738 1026/1055/753 1028/1045/748
f 816/1036/742 804/1044/747 805/1060/755
f 816/1036/742 807/1061/756 815/1037/743
f 816/1036/742 805/1060/755 807/1061/756
f 1016/1046/749 1028/1045/748 1017/1062/757
f 818/1063/750 551/820/563 529/779/530
f 818/1064/750 815/1037/743 821/1065/758
f 818/1064/750 558/1066/562 551/1067/563
f 818/1064/750 821/1065/758 558/1066/562
f 821/1065/758 815/1037/743 807/1061/756
f 814/1050/751 1030/1068/759 836/1041/745
f 814/1050/751 529/779/530 530/774/525
f 814/1050/751 530/774/525 1030/1068/759
f 838/1069/746 839/1070/760 1001/1057/752
f 838/1043/746 836/1041/745 837/1071/761
f 838/1043/746 837/1071/761 839/1072/760
f 1023/1059/754 1022/1073/762 1026/1055/753
f 1023/1058/754 1001/1057/752 1003/1074/763
f 1023/1059/754 1021/1075/764 1022/1073/762
f 1023/1058/754 1003/1074/763 1021/1076/764
f 1028/1045/748 1025/1077/765 1017/1062/757
f 1028/1045/748 1026/1055/753 1025/1077/765
f 1026/1055/753 1022/1073/762 1025/1077/765
f 551/820/563 522/776/527 529/779/530
f 530/774/525 532/772/523 1030/1068/759
f 837/1078/761 840/1079/766 839/1070/760
f 1001/1057/752 1002/1080/767 1003/1074/763
f 1001/1057/752 839/1070/760 1000/1081/768
f 1001/1057/752 1000/1081/768 1002/1080/767
f 1021/1075/764 1020/1082/769 1022/1073/762
f 1021/1076/764 1003/1074/763 1009/1083/770
f 1021/1075/764 963/1084/771 1020/1082/769
f 1021/1076/764 1009/1083/770 965/1085/772
f 1021/1075/764 965/1086/772 963/1084/771
f 1017/1062/757 1025/1077/765 1019/1087/773
f 840/1079/766 842/1088/774 839/1070/760
f 840/1079/766 841/1089/775 842/1088/774
f 839/1070/760 842/1088/774 1000/1081/768
f 1002/1080/767 1008/1090/776 1003/1074/763
f 1002/1080/767 1000/1081/768 1004/1091/777
f 1002/1080/767 1010/1092/778 1008/1090/776
f 1002/1080/767 1004/1091/777 1010/1092/778
f 1003/1074/763 1008/1090/776 1009/1083/770
f 1022/1073/762 1020/1082/769 1024/1093/779
f 1022/1073/762 1024/1093/779 1025/1077/765
f 1025/1077/765 1024/1093/779 1019/1087/773
f 965/1086/772 964/1094/780 963/1084/771
f 965/1085/772 1009/1083/770 983/1095/781
f 965/1085/772 983/1095/781 964/1096/780
f 841/1089/775 843/1097/782 842/1088/774
f 841/1089/775 828/1098/783 843/1097/782
f 841/1099/775 829/1100/784 828/1101/783
f 841/1099/775 1029/1102/785 829/1100/784
f 1000/1081/768 1005/1103/786 1004/1091/777
f 1000/1081/768 842/1088/774 1005/1103/786
f 1010/1092/778 991/1104/787 1008/1090/776
f 1010/1092/778 1004/1091/777 1011/1105/788
f 1010/1092/778 990/1106/789 991/1104/787
f 1010/1092/778 1011/1105/788 990/1106/789
f 1020/1082/769 966/1107/790 1024/1093/779
f 1020/1082/769 963/1084/771 966/1107/790
f 1019/1087/773 1024/1093/779 971/1108/791
f 1024/1093/779 966/1107/790 971/1108/791
f 1009/1083/770 982/1109/792 983/1095/781
f 1009/1083/770 1008/1090/776 982/1109/792
f 1008/1090/776 991/1104/787 982/1109/792
f 964/1094/780 962/1110/793 963/1084/771
f 964/1096/780 983/1095/781 981/1111/794
f 964/1112/780 958/1113/795 962/1114/793
f 964/1096/780 981/1111/794 958/1115/795
f 983/1095/781 982/1109/792 981/1111/794
f 963/1084/771 962/1110/793 966/1107/790
f 843/1097/782 828/1098/783 830/1116/796
f 843/1097/782 1007/1117/797 842/1088/774
f 843/1097/782 830/1116/796 997/1118/798
f 843/1097/782 997/1118/798 1007/1117/797
f 842/1088/774 1007/1117/797 1005/1103/786
f 1029/1102/785 833/1119/799 829/1100/784
f 1029/1102/785 834/1120/800 833/1119/799
f 1004/1091/777 1006/1121/801 1011/1105/788
f 1004/1091/777 1005/1103/786 1006/1121/801
f 1005/1103/786 1007/1117/797 1006/1121/801
f 990/1106/789 986/1122/802 991/1104/787
f 990/1106/789 1011/1105/788 979/1123/803
f 990/1106/789 987/1124/804 986/1122/802
f 990/1106/789 979/1123/803 987/1124/804
f 971/1108/791 966/1107/790 967/1125/805
f 971/1108/791 967/1125/805 970/1126/806
f 966/1107/790 962/1110/793 967/1125/805
f 958/1115/795 981/1111/794 984/1127/807
f 958/1113/795 959/1128/808 962/1114/793
f 958/1113/795 984/1129/807 957/1130/809
f 958/1113/795 956/1131/810 959/1128/808
f 958/1113/795 957/1130/809 956/1131/810
f 962/1110/793 959/1132/808 967/1125/805
f 982/1109/792 991/1104/787 980/1133/811
f 982/1109/792 980/1133/811 981/1111/794
f 981/1111/794 980/1133/811 984/1127/807
f 991/1104/787 986/1122/802 980/1133/811
f 997/1118/798 999/1134/812 1007/1117/797
f 1007/1117/797 999/1134/812 1006/1121/801
f 834/1120/800 572/895/626 833/1119/799
f 834/1120/800 575/909/639 572/895/626
f 834/1120/800 835/1135/813 575/909/639
f 1011/1105/788 1013/1136/814 979/1123/803
f 1011/1105/788 1006/1121/801 1013/1136/814
f 1013/1136/814 1006/1121/801 999/1134/812
f 987/1124/804 988/1137/815 986/1122/802
f 987/1124/804 979/1123/803 978/1138/816
f 987/1124/804 989/1139/817 988/1137/815
f 987/1124/804 978/1138/816 975/1140/818
f 987/1124/804 975/1140/818 989/1139/817
f 970/1126/806 967/1125/805 960/1141/819
f 970/1126/806 960/1141/819 955/1142/820
f 959/1128/808 956/1131/810 960/1143/819
f 959/1132/808 960/1141/819 967/1125/805
f 957/1130/809 984/1129/807 993/1144/821
f 957/1130/809 921/1145/822 956/1131/810
f 957/1130/809 993/1144/821 920/1146/823
f 957/1130/809 920/1146/823 921/1145/822
f 980/1133/811 986/1122/802 985/1147/824
f 980/1133/811 985/1147/824 984/1127/807
f 986/1122/802 988/1137/815 985/1147/824
f 835/1135/813 577/924/648 575/909/639
f 835/1135/813 531/778/529 577/924/648
f 975/1140/818 974/1148/825 989/1139/817
f 955/1149/820 960/1143/819 961/1150/826
f 955/1149/820 961/1150/826 953/1151/827
f 956/1131/810 921/1145/822 961/1150/826
f 956/1131/810 961/1150/826 960/1143/819
f 993/1144/821 884/1152/828 920/1146/823
f 993/1153/821 984/1127/807 992/1154/829
f 993/1144/821 882/1155/830 884/1152/828
f 993/1144/821 992/1156/829 882/1155/830
f 984/1127/807 985/1147/824 992/1154/829
f 988/1137/815 989/1139/817 994/1157/831
f 988/1137/815 994/1157/831 985/1147/824
f 985/1147/824 994/1157/831 992/1154/829
f 531/778/529 526/770/521 577/924/648
f 974/1148/825 995/1158/832 989/1139/817
f 974/1148/825 878/1159/833 995/1158/832
f 989/1139/817 995/1158/832 994/1157/831
f 953/1151/827 961/1150/826 923/1160/834
f 953/1151/827 923/1160/834 908/1161/835
f 961/1150/826 921/1145/822 923/1160/834
f 920/1146/823 884/1152/828 918/1162/836
f 920/1146/823 919/1163/837 921/1145/822
f 920/1146/823 918/1162/836 919/1163/837
f 882/1155/830 992/1156/829 892/1164/838
f 882/1155/830 883/1165/839 884/1152/828
f 882/1155/830 892/1164/838 889/1166/840
f 882/1155/830 889/1166/840 883/1165/839
f 992/1154/829 994/1157/831 892/1167/838
f 878/1159/833 893/1168/841 995/1158/832
f 878/1159/833 879/1169/842 893/1168/841
f 994/1157/831 893/1168/841 892/1167/838
f 994/1157/831 995/1158/832 893/1168/841
f 908/1161/835 923/1160/834 922/1170/843
f 908/1161/835 922/1170/843 906/1171/844
f 921/1145/822 919/1163/837 922/1170/843
f 921/1145/822 922/1170/843 923/1160/834
f 918/1162/836 884/1152/828 885/1172/845
f 918/1162/836 915/1173/846 919/1163/837
f 918/1162/836 885/1172/845 914/1174/847
f 918/1162/836 914/1174/847 915/1173/846
f 884/1152/828 883/1165/839 885/1172/845
f 889/1166/840 892/1164/838 891/1175/848
f 889/1166/840 888/1176/849 883/1165/839
f 889/1166/840 891/1175/848 890/1177/850
f 889/1166/840 890/1177/850 888/1176/849
f 893/1168/841 879/1169/842 891/1178/848
f 893/1179/841 891/1175/848 892/1164/838
f 906/1171/844 922/1170/843 907/1180/851
f 919/1163/837 915/1173/846 917/1181/852
f 919/1163/837 917/1181/852 922/1170/843
f 922/1170/843 917/1181/852 907/1180/851
f 914/1174/847 885/1172/845 887/1182/853
f 914/1174/847 912/1183/854 915/1173/846
f 914/1174/847 887/1182/853 913/1184/855
f 914/1174/847 913/1184/855 912/1183/854
f 883/1165/839 888/1176/849 886/1185/856
f 883/1165/839 886/1185/856 885/1172/845
f 885/1172/845 886/1185/856 887/1182/853
f 890/1177/850 891/1175/848 881/1186/857
f 890/1177/850 897/1187/858 888/1176/849
f 890/1177/850 881/1186/857 899/1188/859
f 890/1177/850 899/1188/859 897/1187/858
f 881/1186/857 891/1175/848 879/1189/842
f 917/1181/852 911/1190/860 907/1180/851
f 917/1181/852 915/1173/846 916/1191/861
f 917/1181/852 916/1191/861 911/1190/860
f 915/1173/846 912/1183/854 916/1191/861
f 913/1184/855 887/1182/853 895/1192/862
f 913/1184/855 673/955/673 912/1183/854
f 913/1184/855 895/1192/862 671/947/667
f 913/1184/855 671/947/667 673/955/673
f 886/1185/856 888/1176/849 896/1193/863
f 886/1185/856 894/1194/864 887/1182/853
f 886/1185/856 896/1193/863 894/1194/864
f 887/1182/853 894/1194/864 895/1192/862
f 888/1176/849 897/1187/858 896/1193/863
f 899/1195/859 655/953/671 897/1196/858
f 911/1190/860 916/1191/861 669/944/664
f 912/1183/854 673/955/673 679/954/672
f 912/1183/854 679/954/672 916/1191/861
f 916/1191/861 679/954/672 669/944/664
f 671/947/667 895/1192/862 644/948/668
f 894/1194/864 896/1193/863 648/951/670
f 894/1194/864 645/946/666 895/1192/862
f 894/1194/864 648/951/670 645/946/666
f 645/946/666 644/948/668 895/1192/862
f 655/953/671 649/949/669 897/1196/858
f 649/1197/669 648/951/670 896/1193/863
f 649/1197/669 896/1193/863 897/1187/858
f 823/1198/865 824/1199/866 822/1200/867
f 823/1198/865 825/1201/868 824/1199/866
f 823/1198/865 822/1200/867 830/1116/796
f 823/1198/865 826/1202/869 825/1201/868
f 823/1198/865 830/1116/796 828/1098/783
f 823/1198/865 827/1203/870 826/1202/869
f 823/1198/865 828/1098/783 827/1203/870
f 824/1199/866 845/1204/871 822/1200/867
f 824/1199/866 825/1201/868 844/1205/872
f 824/1199/866 844/1205/872 845/1204/871
f 830/1116/796 822/1200/867 996/1206/873
f 830/1116/796 996/1206/873 997/1118/798
f 822/1200/867 845/1204/871 996/1206/873
f 826/1202/869 827/1203/870 831/1207/874
f 826/1202/869 849/1208/875 825/1201/868
f 826/1202/869 831/1207/874 859/1209/876
f 826/1202/869 859/1209/876 849/1208/875
f 825/1201/868 849/1208/875 844/1205/872
f 828/1098/783 829/1210/784 827/1203/870
f 997/1118/798 996/1206/873 998/1211/877
f 997/1118/798 998/1211/877 999/1134/812
f 845/1204/871 844/1205/872 846/1212/878
f 845/1204/871 847/1213/879 996/1206/873
f 845/1204/871 846/1212/878 847/1213/879
f 996/1206/873 847/1213/879 998/1211/877
f 831/1207/874 604/992/693 859/1209/876
f 831/1207/874 827/1203/870 832/1214/880
f 831/1207/874 569/1215/694 604/992/693
f 831/1216/874 832/1217/880 569/982/694
f 827/1218/870 829/1100/784 832/1217/880
f 849/1208/875 848/1219/881 844/1205/872
f 849/1208/875 859/1209/876 858/1220/882
f 849/1208/875 858/1220/882 848/1219/881
f 844/1205/872 848/1219/881 846/1212/878
f 999/1134/812 998/1211/877 1012/1221/883
f 999/1134/812 1012/1221/883 1013/1136/814
f 847/1213/879 846/1212/878 850/1222/884
f 847/1213/879 852/1223/885 998/1211/877
f 847/1213/879 850/1222/884 852/1223/885
f 998/1211/877 852/1223/885 1012/1221/883
f 604/992/693 602/988/699 859/1209/876
f 859/1209/876 602/988/699 858/1220/882
f 569/982/694 832/1217/880 571/980/692
f 829/1100/784 833/1119/799 832/1217/880
f 832/1217/880 833/1119/799 571/980/692
f 848/1219/881 855/1224/886 846/1212/878
f 848/1219/881 858/1220/882 857/1225/887
f 848/1219/881 857/1225/887 855/1224/886
f 846/1212/878 855/1224/886 850/1222/884
f 1013/1136/814 1012/1221/883 977/1226/888
f 1013/1136/814 977/1226/888 979/1123/803
f 852/1223/885 850/1222/884 851/1227/889
f 852/1223/885 853/1228/890 1012/1221/883
f 852/1223/885 851/1227/889 853/1228/890
f 1012/1221/883 853/1228/890 977/1226/888
f 602/988/699 601/1229/700 858/1220/882
f 858/1220/882 601/1229/700 857/1225/887
f 833/1119/799 572/895/626 571/980/692
f 855/1224/886 854/1230/891 850/1222/884
f 855/1224/886 857/1225/887 856/1231/892
f 855/1224/886 856/1231/892 854/1230/891
f 850/1222/884 854/1230/891 851/1227/889
f 979/1123/803 977/1226/888 978/1138/816
f 853/1228/890 851/1227/889 875/1232/893
f 853/1228/890 976/1233/894 977/1226/888
f 853/1228/890 875/1232/893 976/1233/894
f 977/1226/888 976/1233/894 978/1138/816
f 601/1229/700 599/1234/705 857/1225/887
f 857/1225/887 599/1234/705 856/1231/892
f 854/1230/891 874/1235/895 851/1227/889
f 854/1230/891 856/1231/892 873/1236/896
f 854/1230/891 873/1236/896 874/1235/895
f 851/1227/889 874/1235/895 875/1232/893
f 976/1233/894 975/1140/818 978/1138/816
f 976/1233/894 875/1232/893 973/1237/897
f 976/1233/894 973/1237/897 975/1140/818
f 599/1234/705 872/1238/898 856/1231/892
f 599/1234/705 621/1239/713 872/1238/898
f 856/1231/892 872/1238/898 873/1236/896
f 874/1235/895 868/1240/899 875/1232/893
f 874/1235/895 873/1236/896 867/1241/900
f 874/1235/895 867/1241/900 868/1240/899
f 875/1232/893 868/1240/899 973/1237/897
f 975/1140/818 973/1237/897 974/1148/825
f 621/1005/713 871/1242/901 872/1243/898
f 621/1005/713 619/1011/719 871/1242/901
f 873/1236/896 866/1244/902 867/1241/900
f 873/1236/896 872/1238/898 866/1244/902
f 872/1238/898 871/1245/901 866/1244/902
f 868/1240/899 972/1246/903 973/1237/897
f 868/1240/899 867/1241/900 860/1247/904
f 868/1240/899 860/1247/904 972/1246/903
f 973/1237/897 972/1246/903 974/1148/825
f 619/1011/719 869/1248/905 871/1242/901
f 619/1011/719 616/1015/723 869/1248/905
f 866/1244/902 861/1249/906 867/1241/900
f 866/1244/902 871/1245/901 864/1250/907
f 866/1244/902 864/1250/907 861/1249/906
f 871/1245/901 869/1251/905 864/1250/907
f 867/1241/900 861/1249/906 860/1247/904
f 972/1246/903 878/1159/833 974/1148/825
f 972/1246/903 860/1247/904 862/1252/908
f 972/1246/903 877/1253/909 878/1159/833
f 972/1246/903 862/1252/908 877/1253/909
f 860/1247/904 861/1249/906 862/1252/908
f 616/1015/723 870/1254/910 869/1248/905
f 616/1015/723 615/1019/727 870/1254/910
f 864/1250/907 863/1255/911 861/1249/906
f 864/1250/907 869/1251/905 865/1256/912
f 864/1250/907 865/1256/912 863/1255/911
f 869/1251/905 870/1257/910 865/1256/912
f 861/1249/906 863/1255/911 862/1252/908
f 878/1159/833 877/1253/909 876/1258/913
f 878/1159/833 876/1258/913 879/1169/842
f 862/1252/908 863/1255/911 876/1258/913
f 862/1252/908 876/1258/913 877/1253/909
f 863/1255/911 865/1256/912 876/1258/913
f 615/1019/727 898/1259/914 870/1254/910
f 615/1019/727 652/1026/734 898/1259/914
f 879/1169/842 876/1258/913 880/1260/915
f 879/1169/842 880/1260/915 881/1261/857
f 880/1260/915 876/1258/913 865/1256/912
f 880/1262/915 870/1254/910 898/1259/914
f 880/1262/915 898/1259/914 881/1263/857
f 880/1260/915 865/1256/912 870/1257/910
f 652/1026/734 899/1195/859 898/1259/914
f 652/1026/734 655/953/671 899/1195/859
f 899/1195/859 881/1263/857 898/1259/914
f 534/1264/916 535/1265/917 533/1266/918
f 534/1264/916 536/1267/919 535/1265/917
f 534/1264/916 533/1266/918 706/1268/920
f 534/1264/916 537/795/545 536/1267/919
f 534/1264/916 706/1268/920 783/1269/921
f 534/1264/916 783/1269/921 537/795/545
f 535/1265/917 707/1270/922 533/1266/918
f 535/1265/917 536/1267/919 541/1271/923
f 535/1265/917 708/1272/924 707/1270/922
f 535/1265/917 541/1271/923 708/1272/924
f 533/1266/918 707/1270/922 706/1268/920
f 783/1269/921 786/806/550 537/795/545
f 783/1269/921 706/1268/920 711/1273/925
f 783/1269/921 784/1274/926 786/806/550
f 783/1269/921 711/1273/925 784/1274/926
f 536/1267/919 540/1275/927 541/1271/923
f 536/1267/919 537/795/545 538/798/546
f 536/1267/919 538/798/546 540/1275/927
f 708/1272/924 709/1276/928 707/1270/922
f 708/1272/924 541/1271/923 713/1277/929
f 708/1272/924 715/1278/930 709/1276/928
f 708/1272/924 713/1277/929 715/1278/930
f 706/1268/920 710/1279/931 711/1273/925
f 706/1268/920 707/1270/922 710/1279/931
f 707/1270/922 709/1276/928 710/1279/931
f 786/806/550 784/1274/926 785/808/552
f 538/798/546 539/1280/544 540/1275/927
f 541/1281/923 556/1282/932 713/1283/929
f 541/1281/923 540/1284/927 556/1282/932
f 715/1278/930 717/1285/933 709/1276/928
f 715/1286/930 713/1283/929 714/1287/934
f 715/1286/930 716/1288/935 717/1289/933
f 715/1286/930 714/1287/934 716/1288/935
f 711/1273/925 710/1279/931 720/1290/936
f 711/1273/925 719/1291/937 784/1274/926
f 711/1273/925 720/1290/936 719/1291/937
f 785/808/552 784/1274/926 787/1292/938
f 785/808/552 787/1292/938 788/817/560
f 784/1274/926 719/1291/937 787/1292/938
f 539/1293/544 555/1294/939 540/1284/927
f 539/1293/544 557/1295/554 555/1294/939
f 540/1284/927 555/1294/939 556/1282/932
f 709/1276/928 717/1285/933 718/1296/940
f 709/1276/928 718/1296/940 710/1279/931
f 710/1279/931 718/1296/940 720/1290/936
f 713/1283/929 712/1297/941 714/1287/934
f 713/1283/929 556/1282/932 712/1297/941
f 716/1288/935 699/1298/942 717/1289/933
f 788/817/560 787/1292/938 737/1299/943
f 788/817/560 737/1299/943 740/838/577
f 719/1291/937 720/1290/936 693/1300/944
f 719/1291/937 692/1301/945 787/1292/938
f 719/1291/937 693/1300/944 692/1301/945
f 787/1292/938 692/1301/945 737/1299/943
f 557/1295/554 553/1302/946 555/1294/939
f 557/1295/554 558/1066/562 553/1302/946
f 718/1296/940 717/1285/933 698/1303/947
f 718/1296/940 696/1304/948 720/1290/936
f 718/1296/940 698/1303/947 696/1304/948
f 720/1290/936 696/1304/948 693/1300/944
f 717/1289/933 699/1298/942 698/1305/947
f 556/1282/932 554/1306/949 712/1297/941
f 556/1282/932 555/1294/939 554/1306/949
f 554/1306/949 555/1294/939 553/1302/946
f 740/838/577 737/1299/943 739/851/587
f 692/1301/945 693/1300/944 694/1307/950
f 692/1301/945 738/1308/951 737/1299/943
f 692/1301/945 694/1307/950 738/1308/951
f 737/1299/943 738/1308/951 739/851/587
f 696/1304/948 698/1303/947 697/1309/952
f 696/1304/948 695/1310/953 693/1300/944
f 696/1304/948 697/1309/952 695/1310/953
f 693/1300/944 695/1310/953 694/1307/950
f 699/1298/942 700/1311/954 698/1305/947
f 699/1298/942 701/1312/955 700/1311/954
f 698/1303/947 700/1313/954 697/1309/952
f 738/1308/951 723/863/598 739/851/587
f 738/1308/951 694/1307/950 724/1314/956
f 738/1308/951 724/1314/956 723/863/598
f 695/1310/953 697/1309/952 689/1315/957
f 695/1310/953 688/1316/958 694/1307/950
f 695/1310/953 689/1315/957 688/1316/958
f 694/1307/950 688/1316/958 724/1314/956
f 701/1312/955 703/1317/959 700/1311/954
f 701/1312/955 702/1318/960 703/1317/959
f 723/863/598 724/1314/956 722/878/612
f 697/1309/952 690/1319/961 689/1315/957
f 697/1309/952 700/1313/954 690/1319/961
f 700/1313/954 703/1320/959 690/1319/961
f 688/1316/958 721/1321/962 724/1314/956
f 688/1316/958 689/1315/957 687/1322/963
f 688/1316/958 687/1322/963 721/1321/962
f 724/1314/956 721/1321/962 722/878/612
f 702/1323/960 705/1324/964 703/1320/959
f 702/1323/960 704/1325/965 705/1324/964
f 690/1319/961 686/1326/966 689/1315/957
f 690/1319/961 703/1320/959 691/1327/967
f 690/1319/961 691/1327/967 686/1326/966
f 703/1320/959 705/1324/964 691/1327/967
f 689/1315/957 686/1326/966 687/1322/963
f 721/1321/962 664/893/624 722/878/612
f 721/1321/962 687/1322/963 658/1328/968
f 721/1321/962 658/1328/968 664/893/624
f 704/1325/965 665/1329/969 705/1324/964
f 704/1325/965 666/1330/970 665/1329/969
f 691/1327/967 657/1331/971 686/1326/966
f 691/1327/967 705/1324/964 660/1332/972
f 691/1327/967 660/1332/972 657/1331/971
f 705/1324/964 665/1329/969 660/1332/972
f 687/1322/963 656/1333/973 658/1328/968
f 687/1322/963 686/1326/966 656/1333/973
f 656/1333/973 657/1331/971 658/1328/968
f 656/1333/973 686/1326/966 657/1331/971
f 664/893/624 658/1328/968 659/1334/974
f 664/893/624 659/1334/974 663/908/638
f 657/1331/971 660/1332/972 659/1334/974
f 657/1331/971 659/1334/974 658/1328/968
f 666/1335/970 667/1336/975 665/1337/969
f 666/1335/970 668/1338/976 667/1336/975
f 663/908/638 659/1334/974 661/1339/977
f 663/908/638 661/1339/977 662/1340/645
f 661/1339/977 659/1334/974 660/1332/972
f 661/1339/977 660/1332/972 665/1329/969
f 661/1341/977 667/1336/975 662/916/645
f 661/1339/977 665/1329/969 667/1342/975
f 668/1338/976 670/933/655 667/1336/975
f 668/1338/976 669/944/664 670/933/655
f 670/933/655 662/916/645 667/1336/975
f 800/1343/978 801/1344/979 802/1345/980
f 800/1343/978 804/1044/747 801/1344/979
f 800/1343/978 802/1345/980 808/1346/981
f 800/1343/978 805/1060/755 804/1044/747
f 800/1343/978 808/1346/981 806/1347/982
f 800/1343/978 806/1347/982 805/1060/755
f 801/1344/979 803/1348/983 802/1345/980
f 801/1344/979 804/1044/747 1014/1349/984
f 801/1344/979 940/1350/985 803/1348/983
f 801/1344/979 1014/1349/984 940/1350/985
f 808/1346/981 820/1351/986 806/1347/982
f 808/1346/981 802/1345/980 942/1352/987
f 808/1346/981 946/1353/988 820/1351/986
f 808/1346/981 942/1352/987 946/1353/988
f 805/1060/755 806/1347/982 807/1061/756
f 804/1044/747 1016/1046/749 1014/1349/984
f 803/1348/983 940/1350/985 941/1354/989
f 803/1348/983 941/1354/989 802/1345/980
f 802/1345/980 941/1354/989 942/1352/987
f 820/1351/986 946/1353/988 712/1297/941
f 820/1351/986 819/1355/990 806/1347/982
f 820/1351/986 712/1297/941 554/1306/949
f 820/1351/986 554/1306/949 819/1355/990
f 806/1347/982 819/1355/990 807/1061/756
f 1016/1046/749 1015/1356/991 1014/1349/984
f 1016/1046/749 1017/1062/757 1015/1356/991
f 940/1350/985 944/1357/992 941/1354/989
f 940/1350/985 1014/1349/984 945/1358/993
f 940/1350/985 945/1358/993 944/1357/992
f 1014/1349/984 1015/1356/991 945/1358/993
f 942/1352/987 947/1359/994 946/1353/988
f 942/1352/987 941/1354/989 943/1360/995
f 942/1352/987 943/1360/995 947/1359/994
f 941/1354/989 944/1357/992 943/1360/995
f 712/1297/941 946/1353/988 714/1287/934
f 946/1353/988 947/1359/994 714/1287/934
f 554/1306/949 553/1302/946 819/1355/990
f 807/1061/756 819/1355/990 821/1065/758
f 819/1355/990 553/1302/946 821/1065/758
f 1017/1062/757 1018/1361/996 1015/1356/991
f 1017/1062/757 1019/1087/773 1018/1361/996
f 945/1358/993 950/1362/997 944/1357/992
f 945/1358/993 1015/1356/991 951/1363/998
f 945/1358/993 951/1363/998 950/1362/997
f 1015/1356/991 1018/1361/996 951/1363/998
f 943/1360/995 948/1364/999 947/1359/994
f 943/1360/995 944/1357/992 949/1365/1000
f 943/1360/995 949/1365/1000 948/1364/999
f 944/1357/992 950/1362/997 949/1365/1000
f 714/1287/934 947/1359/994 716/1288/935
f 947/1359/994 948/1364/999 716/1288/935
f 553/1302/946 558/1066/562 821/1065/758
f 1019/1087/773 968/1366/1001 1018/1361/996
f 1019/1087/773 971/1108/791 968/1366/1001
f 951/1363/998 931/1367/1002 950/1362/997
f 951/1363/998 1018/1361/996 933/1368/1003
f 951/1363/998 933/1368/1003 931/1367/1002
f 1018/1361/996 968/1366/1001 933/1368/1003
f 949/1365/1000 936/1369/1004 948/1364/999
f 949/1365/1000 950/1362/997 934/1370/1005
f 949/1365/1000 934/1370/1005 936/1369/1004
f 950/1362/997 931/1367/1002 934/1370/1005
f 716/1288/935 948/1364/999 699/1298/942
f 948/1364/999 936/1369/1004 699/1298/942
f 971/1108/791 970/1126/806 968/1366/1001
f 933/1368/1003 932/1371/1006 931/1367/1002
f 933/1368/1003 968/1366/1001 969/1372/1007
f 933/1368/1003 969/1372/1007 932/1371/1006
f 968/1366/1001 970/1126/806 969/1372/1007
f 934/1370/1005 935/1373/1008 936/1369/1004
f 934/1370/1005 931/1367/1002 930/1374/1009
f 934/1370/1005 930/1374/1009 935/1373/1008
f 931/1367/1002 932/1371/1006 930/1374/1009
f 699/1298/942 936/1369/1004 937/1375/1010
f 699/1298/942 937/1375/1010 701/1312/955
f 936/1369/1004 935/1373/1008 937/1375/1010
f 970/1126/806 955/1142/820 969/1372/1007
f 932/1371/1006 927/1376/1011 930/1374/1009
f 932/1371/1006 969/1372/1007 954/1377/1012
f 932/1371/1006 954/1377/1012 927/1376/1011
f 969/1372/1007 955/1142/820 954/1377/1012
f 701/1312/955 937/1375/1010 938/1378/1013
f 701/1312/955 938/1378/1013 702/1318/960
f 935/1373/1008 930/1374/1009 926/1379/1014
f 935/1373/1008 928/1380/1015 937/1375/1010
f 935/1373/1008 926/1379/1014 928/1380/1015
f 937/1375/1010 928/1380/1015 938/1378/1013
f 930/1374/1009 927/1376/1011 926/1379/1014
f 955/1142/820 953/1381/827 954/1377/1012
f 702/1318/960 938/1378/1013 939/1382/1016
f 702/1318/960 939/1382/1016 704/1383/965
f 928/1380/1015 926/1379/1014 924/1384/1017
f 928/1380/1015 929/1385/1018 938/1378/1013
f 928/1380/1015 924/1384/1017 929/1385/1018
f 938/1378/1013 929/1385/1018 939/1382/1016
f 927/1376/1011 954/1377/1012 952/1386/1019
f 927/1376/1011 925/1387/1020 926/1379/1014
f 927/1376/1011 952/1386/1019 925/1387/1020
f 926/1379/1014 925/1387/1020 924/1384/1017
f 954/1377/1012 953/1381/827 952/1386/1019
f 704/1383/965 939/1382/1016 909/1388/1021
f 704/1383/965 909/1388/1021 666/1389/970
f 929/1385/1018 924/1384/1017 901/1390/1022
f 929/1385/1018 904/1391/1023 939/1382/1016
f 929/1385/1018 901/1390/1022 904/1391/1023
f 939/1382/1016 904/1391/1023 909/1388/1021
f 925/1387/1020 952/1386/1019 902/1392/1024
f 925/1387/1020 903/1393/1025 924/1384/1017
f 925/1387/1020 902/1392/1024 903/1393/1025
f 903/1393/1025 902/1392/1024 901/1390/1022
f 903/1393/1025 901/1390/1022 924/1384/1017
f 953/1381/827 908/1394/835 952/1386/1019
f 952/1386/1019 908/1394/835 902/1392/1024
f 666/1335/970 909/1395/1021 910/1396/1026
f 666/1335/970 910/1396/1026 668/1338/976
f 904/1397/1023 901/1398/1022 900/1399/1027
f 904/1397/1023 905/1400/1028 909/1395/1021
f 904/1397/1023 900/1399/1027 905/1400/1028
f 902/1401/1024 908/1161/835 900/1399/1027
f 902/1401/1024 900/1399/1027 901/1398/1022
f 909/1395/1021 905/1400/1028 910/1396/1026
f 668/1338/976 910/1396/1026 911/1190/860
f 668/1338/976 911/1190/860 669/944/664
f 908/1161/835 906/1171/844 900/1399/1027
f 900/1399/1027 906/1171/844 905/1400/1028
f 910/1396/1026 907/1180/851 911/1190/860
f 910/1396/1026 905/1400/1028 907/1180/851
f 907/1180/851 905/1400/1028 906/1171/844
f 1045/1402/1029 1052/1403/1030 1043/1404/1031
f 1052/1405/1030 1051/1406/1032 1050/1407/1033
f 1052/1403/1030 1050/1408/1033 1043/1404/1031
f 1051/1406/1032 1049/1409/1034 1050/1407/1033
f 1043/1404/1031 1160/1410/1035 1060/1411/1036
f 1050/1407/1033 1049/1409/1034 1160/1412/1035
f 1050/1408/1033 1160/1410/1035 1043/1404/1031
f 1051/1413/1032 1035/1414/1037 1049/1415/1034
f 1060/1411/1036 1160/1410/1035 1062/1416/1038
f 1051/1413/1032 1036/1417/1039 1035/1414/1037
f 1049/1409/1034 1159/1418/1040 1160/1412/1035
f 1062/1416/1038 1160/1410/1035 1158/1419/1041
f 1160/1412/1035 1159/1418/1040 1158/1420/1041
f 1036/1417/1039 1037/1421/1042 1035/1414/1037
f 1049/1415/1034 1068/1422/1043 1159/1423/1040
f 1049/1415/1034 1035/1414/1037 1068/1422/1043
f 1062/1416/1038 1158/1419/1041 1143/1424/1044
f 1036/1417/1039 1038/1425/1045 1037/1421/1042
f 1159/1418/1040 1157/1426/1046 1158/1420/1041
f 1035/1414/1037 1070/1427/1047 1068/1422/1043
f 1035/1414/1037 1037/1421/1042 1070/1427/1047
f 1143/1424/1044 1158/1419/1041 1187/1428/1048
f 1158/1420/1041 1157/1426/1046 1187/1429/1048
f 1038/1425/1045 1031/1430/1049 1037/1421/1042
f 1159/1423/1040 1067/1431/1050 1157/1432/1046
f 1159/1423/1040 1068/1422/1043 1067/1431/1050
f 1070/1427/1047 1069/1433/1051 1068/1422/1043
f 1068/1422/1043 1069/1433/1051 1067/1431/1050
f 1143/1424/1044 1187/1428/1048 1083/1434/1052
f 1031/1435/1049 1032/1436/1053 1033/1437/1054
f 1037/1421/1042 1031/1430/1049 1033/1438/1054
f 1037/1421/1042 1033/1438/1054 1070/1427/1047
f 1157/1426/1046 1186/1439/1055 1187/1429/1048
f 1069/1433/1051 1146/1440/1056 1067/1431/1050
f 1083/1434/1052 1187/1428/1048 1166/1441/1057
f 1187/1429/1048 1186/1439/1055 1166/1442/1057
f 1032/1436/1053 1034/1443/1058 1033/1437/1054
f 1070/1427/1047 1033/1438/1054 1063/1444/1059
f 1033/1445/1054 1034/1446/1058 1063/1447/1059
f 1070/1427/1047 1063/1444/1059 1069/1433/1051
f 1157/1432/1046 1145/1448/1060 1186/1449/1055
f 1067/1431/1050 1146/1440/1056 1145/1448/1060
f 1067/1431/1050 1145/1448/1060 1157/1432/1046
f 1083/1434/1052 1166/1441/1057 1084/1450/1061
f 1032/1436/1053 1047/1451/1062 1034/1443/1058
f 1063/1444/1059 1064/1452/1063 1065/1453/1064
f 1063/1444/1059 1065/1453/1064 1069/1433/1051
f 1069/1433/1051 1065/1453/1064 1146/1440/1056
f 1063/1444/1059 1034/1454/1058 1064/1452/1063
f 1186/1439/1055 1165/1455/1065 1166/1442/1057
f 1145/1448/1060 1146/1440/1056 1077/1456/1066
f 1084/1450/1061 1166/1441/1057 1164/1457/1067
f 1166/1442/1057 1165/1455/1065 1164/1458/1067
f 1047/1451/1062 1048/1459/1068 1034/1443/1058
f 1034/1443/1058 1048/1459/1068 1064/1460/1063
f 1065/1453/1064 1064/1452/1063 1066/1461/1069
f 1186/1449/1055 1078/1462/1070 1165/1463/1065
f 1145/1448/1060 1077/1456/1066 1078/1462/1070
f 1145/1448/1060 1078/1462/1070 1186/1449/1055
f 1146/1440/1056 1065/1453/1064 1139/1464/1071
f 1065/1453/1064 1066/1461/1069 1139/1464/1071
f 1146/1440/1056 1139/1464/1071 1077/1456/1066
f 1084/1450/1061 1164/1457/1067 1091/1465/1072
f 1047/1466/1062 1053/1467/1073 1054/1468/1074
f 1047/1466/1062 1054/1468/1074 1048/1469/1068
f 1064/1470/1063 1155/1471/1075 1066/1472/1069
f 1064/1460/1063 1048/1459/1068 1155/1473/1075
f 1165/1463/1065 1163/1474/1076 1164/1475/1067
f 1165/1463/1065 1078/1462/1070 1163/1474/1076
f 1139/1464/1071 1066/1461/1069 1140/1476/1077
f 1077/1456/1066 1075/1477/1078 1076/1478/1079
f 1078/1462/1070 1077/1456/1066 1076/1478/1079
f 1078/1462/1070 1076/1478/1079 1163/1474/1076
f 1091/1465/1072 1164/1457/1067 1172/1479/1080
f 1164/1475/1067 1163/1474/1076 1172/1480/1080
f 1054/1468/1074 1201/1481/1081 1048/1469/1068
f 1048/1469/1068 1201/1481/1081 1155/1482/1075
f 1139/1464/1071 1140/1476/1077 1072/1483/1082
f 1077/1456/1066 1072/1483/1082 1075/1477/1078
f 1077/1456/1066 1139/1464/1071 1072/1483/1082
f 1066/1484/1069 1155/1485/1075 1156/1486/1083
f 1066/1487/1069 1156/1488/1083 1140/1489/1077
f 1076/1478/1079 1075/1477/1078 1099/1490/1084
f 1091/1465/1072 1172/1479/1080 1092/1491/1085
f 1163/1474/1076 1171/1492/1086 1172/1480/1080
f 1076/1478/1079 1171/1492/1086 1163/1474/1076
f 1076/1478/1079 1099/1490/1084 1171/1492/1086
f 1201/1481/1081 1200/1493/1087 1155/1482/1075
f 1155/1482/1075 1200/1493/1087 1156/1494/1083
f 1072/1483/1082 1073/1495/1088 1071/1496/1089
f 1140/1476/1077 1074/1497/1090 1072/1483/1082
f 1072/1483/1082 1071/1496/1089 1075/1477/1078
f 1072/1483/1082 1074/1497/1090 1073/1495/1088
f 1092/1491/1085 1172/1479/1080 1170/1498/1091
f 1172/1480/1080 1171/1492/1086 1170/1499/1091
f 1099/1490/1084 1100/1500/1092 1101/1501/1093
f 1200/1493/1087 1199/1502/1094 1156/1494/1083
f 1140/1489/1077 1156/1488/1083 1185/1503/1095
f 1156/1494/1083 1199/1502/1094 1185/1504/1095
f 1071/1496/1089 1098/1505/1096 1096/1506/1097
f 1075/1477/1078 1100/1500/1092 1099/1490/1084
f 1075/1477/1078 1071/1496/1089 1096/1506/1097
f 1071/1496/1089 1073/1495/1088 1098/1505/1096
f 1075/1477/1078 1096/1506/1097 1100/1500/1092
f 1074/1507/1090 1161/1508/1098 1162/1509/1099
f 1074/1507/1090 1140/1489/1077 1161/1508/1098
f 1140/1489/1077 1185/1503/1095 1161/1508/1098
f 1074/1507/1090 1162/1509/1099 1073/1510/1088
f 1092/1491/1085 1170/1498/1091 1106/1511/1100
f 1171/1492/1086 1169/1512/1101 1170/1499/1091
f 1099/1490/1084 1101/1501/1093 1169/1512/1101
f 1099/1490/1084 1169/1512/1101 1171/1492/1086
f 1199/1502/1094 1198/1513/1102 1185/1504/1095
f 1185/1504/1095 1198/1513/1102 1161/1514/1098
f 1098/1505/1096 1097/1515/1103 1096/1506/1097
f 1100/1500/1092 1102/1516/1104 1101/1501/1093
f 1162/1509/1099 1167/1517/1105 1073/1510/1088
f 1073/1510/1088 1167/1517/1105 1098/1518/1096
f 1106/1511/1100 1170/1498/1091 1176/1519/1106
f 1170/1499/1091 1169/1512/1101 1176/1520/1106
f 1198/1513/1102 1197/1521/1107 1161/1514/1098
f 1161/1514/1098 1197/1521/1107 1162/1522/1099
f 1097/1515/1103 1095/1523/1108 1096/1506/1097
f 1100/1500/1092 1095/1523/1108 1102/1516/1104
f 1100/1500/1092 1096/1506/1097 1095/1523/1108
f 1101/1501/1093 1102/1516/1104 1114/1524/1109
f 1167/1517/1105 1168/1525/1110 1098/1518/1096
f 1098/1518/1096 1168/1525/1110 1097/1526/1103
f 1106/1511/1100 1176/1519/1106 1105/1527/1111
f 1169/1512/1101 1175/1528/1112 1176/1520/1106
f 1101/1501/1093 1114/1524/1109 1175/1528/1112
f 1101/1501/1093 1175/1528/1112 1169/1512/1101
f 1197/1521/1107 1196/1529/1113 1162/1522/1099
f 1162/1522/1099 1196/1529/1113 1167/1530/1105
f 1095/1531/1108 1110/1532/1114 1108/1533/1115
f 1095/1523/1108 1108/1534/1115 1102/1516/1104
f 1095/1531/1108 1097/1526/1103 1110/1532/1114
f 1168/1525/1110 1177/1535/1116 1097/1526/1103
f 1097/1526/1103 1177/1535/1116 1110/1532/1114
f 1105/1527/1111 1176/1519/1106 1174/1536/1117
f 1176/1537/1106 1175/1538/1112 1174/1539/1117
f 1114/1524/1109 1113/1540/1118 1112/1541/1119
f 1102/1516/1104 1108/1534/1115 1113/1540/1118
f 1102/1516/1104 1113/1540/1118 1114/1524/1109
f 1196/1529/1113 1195/1542/1120 1167/1530/1105
f 1167/1530/1105 1195/1542/1120 1168/1543/1110
f 1177/1535/1116 1178/1544/1121 1110/1532/1114
f 1105/1527/1111 1174/1536/1117 1123/1545/1122
f 1175/1538/1112 1173/1546/1123 1174/1539/1117
f 1114/1524/1109 1112/1541/1119 1173/1547/1123
f 1114/1524/1109 1173/1547/1123 1175/1528/1112
f 1108/1533/1115 1109/1548/1124 1107/1549/1125
f 1108/1534/1115 1107/1550/1125 1113/1540/1118
f 1110/1532/1114 1178/1544/1121 1109/1548/1124
f 1110/1532/1114 1109/1548/1124 1108/1533/1115
f 1195/1542/1120 1194/1551/1126 1168/1543/1110
f 1168/1543/1110 1194/1551/1126 1177/1552/1116
f 1123/1545/1122 1174/1536/1117 1181/1553/1127
f 1174/1539/1117 1173/1546/1123 1181/1554/1127
f 1112/1541/1119 1113/1540/1118 1111/1555/1128
f 1113/1540/1118 1107/1550/1125 1111/1555/1128
f 1178/1544/1121 1179/1556/1129 1109/1548/1124
f 1194/1551/1126 1193/1557/1130 1177/1552/1116
f 1177/1552/1116 1193/1557/1130 1178/1558/1121
f 1123/1545/1122 1181/1553/1127 1151/1559/1131
f 1173/1546/1123 1180/1560/1132 1181/1554/1127
f 1173/1547/1123 1112/1541/1119 1180/1561/1132
f 1107/1549/1125 1122/1562/1133 1121/1563/1134
f 1107/1550/1125 1121/1564/1134 1111/1555/1128
f 1109/1548/1124 1179/1556/1129 1122/1562/1133
f 1109/1548/1124 1122/1562/1133 1107/1549/1125
f 1193/1557/1130 1192/1565/1135 1178/1558/1121
f 1178/1558/1121 1192/1565/1135 1179/1566/1129
f 1151/1559/1131 1181/1553/1127 1190/1567/1136
f 1181/1554/1127 1180/1560/1132 1190/1568/1136
f 1112/1541/1119 1111/1555/1128 1126/1569/1137
f 1112/1541/1119 1126/1569/1137 1180/1561/1132
f 1121/1563/1134 1148/1570/1138 1147/1571/1139
f 1122/1562/1133 1148/1570/1138 1121/1563/1134
f 1192/1565/1135 1191/1572/1140 1179/1566/1129
f 1151/1559/1131 1190/1567/1136 1127/1573/1141
f 1111/1555/1128 1125/1574/1142 1126/1569/1137
f 1121/1564/1134 1147/1575/1139 1125/1574/1142
f 1121/1564/1134 1125/1574/1142 1111/1555/1128
f 1180/1560/1132 1189/1576/1143 1190/1568/1136
f 1180/1561/1132 1126/1569/1137 1189/1577/1143
f 1122/1562/1133 1179/1556/1129 1188/1578/1144
f 1179/1566/1129 1191/1572/1140 1188/1579/1144
f 1122/1562/1133 1188/1578/1144 1148/1570/1138
f 1127/1573/1141 1190/1567/1136 1183/1580/1145
f 1190/1568/1136 1189/1576/1143 1183/1581/1145
f 1147/1571/1139 1148/1570/1138 1131/1582/1146
f 1125/1574/1142 1153/1583/1147 1154/1584/1148
f 1125/1574/1142 1154/1584/1148 1126/1569/1137
f 1126/1569/1137 1154/1584/1148 1189/1577/1143
f 1125/1574/1142 1147/1575/1139 1153/1583/1147
f 1191/1572/1140 1137/1585/1149 1188/1579/1144
f 1127/1573/1141 1183/1580/1145 1128/1586/1150
f 1148/1570/1138 1188/1578/1144 1184/1587/1151
f 1188/1579/1144 1137/1585/1149 1184/1588/1151
f 1148/1570/1138 1184/1587/1151 1131/1582/1146
f 1154/1584/1148 1153/1583/1147 1136/1589/1152
f 1189/1576/1143 1135/1590/1153 1183/1581/1145
f 1154/1591/1148 1136/1592/1152 1135/1590/1153
f 1154/1591/1148 1135/1590/1153 1189/1576/1143
f 1147/1571/1139 1131/1582/1146 1133/1593/1154
f 1147/1575/1139 1133/1594/1154 1153/1583/1147
f 1128/1595/1150 1183/1581/1145 1182/1596/1155
f 1183/1581/1145 1135/1590/1153 1182/1596/1155
f 1137/1585/1149 1128/1586/1150 1184/1588/1151
f 1136/1592/1152 1132/1597/1156 1135/1590/1153
f 1135/1590/1153 1132/1597/1156 1182/1596/1155
f 1131/1582/1146 1132/1598/1156 1133/1593/1154
f 1153/1583/1147 1134/1599/1157 1136/1589/1152
f 1134/1600/1157 1133/1593/1154 1132/1598/1156
f 1134/1599/1157 1153/1583/1147 1133/1594/1154
f 1134/1599/1157 1132/1601/1156 1136/1589/1152
f 1128/1586/1150 1182/1602/1155 1184/1588/1151
f 1182/1603/1155 1131/1582/1146 1184/1587/1151
f 1131/1582/1146 1182/1603/1155 1132/1598/1156
f 1207/1604/1158 1239/1605/1159 1209/1606/1160
f 1239/1607/1159 1238/1608/1161 1237/1609/1162
f 1239/1605/1159 1237/1610/1162 1209/1606/1160
f 1238/1608/1161 1236/1611/1163 1237/1609/1162
f 1209/1606/1160 1237/1610/1162 1223/1612/1164
f 1238/1608/1161 1214/1613/1165 1236/1611/1163
f 1237/1609/1162 1236/1611/1163 1243/1614/1166
f 1237/1610/1162 1243/1615/1166 1223/1612/1164
f 1238/1608/1161 1215/1616/1167 1214/1613/1165
f 1236/1611/1163 1242/1617/1168 1243/1614/1166
f 1223/1612/1164 1243/1615/1166 1225/1618/1169
f 1215/1619/1167 1216/1620/1170 1214/1621/1165
f 1236/1622/1163 1221/1623/1171 1242/1624/1168
f 1236/1611/1163 1214/1613/1165 1221/1625/1171
f 1243/1614/1166 1242/1617/1168 1241/1626/1172
f 1243/1615/1166 1241/1627/1172 1225/1618/1169
f 1215/1619/1167 1217/1628/1173 1216/1620/1170
f 1214/1621/1165 1220/1629/1174 1221/1623/1171
f 1214/1621/1165 1216/1620/1170 1220/1629/1174
f 1242/1617/1168 1240/1630/1175 1241/1626/1172
f 1225/1618/1169 1241/1627/1172 1255/1631/1176
f 1217/1628/1173 1210/1632/1177 1216/1620/1170
f 1221/1623/1171 1220/1629/1174 1219/1633/1178
f 1242/1624/1168 1219/1633/1178 1240/1634/1175
f 1242/1624/1168 1221/1623/1171 1219/1633/1178
f 1241/1626/1172 1240/1630/1175 1335/1635/1179
f 1241/1627/1172 1335/1636/1179 1255/1631/1176
f 1210/1637/1177 1211/1638/1180 1212/1639/1181
f 1216/1620/1170 1210/1632/1177 1212/1640/1181
f 1216/1620/1170 1212/1640/1181 1220/1629/1174
f 1219/1633/1178 1220/1629/1174 1218/1641/1182
f 1240/1630/1175 1334/1642/1183 1335/1635/1179
f 1240/1634/1175 1219/1633/1178 1334/1643/1183
f 1255/1631/1176 1335/1636/1179 1265/1644/1184
f 1211/1638/1180 1213/1645/1185 1212/1639/1181
f 1220/1629/1174 1212/1640/1181 1230/1646/1186
f 1212/1639/1181 1213/1645/1185 1230/1647/1186
f 1220/1629/1174 1230/1646/1186 1218/1641/1182
f 1219/1633/1178 1218/1641/1182 1251/1648/1187
f 1219/1633/1178 1251/1648/1187 1334/1643/1183
f 1335/1635/1179 1334/1642/1183 1342/1649/1188
f 1335/1636/1179 1342/1650/1188 1265/1644/1184
f 1211/1638/1180 1234/1651/1189 1235/1652/1190
f 1211/1638/1180 1235/1652/1190 1213/1645/1185
f 1230/1646/1186 1231/1653/1191 1232/1654/1192
f 1230/1646/1186 1232/1654/1192 1218/1641/1182
f 1230/1646/1186 1213/1655/1185 1231/1653/1191
f 1251/1648/1187 1218/1641/1182 1250/1656/1193
f 1218/1641/1182 1232/1654/1192 1250/1656/1193
f 1334/1642/1183 1341/1657/1194 1342/1649/1188
f 1334/1643/1183 1251/1648/1187 1341/1658/1194
f 1265/1644/1184 1342/1650/1188 1264/1659/1195
f 1234/1660/1189 1249/1661/1196 1248/1662/1197
f 1234/1660/1189 1248/1662/1197 1235/1663/1190
f 1213/1645/1185 1235/1652/1190 1244/1664/1198
f 1213/1645/1185 1244/1664/1198 1231/1665/1191
f 1232/1654/1192 1231/1653/1191 1233/1666/1199
f 1250/1656/1193 1266/1667/1200 1251/1648/1187
f 1251/1648/1187 1266/1667/1200 1341/1658/1194
f 1342/1649/1188 1341/1657/1194 1340/1668/1201
f 1342/1650/1188 1340/1669/1201 1264/1659/1195
f 1248/1662/1197 1246/1670/1202 1235/1663/1190
f 1235/1663/1190 1246/1670/1202 1244/1671/1198
f 1232/1654/1192 1233/1666/1199 1253/1672/1203
f 1232/1654/1192 1253/1672/1203 1250/1656/1193
f 1231/1665/1191 1244/1664/1198 1245/1673/1204
f 1231/1665/1191 1245/1673/1204 1233/1674/1199
f 1266/1667/1200 1267/1675/1205 1268/1676/1206
f 1250/1656/1193 1253/1672/1203 1267/1675/1205
f 1250/1656/1193 1267/1675/1205 1266/1667/1200
f 1341/1657/1194 1339/1677/1207 1340/1668/1201
f 1266/1667/1200 1268/1676/1206 1339/1678/1207
f 1266/1667/1200 1339/1678/1207 1341/1658/1194
f 1264/1659/1195 1340/1669/1201 1279/1679/1208
f 1246/1670/1202 1247/1680/1209 1244/1671/1198
f 1244/1671/1198 1247/1680/1209 1245/1681/1204
f 1233/1666/1199 1252/1682/1210 1253/1672/1203
f 1267/1675/1205 1269/1683/1211 1268/1676/1206
f 1339/1677/1207 1344/1684/1212 1345/1685/1213
f 1339/1677/1207 1345/1685/1213 1340/1668/1201
f 1340/1669/1201 1345/1686/1213 1279/1679/1208
f 1339/1678/1207 1268/1676/1206 1344/1687/1212
f 1247/1680/1209 1372/1688/1214 1245/1681/1204
f 1233/1674/1199 1245/1673/1204 1336/1689/1215
f 1245/1681/1204 1372/1688/1214 1336/1690/1215
f 1233/1674/1199 1336/1689/1215 1252/1691/1210
f 1253/1672/1203 1252/1682/1210 1272/1692/1216
f 1267/1675/1205 1253/1672/1203 1272/1692/1216
f 1267/1675/1205 1272/1692/1216 1269/1683/1211
f 1345/1685/1213 1344/1684/1212 1351/1693/1217
f 1279/1679/1208 1345/1686/1213 1286/1694/1218
f 1345/1686/1213 1351/1695/1217 1286/1694/1218
f 1268/1676/1206 1269/1683/1211 1280/1696/1219
f 1268/1676/1206 1280/1696/1219 1344/1687/1212
f 1372/1688/1214 1371/1697/1220 1336/1690/1215
f 1252/1682/1210 1270/1698/1221 1272/1692/1216
f 1351/1693/1217 1350/1699/1222 1349/1700/1223
f 1344/1687/1212 1280/1696/1219 1350/1701/1222
f 1344/1684/1212 1350/1699/1222 1351/1693/1217
f 1286/1694/1218 1351/1695/1217 1287/1702/1224
f 1351/1695/1217 1349/1703/1223 1287/1702/1224
f 1269/1683/1211 1281/1704/1225 1280/1696/1219
f 1371/1697/1220 1370/1705/1226 1337/1706/1227
f 1252/1691/1210 1336/1689/1215 1337/1707/1227
f 1336/1690/1215 1371/1697/1220 1337/1706/1227
f 1252/1691/1210 1337/1707/1227 1270/1708/1221
f 1272/1692/1216 1270/1698/1221 1271/1709/1228
f 1350/1699/1222 1348/1710/1229 1349/1700/1223
f 1287/1702/1224 1349/1703/1223 1330/1711/1230
f 1269/1683/1211 1272/1692/1216 1273/1712/1231
f 1272/1692/1216 1271/1709/1228 1273/1712/1231
f 1269/1683/1211 1273/1712/1231 1281/1704/1225
f 1280/1696/1219 1281/1704/1225 1297/1713/1232
f 1350/1701/1222 1280/1696/1219 1297/1713/1232
f 1350/1701/1222 1297/1713/1232 1348/1714/1229
f 1370/1705/1226 1369/1715/1233 1338/1716/1234
f 1270/1708/1221 1337/1707/1227 1338/1717/1234
f 1337/1706/1227 1370/1705/1226 1338/1716/1234
f 1270/1708/1221 1338/1717/1234 1271/1718/1228
f 1349/1700/1223 1348/1710/1229 1363/1719/1235
f 1349/1703/1223 1363/1720/1235 1330/1711/1230
f 1273/1712/1231 1271/1709/1228 1274/1721/1236
f 1281/1704/1225 1296/1722/1237 1297/1713/1232
f 1369/1715/1233 1368/1723/1238 1343/1724/1239
f 1271/1718/1228 1338/1717/1234 1343/1725/1239
f 1338/1716/1234 1369/1715/1233 1343/1724/1239
f 1271/1718/1228 1343/1725/1239 1274/1726/1236
f 1348/1710/1229 1362/1727/1240 1363/1719/1235
f 1330/1711/1230 1363/1720/1235 1298/1728/1241
f 1273/1712/1231 1274/1721/1236 1275/1729/1242
f 1273/1712/1231 1275/1729/1242 1281/1704/1225
f 1296/1722/1237 1294/1730/1243 1295/1731/1244
f 1348/1714/1229 1297/1713/1232 1295/1731/1244
f 1297/1713/1232 1296/1722/1237 1295/1731/1244
f 1348/1714/1229 1295/1731/1244 1362/1732/1240
f 1368/1723/1238 1367/1733/1245 1346/1734/1246
f 1343/1725/1239 1346/1735/1246 1274/1726/1236
f 1343/1724/1239 1368/1723/1238 1346/1734/1246
f 1363/1719/1235 1362/1727/1240 1355/1736/1247
f 1363/1720/1235 1355/1737/1247 1298/1728/1241
f 1275/1729/1242 1274/1721/1236 1293/1738/1248
f 1274/1726/1236 1346/1735/1246 1293/1739/1248
f 1281/1704/1225 1275/1729/1242 1291/1740/1249
f 1296/1722/1237 1291/1740/1249 1294/1730/1243
f 1296/1722/1237 1281/1704/1225 1291/1740/1249
f 1275/1729/1242 1293/1738/1248 1291/1740/1249
f 1295/1731/1244 1294/1730/1243 1333/1741/1250
f 1295/1731/1244 1333/1741/1250 1362/1732/1240
f 1367/1733/1245 1366/1742/1251 1347/1743/1252
f 1346/1735/1246 1347/1744/1252 1293/1739/1248
f 1346/1734/1246 1367/1733/1245 1347/1743/1252
f 1355/1745/1247 1354/1746/1253 1353/1747/1254
f 1362/1732/1240 1333/1741/1250 1354/1748/1253
f 1362/1732/1240 1354/1748/1253 1355/1749/1247
f 1298/1728/1241 1355/1737/1247 1299/1750/1255
f 1355/1737/1247 1353/1751/1254 1299/1750/1255
f 1291/1740/1249 1292/1752/1256 1290/1753/1257
f 1291/1740/1249 1290/1753/1257 1294/1730/1243
f 1293/1738/1248 1292/1752/1256 1291/1740/1249
f 1293/1739/1248 1347/1744/1252 1292/1754/1256
f 1366/1742/1251 1365/1755/1258 1361/1756/1259
f 1347/1744/1252 1361/1757/1259 1292/1754/1256
f 1347/1743/1252 1366/1742/1251 1361/1756/1259
f 1333/1741/1250 1294/1730/1243 1332/1758/1260
f 1354/1746/1253 1352/1759/1261 1353/1747/1254
f 1299/1750/1255 1353/1751/1254 1324/1760/1262
f 1290/1753/1257 1327/1761/1263 1326/1762/1264
f 1290/1753/1257 1292/1752/1256 1327/1761/1263
f 1294/1730/1243 1326/1762/1264 1332/1758/1260
f 1294/1730/1243 1290/1753/1257 1326/1762/1264
f 1292/1754/1256 1361/1757/1259 1327/1763/1263
f 1365/1755/1258 1364/1764/1265 1356/1765/1266
f 1361/1757/1259 1356/1766/1266 1327/1763/1263
f 1361/1756/1259 1365/1755/1258 1356/1765/1266
f 1333/1741/1250 1332/1758/1260 1302/1767/1267
f 1354/1748/1253 1333/1741/1250 1302/1767/1267
f 1354/1748/1253 1302/1767/1267 1352/1768/1261
f 1353/1747/1254 1352/1759/1261 1360/1769/1268
f 1353/1751/1254 1360/1770/1268 1324/1760/1262
f 1326/1762/1264 1313/1771/1269 1311/1772/1270
f 1326/1762/1264 1327/1761/1263 1313/1771/1269
f 1327/1763/1263 1356/1766/1266 1313/1773/1269
f 1326/1762/1264 1311/1772/1270 1332/1758/1260
f 1364/1764/1265 1314/1774/1271 1357/1775/1272
f 1356/1766/1266 1357/1776/1272 1313/1773/1269
f 1356/1765/1266 1364/1764/1265 1357/1775/1272
f 1302/1767/1267 1303/1777/1273 1304/1778/1274
f 1302/1767/1267 1304/1778/1274 1352/1768/1261
f 1332/1758/1260 1311/1772/1270 1303/1777/1273
f 1332/1758/1260 1303/1777/1273 1302/1767/1267
f 1360/1769/1268 1318/1779/1275 1359/1780/1276
f 1352/1759/1261 1304/1781/1274 1318/1779/1275
f 1352/1759/1261 1318/1779/1275 1360/1769/1268
f 1324/1760/1262 1360/1770/1268 1316/1782/1277
f 1316/1783/1277 1360/1784/1268 1359/1785/1276
f 1314/1774/1271 1316/1782/1277 1358/1786/1278
f 1314/1774/1271 1358/1786/1278 1357/1775/1272
f 1313/1773/1269 1312/1787/1279 1311/1788/1270
f 1357/1776/1272 1358/1789/1278 1312/1787/1279
f 1357/1776/1272 1312/1787/1279 1313/1773/1269
f 1303/1777/1273 1305/1790/1280 1304/1778/1274
f 1318/1779/1275 1319/1791/1281 1320/1792/1282
f 1318/1779/1275 1320/1792/1282 1359/1780/1276
f 1304/1778/1274 1305/1790/1280 1319/1793/1281
f 1304/1781/1274 1319/1791/1281 1318/1779/1275
f 1316/1782/1277 1359/1794/1276 1358/1786/1278
f 1311/1788/1270 1312/1787/1279 1310/1795/1283
f 1303/1777/1273 1310/1796/1283 1305/1790/1280
f 1303/1777/1273 1311/1772/1270 1310/1796/1283
f 1320/1797/1282 1319/1793/1281 1321/1798/1284
f 1319/1793/1281 1305/1790/1280 1321/1798/1284
f 1359/1799/1276 1322/1800/1285 1358/1789/1278
f 1312/1787/1279 1322/1800/1285 1310/1795/1283
f 1312/1787/1279 1358/1789/1278 1322/1800/1285
f 1359/1799/1276 1320/1801/1282 1322/1800/1285
f 1305/1790/1280 1323/1802/1286 1321/1798/1284
f 1323/1803/1286 1310/1795/1283 1322/1800/1285
f 1323/1803/1286 1322/1800/1285 1320/1801/1282
f 1323/1802/1286 1305/1790/1280 1310/1796/1283
f 1323/1802/1286 1320/1797/1282 1321/1798/1284
f 1386/1804/1287 1385/1805/1288 1394/1806/1289
f 1385/1805/1288 1393/1807/1290 1394/1806/1289
f 1385/1805/1288 1502/1808/1291 1393/1807/1290
f 1394/1809/1289 1393/1810/1290 1392/1811/1292
f 1385/1805/1288 1403/1812/1293 1502/1808/1291
f 1393/1810/1290 1391/1813/1294 1392/1811/1292
f 1393/1810/1290 1502/1814/1291 1391/1813/1294
f 1403/1812/1293 1404/1815/1295 1502/1808/1291
f 1392/1811/1292 1391/1813/1294 1377/1816/1296
f 1404/1815/1295 1501/1817/1297 1502/1808/1291
f 1392/1811/1292 1377/1816/1296 1379/1818/1298
f 1391/1813/1294 1502/1814/1291 1500/1819/1299
f 1502/1814/1291 1501/1820/1297 1500/1819/1299
f 1404/1815/1295 1486/1821/1300 1501/1817/1297
f 1377/1816/1296 1378/1822/1301 1379/1818/1298
f 1391/1813/1294 1500/1819/1299 1411/1823/1302
f 1391/1813/1294 1411/1823/1302 1377/1816/1296
f 1486/1821/1300 1529/1824/1303 1501/1817/1297
f 1378/1822/1301 1380/1825/1304 1379/1818/1298
f 1500/1819/1299 1501/1820/1297 1499/1826/1305
f 1501/1820/1297 1529/1827/1303 1499/1826/1305
f 1411/1823/1302 1409/1828/1306 1410/1829/1307
f 1500/1819/1299 1499/1826/1305 1409/1828/1306
f 1500/1819/1299 1409/1828/1306 1411/1823/1302
f 1377/1816/1296 1411/1823/1302 1412/1830/1308
f 1411/1823/1302 1410/1829/1307 1412/1830/1308
f 1377/1816/1296 1412/1830/1308 1378/1822/1301
f 1486/1821/1300 1428/1831/1309 1529/1824/1303
f 1380/1825/1304 1378/1822/1301 1373/1832/1310
f 1499/1826/1305 1529/1827/1303 1528/1833/1311
f 1409/1828/1306 1487/1834/1312 1488/1835/1313
f 1409/1828/1306 1488/1835/1313 1410/1829/1307
f 1499/1826/1305 1528/1833/1311 1487/1834/1312
f 1499/1826/1305 1487/1834/1312 1409/1828/1306
f 1412/1830/1308 1374/1836/1314 1378/1822/1301
f 1378/1822/1301 1374/1836/1314 1373/1832/1310
f 1428/1831/1309 1508/1837/1315 1529/1824/1303
f 1529/1827/1303 1508/1838/1315 1528/1833/1311
f 1488/1835/1313 1487/1834/1312 1419/1839/1316
f 1410/1829/1307 1405/1840/1317 1412/1830/1308
f 1412/1830/1308 1405/1840/1317 1374/1836/1314
f 1373/1841/1310 1374/1842/1314 1375/1843/1318
f 1428/1831/1309 1426/1844/1319 1508/1837/1315
f 1528/1833/1311 1508/1838/1315 1506/1845/1320
f 1488/1835/1313 1406/1846/1321 1410/1829/1307
f 1410/1829/1307 1406/1846/1321 1405/1840/1317
f 1487/1834/1312 1417/1847/1322 1419/1839/1316
f 1528/1833/1311 1417/1847/1322 1487/1834/1312
f 1528/1833/1311 1506/1845/1320 1417/1847/1322
f 1374/1842/1314 1376/1848/1323 1375/1843/1318
f 1374/1842/1314 1405/1849/1317 1376/1848/1323
f 1426/1844/1319 1507/1850/1324 1508/1837/1315
f 1508/1838/1315 1507/1851/1324 1506/1845/1320
f 1488/1835/1313 1481/1852/1325 1406/1846/1321
f 1488/1835/1313 1419/1839/1316 1481/1852/1325
f 1417/1847/1322 1418/1853/1326 1419/1839/1316
f 1375/1843/1318 1376/1848/1323 1389/1854/1327
f 1405/1849/1317 1406/1855/1321 1407/1856/1328
f 1405/1849/1317 1407/1856/1328 1376/1848/1323
f 1426/1844/1319 1436/1857/1329 1507/1850/1324
f 1506/1845/1320 1507/1851/1324 1505/1858/1330
f 1417/1847/1322 1505/1858/1330 1418/1853/1326
f 1417/1847/1322 1506/1845/1320 1505/1858/1330
f 1481/1859/1325 1408/1860/1331 1406/1855/1321
f 1406/1855/1321 1408/1860/1331 1407/1856/1328
f 1419/1839/1316 1418/1853/1326 1420/1861/1332
f 1389/1854/1327 1376/1848/1323 1390/1862/1333
f 1376/1848/1323 1407/1856/1328 1390/1862/1333
f 1436/1857/1329 1514/1863/1334 1507/1850/1324
f 1507/1851/1324 1514/1864/1334 1505/1858/1330
f 1481/1859/1325 1482/1865/1335 1408/1860/1331
f 1419/1839/1316 1414/1866/1336 1481/1852/1325
f 1481/1859/1325 1414/1867/1336 1482/1865/1335
f 1419/1839/1316 1420/1861/1332 1414/1866/1336
f 1418/1853/1326 1444/1868/1337 1420/1861/1332
f 1389/1869/1327 1390/1870/1333 1395/1871/1338
f 1407/1856/1328 1408/1860/1331 1497/1872/1339
f 1407/1856/1328 1497/1872/1339 1390/1862/1333
f 1436/1857/1329 1434/1873/1340 1514/1863/1334
f 1505/1858/1330 1514/1864/1334 1512/1874/1341
f 1418/1853/1326 1512/1874/1341 1444/1868/1337
f 1418/1853/1326 1505/1858/1330 1512/1874/1341
f 1482/1865/1335 1414/1867/1336 1413/1875/1342
f 1420/1861/1332 1444/1868/1337 1442/1876/1343
f 1389/1869/1327 1395/1871/1338 1396/1877/1344
f 1408/1860/1331 1498/1878/1345 1497/1872/1339
f 1408/1860/1331 1482/1865/1335 1498/1878/1345
f 1390/1870/1333 1497/1879/1339 1543/1880/1346
f 1390/1870/1333 1543/1880/1346 1395/1871/1338
f 1434/1873/1340 1513/1881/1347 1514/1863/1334
f 1514/1882/1334 1513/1883/1347 1512/1884/1341
f 1414/1867/1336 1415/1885/1348 1413/1875/1342
f 1420/1861/1332 1416/1886/1349 1414/1866/1336
f 1414/1867/1336 1416/1887/1349 1415/1885/1348
f 1444/1868/1337 1443/1888/1350 1442/1876/1343
f 1482/1865/1335 1527/1889/1351 1498/1878/1345
f 1497/1879/1339 1498/1890/1345 1542/1891/1352
f 1497/1879/1339 1542/1891/1352 1543/1880/1346
f 1434/1873/1340 1445/1892/1353 1513/1881/1347
f 1512/1884/1341 1513/1883/1347 1511/1893/1354
f 1444/1868/1337 1511/1894/1354 1443/1888/1350
f 1444/1868/1337 1512/1874/1341 1511/1894/1354
f 1413/1875/1342 1415/1885/1348 1503/1895/1355
f 1420/1861/1332 1442/1876/1343 1438/1896/1356
f 1420/1861/1332 1438/1896/1356 1416/1886/1349
f 1482/1865/1335 1413/1875/1342 1504/1897/1357
f 1413/1875/1342 1503/1895/1355 1504/1897/1357
f 1482/1865/1335 1504/1897/1357 1527/1889/1351
f 1498/1890/1345 1527/1898/1351 1541/1899/1358
f 1498/1890/1345 1541/1899/1358 1542/1891/1352
f 1445/1892/1353 1518/1900/1359 1513/1881/1347
f 1513/1883/1347 1518/1901/1359 1511/1893/1354
f 1443/1888/1350 1441/1902/1360 1442/1876/1343
f 1415/1885/1348 1416/1887/1349 1437/1903/1361
f 1416/1887/1349 1438/1904/1356 1437/1903/1361
f 1503/1895/1355 1415/1885/1348 1510/1905/1362
f 1415/1885/1348 1437/1903/1361 1510/1905/1362
f 1504/1906/1357 1503/1907/1355 1539/1908/1363
f 1527/1898/1351 1504/1906/1357 1540/1909/1364
f 1540/1909/1364 1541/1899/1358 1527/1898/1351
f 1540/1909/1364 1504/1906/1357 1539/1908/1363
f 1445/1892/1353 1447/1910/1365 1518/1900/1359
f 1511/1893/1354 1518/1901/1359 1516/1911/1366
f 1511/1894/1354 1516/1912/1366 1443/1888/1350
f 1441/1902/1360 1443/1888/1350 1453/1913/1367
f 1443/1888/1350 1516/1912/1366 1453/1913/1367
f 1442/1876/1343 1440/1914/1368 1438/1896/1356
f 1442/1915/1343 1441/1916/1360 1440/1917/1368
f 1437/1903/1361 1438/1904/1356 1439/1918/1369
f 1438/1904/1356 1440/1917/1368 1439/1918/1369
f 1510/1905/1362 1437/1903/1361 1509/1919/1370
f 1437/1903/1361 1439/1918/1369 1509/1919/1370
f 1503/1907/1355 1510/1920/1362 1538/1921/1371
f 1503/1907/1355 1538/1921/1371 1539/1908/1363
f 1447/1910/1365 1517/1922/1372 1518/1900/1359
f 1518/1901/1359 1517/1923/1372 1516/1911/1366
f 1453/1913/1367 1454/1924/1373 1455/1925/1374
f 1441/1902/1360 1453/1913/1367 1455/1925/1374
f 1440/1917/1368 1450/1926/1375 1449/1927/1376
f 1440/1917/1368 1449/1927/1376 1439/1918/1369
f 1441/1916/1360 1455/1928/1374 1450/1926/1375
f 1441/1916/1360 1450/1926/1375 1440/1917/1368
f 1509/1919/1370 1439/1918/1369 1520/1929/1377
f 1439/1918/1369 1449/1927/1376 1520/1929/1377
f 1510/1920/1362 1509/1930/1370 1537/1931/1378
f 1510/1920/1362 1537/1931/1378 1538/1921/1371
f 1447/1910/1365 1466/1932/1379 1517/1922/1372
f 1516/1911/1366 1517/1923/1372 1515/1933/1380
f 1453/1934/1367 1515/1933/1380 1454/1935/1373
f 1453/1934/1367 1516/1911/1366 1515/1933/1380
f 1455/1925/1374 1454/1924/1373 1456/1936/1381
f 1450/1926/1375 1451/1937/1382 1449/1927/1376
f 1520/1929/1377 1449/1927/1376 1519/1938/1383
f 1449/1927/1376 1451/1937/1382 1519/1938/1383
f 1509/1930/1370 1520/1939/1377 1536/1940/1384
f 1509/1930/1370 1536/1940/1384 1537/1931/1378
f 1466/1932/1379 1523/1941/1385 1517/1922/1372
f 1517/1923/1372 1523/1942/1385 1515/1933/1380
f 1455/1928/1374 1452/1943/1386 1450/1926/1375
f 1450/1926/1375 1452/1943/1386 1451/1937/1382
f 1455/1928/1374 1456/1944/1381 1452/1943/1386
f 1454/1924/1373 1467/1945/1387 1456/1936/1381
f 1519/1938/1383 1451/1937/1382 1521/1946/1388
f 1520/1939/1377 1519/1947/1383 1535/1948/1389
f 1520/1939/1377 1535/1948/1389 1536/1940/1384
f 1466/1932/1379 1493/1949/1390 1523/1941/1385
f 1515/1933/1380 1523/1942/1385 1522/1950/1391
f 1454/1935/1373 1522/1950/1391 1467/1951/1387
f 1454/1935/1373 1515/1933/1380 1522/1950/1391
f 1452/1943/1386 1463/1952/1392 1451/1937/1382
f 1451/1937/1382 1463/1952/1392 1521/1946/1388
f 1456/1936/1381 1467/1945/1387 1468/1953/1393
f 1519/1947/1383 1521/1954/1388 1534/1955/1394
f 1519/1947/1383 1534/1955/1394 1535/1948/1389
f 1493/1949/1390 1532/1956/1395 1523/1941/1385
f 1523/1942/1385 1532/1957/1395 1522/1950/1391
f 1452/1943/1386 1464/1958/1396 1463/1952/1392
f 1456/1944/1381 1464/1958/1396 1452/1943/1386
f 1456/1944/1381 1468/1959/1393 1464/1958/1396
f 1467/1951/1387 1495/1960/1397 1468/1961/1393
f 1521/1946/1388 1463/1952/1392 1530/1962/1398
f 1534/1955/1394 1521/1954/1388 1533/1963/1399
f 1521/1954/1388 1530/1964/1398 1533/1963/1399
f 1493/1949/1390 1469/1965/1400 1532/1956/1395
f 1522/1950/1391 1532/1957/1395 1531/1966/1401
f 1467/1951/1387 1531/1966/1401 1495/1960/1397
f 1467/1951/1387 1522/1950/1391 1531/1966/1401
f 1464/1958/1396 1489/1967/1402 1463/1952/1392
f 1463/1952/1392 1489/1967/1402 1530/1962/1398
f 1468/1961/1393 1495/1960/1397 1496/1968/1403
f 1533/1963/1399 1530/1964/1398 1479/1969/1404
f 1469/1965/1400 1525/1970/1405 1532/1956/1395
f 1532/1957/1395 1525/1971/1405 1531/1966/1401
f 1464/1958/1396 1490/1972/1406 1489/1967/1402
f 1468/1959/1393 1490/1972/1406 1464/1958/1396
f 1468/1959/1393 1496/1973/1403 1490/1972/1406
f 1495/1960/1397 1478/1974/1407 1496/1968/1403
f 1530/1962/1398 1489/1967/1402 1526/1975/1408
f 1530/1964/1398 1526/1976/1408 1479/1969/1404
f 1469/1965/1400 1471/1977/1409 1525/1970/1405
f 1531/1966/1401 1525/1971/1405 1477/1978/1410
f 1495/1960/1397 1477/1978/1410 1478/1974/1407
f 1495/1960/1397 1531/1966/1401 1477/1978/1410
f 1490/1972/1406 1473/1979/1411 1489/1967/1402
f 1489/1967/1402 1473/1979/1411 1526/1975/1408
f 1496/1968/1403 1478/1974/1407 1476/1980/1412
f 1479/1969/1404 1526/1976/1408 1471/1981/1409
f 1471/1977/1409 1524/1982/1413 1525/1970/1405
f 1525/1971/1405 1524/1983/1413 1477/1978/1410
f 1490/1972/1406 1474/1984/1414 1473/1979/1411
f 1496/1973/1403 1474/1984/1414 1490/1972/1406
f 1496/1973/1403 1476/1985/1412 1474/1984/1414
f 1478/1974/1407 1477/1978/1410 1475/1986/1415
f 1474/1984/1414 1475/1987/1415 1473/1979/1411
f 1476/1985/1412 1475/1987/1415 1474/1984/1414
f 1476/1980/1412 1478/1974/1407 1475/1986/1415
f 1477/1978/1410 1524/1983/1413 1475/1986/1415
f 1526/1975/1408 1473/1979/1411 1524/1988/1413
f 1524/1989/1413 1471/1981/1409 1526/1976/1408
f 1524/1988/1413 1473/1979/1411 1475/1987/1415
f 1550/1990/1416 1551/1991/1417 1581/1992/1418
f 1551/1993/1417 1580/1994/1419 1581/1995/1418
f 1551/1993/1417 1566/1996/1420 1580/1994/1419
f 1581/1997/1418 1580/1998/1419 1579/1999/1421
f 1566/1996/1420 1585/2000/1422 1580/1994/1419
f 1579/1999/1421 1580/1998/1419 1578/2001/1423
f 1580/1998/1419 1585/2002/1422 1578/2001/1423
f 1566/1996/1420 1567/2003/1424 1585/2000/1422
f 1579/1999/1421 1578/2001/1423 1556/2004/1425
f 1567/2003/1424 1584/2005/1426 1585/2000/1422
f 1579/1999/1421 1556/2004/1425 1558/2006/1427
f 1578/2001/1423 1585/2002/1422 1583/2007/1428
f 1585/2002/1422 1584/2008/1426 1583/2007/1428
f 1567/2003/1424 1597/2009/1429 1584/2005/1426
f 1556/2004/1425 1557/2010/1430 1558/2006/1427
f 1578/2001/1423 1583/2007/1428 1560/2011/1431
f 1578/2001/1423 1560/2011/1431 1556/2004/1425
f 1597/2009/1429 1677/2012/1432 1584/2005/1426
f 1557/2010/1430 1559/2013/1433 1558/2006/1427
f 1583/2007/1428 1584/2008/1426 1582/2014/1434
f 1584/2008/1426 1677/2015/1432 1582/2014/1434
f 1560/2011/1431 1561/2016/1435 1562/2017/1436
f 1560/2011/1431 1562/2017/1436 1556/2004/1425
f 1583/2007/1428 1561/2016/1435 1560/2011/1431
f 1583/2007/1428 1582/2014/1434 1561/2016/1435
f 1556/2004/1425 1562/2017/1436 1557/2010/1430
f 1597/2009/1429 1604/2018/1437 1677/2012/1432
f 1559/2019/1433 1557/2020/1430 1552/2021/1438
f 1582/2014/1434 1677/2015/1432 1676/2022/1439
f 1582/2014/1434 1676/2022/1439 1561/2016/1435
f 1562/2017/1436 1561/2016/1435 1563/2023/1440
f 1604/2018/1437 1684/2024/1441 1677/2012/1432
f 1677/2015/1432 1684/2025/1441 1676/2022/1439
f 1557/2010/1430 1553/2026/1442 1552/2027/1438
f 1557/2010/1430 1562/2017/1436 1553/2026/1442
f 1561/2016/1435 1592/2028/1443 1563/2023/1440
f 1561/2016/1435 1676/2022/1439 1592/2028/1443
f 1604/2018/1437 1606/2029/1444 1684/2024/1441
f 1552/2030/1438 1553/2031/1442 1554/2032/1445
f 1562/2017/1436 1575/2033/1446 1553/2026/1442
f 1562/2017/1436 1563/2023/1440 1575/2033/1446
f 1676/2022/1439 1684/2025/1441 1682/2034/1447
f 1676/2022/1439 1682/2034/1447 1592/2028/1443
f 1606/2029/1444 1683/2035/1448 1684/2024/1441
f 1684/2025/1441 1683/2036/1448 1682/2034/1447
f 1554/2032/1445 1553/2031/1442 1555/2037/1449
f 1553/2031/1442 1575/2038/1446 1555/2037/1449
f 1563/2023/1440 1574/2039/1450 1575/2033/1446
f 1592/2028/1443 1593/2040/1451 1563/2023/1440
f 1563/2023/1440 1593/2040/1451 1574/2039/1450
f 1606/2029/1444 1620/2041/1452 1683/2035/1448
f 1682/2034/1447 1683/2036/1448 1681/2042/1453
f 1554/2032/1445 1555/2037/1449 1576/2043/1454
f 1575/2038/1446 1574/2044/1450 1573/2045/1455
f 1575/2038/1446 1573/2045/1455 1555/2037/1449
f 1592/2028/1443 1611/2046/1456 1593/2040/1451
f 1682/2034/1447 1611/2046/1456 1592/2028/1443
f 1682/2034/1447 1681/2042/1453 1611/2046/1456
f 1620/2041/1452 1687/2047/1457 1683/2035/1448
f 1683/2036/1448 1687/2048/1457 1681/2042/1453
f 1554/2032/1445 1576/2043/1454 1577/2049/1458
f 1574/2044/1450 1572/2050/1459 1573/2045/1455
f 1555/2037/1449 1573/2045/1455 1587/2051/1460
f 1555/2037/1449 1587/2051/1460 1576/2043/1454
f 1593/2040/1451 1611/2046/1456 1609/2052/1461
f 1620/2041/1452 1631/2053/1462 1687/2047/1457
f 1681/2042/1453 1687/2048/1457 1686/2054/1463
f 1577/2055/1458 1576/2056/1454 1590/2057/1464
f 1574/2044/1450 1595/2058/1465 1572/2050/1459
f 1593/2040/1451 1595/2059/1465 1574/2039/1450
f 1593/2040/1451 1609/2052/1461 1595/2059/1465
f 1573/2045/1455 1572/2050/1459 1586/2060/1466
f 1573/2045/1455 1586/2060/1466 1587/2051/1460
f 1611/2046/1456 1610/2061/1467 1609/2052/1461
f 1681/2042/1453 1610/2061/1467 1611/2046/1456
f 1681/2042/1453 1686/2054/1463 1610/2061/1467
f 1631/2053/1462 1693/2062/1468 1687/2047/1457
f 1687/2048/1457 1693/2063/1468 1686/2054/1463
f 1577/2055/1458 1590/2057/1464 1591/2064/1469
f 1576/2056/1454 1587/2065/1460 1589/2066/1470
f 1576/2056/1454 1589/2066/1470 1590/2057/1464
f 1595/2058/1465 1594/2067/1471 1572/2050/1459
f 1586/2068/1466 1588/2069/1472 1587/2065/1460
f 1587/2065/1460 1588/2069/1472 1589/2066/1470
f 1609/2052/1461 1610/2061/1467 1608/2070/1473
f 1631/2053/1462 1629/2071/1474 1693/2062/1468
f 1686/2054/1463 1693/2063/1468 1691/2072/1475
f 1595/2058/1465 1613/2073/1476 1594/2067/1471
f 1609/2052/1461 1613/2074/1476 1595/2059/1465
f 1609/2052/1461 1608/2070/1473 1613/2074/1476
f 1572/2050/1459 1594/2067/1471 1678/2075/1477
f 1572/2050/1459 1678/2075/1477 1586/2060/1466
f 1588/2069/1472 1586/2068/1466 1714/2076/1478
f 1586/2068/1466 1678/2077/1477 1714/2076/1478
f 1610/2061/1467 1623/2078/1479 1608/2070/1473
f 1686/2054/1463 1623/2078/1479 1610/2061/1467
f 1686/2054/1463 1691/2072/1475 1623/2078/1479
f 1629/2071/1474 1692/2079/1480 1693/2062/1468
f 1693/2063/1468 1692/2080/1480 1691/2072/1475
f 1613/2073/1476 1614/2081/1481 1612/2082/1482
f 1594/2067/1471 1613/2073/1476 1612/2082/1482
f 1678/2075/1477 1594/2067/1471 1680/2083/1483
f 1594/2067/1471 1612/2082/1482 1680/2083/1483
f 1714/2076/1478 1678/2077/1477 1713/2084/1484
f 1678/2077/1477 1680/2085/1483 1713/2084/1484
f 1608/2070/1473 1623/2078/1479 1622/2086/1485
f 1629/2071/1474 1672/2087/1486 1692/2079/1480
f 1691/2072/1475 1692/2080/1480 1690/2088/1487
f 1614/2081/1481 1613/2073/1476 1615/2089/1488
f 1608/2070/1473 1615/2090/1488 1613/2074/1476
f 1608/2070/1473 1622/2086/1485 1615/2090/1488
f 1612/2082/1482 1614/2081/1481 1679/2091/1489
f 1612/2082/1482 1679/2091/1489 1680/2083/1483
f 1713/2084/1484 1680/2085/1483 1712/2092/1490
f 1680/2085/1483 1679/2093/1489 1712/2092/1490
f 1623/2078/1479 1636/2094/1491 1622/2086/1485
f 1691/2072/1475 1636/2094/1491 1623/2078/1479
f 1691/2072/1475 1690/2088/1487 1636/2094/1491
f 1672/2087/1486 1705/2095/1492 1692/2079/1480
f 1692/2080/1480 1705/2096/1492 1690/2088/1487
f 1615/2097/1488 1616/2098/1493 1617/2099/1494
f 1615/2097/1488 1617/2099/1494 1614/2100/1481
f 1615/2090/1488 1622/2086/1485 1616/2101/1493
f 1679/2091/1489 1614/2081/1481 1685/2102/1495
f 1614/2081/1481 1617/2103/1494 1685/2102/1495
f 1712/2092/1490 1679/2093/1489 1711/2104/1496
f 1679/2093/1489 1685/2105/1495 1711/2104/1496
f 1636/2094/1491 1637/2106/1497 1638/2107/1498
f 1636/2094/1491 1690/2088/1487 1637/2106/1497
f 1636/2094/1491 1638/2107/1498 1622/2086/1485
f 1672/2087/1486 1643/2108/1499 1705/2095/1492
f 1616/2098/1493 1633/2109/1500 1632/2110/1501
f 1616/2098/1493 1632/2110/1501 1617/2099/1494
f 1622/2086/1485 1638/2107/1498 1633/2111/1500
f 1622/2112/1485 1633/2109/1500 1616/2098/1493
f 1685/2102/1495 1617/2103/1494 1689/2113/1502
f 1617/2103/1494 1632/2114/1501 1689/2113/1502
f 1711/2104/1496 1685/2105/1495 1710/2115/1503
f 1685/2105/1495 1689/2116/1502 1710/2115/1503
f 1690/2088/1487 1705/2096/1492 1704/2117/1504
f 1690/2088/1487 1704/2117/1504 1637/2106/1497
f 1643/2108/1499 1697/2118/1505 1705/2095/1492
f 1705/2119/1492 1697/2120/1505 1704/2121/1504
f 1638/2107/1498 1637/2106/1497 1639/2122/1506
f 1638/2123/1498 1639/2124/1506 1633/2125/1500
f 1632/2110/1501 1633/2109/1500 1634/2126/1507
f 1689/2113/1502 1632/2114/1501 1688/2127/1508
f 1632/2114/1501 1634/2128/1507 1688/2127/1508
f 1710/2115/1503 1689/2116/1502 1709/2129/1509
f 1689/2116/1502 1688/2130/1508 1709/2129/1509
f 1643/2108/1499 1641/2131/1510 1697/2118/1505
f 1704/2121/1504 1697/2120/1505 1695/2132/1511
f 1637/2106/1497 1674/2133/1512 1639/2122/1506
f 1704/2117/1504 1674/2133/1512 1637/2106/1497
f 1704/2121/1504 1695/2132/1511 1674/2134/1512
f 1633/2135/1500 1635/2136/1513 1634/2137/1507
f 1633/2125/1500 1639/2124/1506 1635/2138/1513
f 1688/2127/1508 1634/2128/1507 1703/2139/1514
f 1709/2129/1509 1688/2130/1508 1708/2140/1515
f 1688/2130/1508 1703/2141/1514 1708/2140/1515
f 1641/2131/1510 1696/2142/1516 1697/2118/1505
f 1697/2120/1505 1696/2143/1516 1695/2132/1511
f 1674/2134/1512 1675/2144/1517 1639/2124/1506
f 1635/2145/1513 1668/2146/1518 1634/2147/1507
f 1634/2128/1507 1668/2148/1518 1703/2139/1514
f 1708/2140/1515 1703/2141/1514 1707/2149/1519
f 1641/2131/1510 1666/2150/1520 1696/2142/1516
f 1695/2132/1511 1696/2143/1516 1694/2151/1521
f 1674/2134/1512 1647/2152/1522 1675/2144/1517
f 1695/2132/1511 1647/2152/1522 1674/2134/1512
f 1695/2132/1511 1694/2151/1521 1647/2152/1522
f 1639/2124/1506 1669/2153/1523 1635/2138/1513
f 1635/2154/1513 1669/2155/1523 1668/2148/1518
f 1639/2124/1506 1675/2144/1517 1669/2153/1523
f 1703/2139/1514 1668/2148/1518 1699/2156/1524
f 1703/2141/1514 1699/2157/1524 1707/2149/1519
f 1666/2150/1520 1702/2158/1525 1696/2142/1516
f 1696/2143/1516 1702/2159/1525 1694/2151/1521
f 1647/2152/1522 1646/2160/1526 1645/2161/1527
f 1647/2152/1522 1645/2161/1527 1675/2144/1517
f 1647/2152/1522 1694/2151/1521 1646/2160/1526
f 1669/2155/1523 1653/2162/1528 1652/2163/1529
f 1669/2155/1523 1652/2163/1529 1668/2148/1518
f 1675/2164/1517 1645/2165/1527 1653/2162/1528
f 1675/2144/1517 1653/2166/1528 1669/2153/1523
f 1668/2148/1518 1652/2163/1529 1699/2156/1524
f 1707/2149/1519 1699/2157/1524 1706/2167/1530
f 1666/2150/1520 1657/2168/1531 1702/2158/1525
f 1694/2151/1521 1702/2159/1525 1660/2169/1532
f 1694/2151/1521 1660/2169/1532 1646/2160/1526
f 1645/2161/1527 1646/2160/1526 1644/2170/1533
f 1653/2162/1528 1654/2171/1534 1652/2163/1529
f 1699/2156/1524 1652/2163/1529 1698/2172/1535
f 1652/2163/1529 1654/2171/1534 1698/2172/1535
f 1699/2157/1524 1698/2173/1535 1706/2167/1530
f 1657/2168/1531 1700/2174/1536 1702/2158/1525
f 1702/2159/1525 1700/2175/1536 1660/2169/1532
f 1645/2165/1527 1655/2176/1537 1653/2162/1528
f 1653/2162/1528 1655/2176/1537 1654/2171/1534
f 1645/2165/1527 1644/2177/1533 1655/2176/1537
f 1646/2160/1526 1662/2178/1538 1644/2170/1533
f 1646/2160/1526 1660/2169/1532 1662/2178/1538
f 1698/2172/1535 1654/2171/1534 1701/2179/1539
f 1706/2180/1530 1698/2181/1535 1656/2182/1540
f 1698/2181/1535 1701/2183/1539 1656/2182/1540
f 1700/2184/1536 1661/2185/1541 1660/2186/1532
f 1660/2169/1532 1661/2187/1541 1662/2178/1538
f 1655/2176/1537 1664/2188/1542 1654/2171/1534
f 1654/2171/1534 1664/2188/1542 1701/2179/1539
f 1644/2170/1533 1662/2178/1538 1663/2189/1543
f 1662/2178/1538 1661/2187/1541 1663/2189/1543
f 1656/2182/1540 1701/2183/1539 1657/2190/1531
f 1655/2176/1537 1665/2191/1544 1664/2188/1542
f 1665/2191/1544 1655/2176/1537 1644/2177/1533
f 1665/2191/1544 1661/2192/1541 1664/2188/1542
f 1665/2193/1544 1663/2189/1543 1661/2187/1541
f 1663/2189/1543 1665/2193/1544 1644/2170/1533
f 1701/2179/1539 1664/2188/1542 1700/2194/1536
f 1700/2195/1536 1657/2190/1531 1701/2183/1539
f 1700/2194/1536 1664/2188/1542 1661/2192/1541
f 1039/2196/1545 1040/2197/1546 1041/2198/1547
f 1039/2196/1545 1046/2199/1548 1040/2197/1546
f 1041/2198/1547 1040/2197/1546 1042/2200/1549
f 1046/2199/1548 1045/1402/1029 1044/2201/1550
f 1046/2199/1548 1044/2201/1550 1040/2197/1546
f 1041/2198/1547 1042/2200/1549 1053/1467/1073
f 1045/1402/1029 1043/1404/1031 1044/2201/1550
f 1040/2197/1546 1058/2202/1551 1042/2200/1549
f 1040/2197/1546 1044/2201/1550 1058/2202/1551
f 1053/1467/1073 1042/2200/1549 1054/1468/1074
f 1043/1404/1031 1060/1411/1036 1059/2203/1552
f 1044/2201/1550 1043/1404/1031 1059/2203/1552
f 1044/2201/1550 1059/2203/1552 1058/2202/1551
f 1042/2200/1549 1058/2202/1551 1056/2204/1553
f 1042/2200/1549 1056/2204/1553 1054/1468/1074
f 1060/1411/1036 1061/2205/1554 1059/2203/1552
f 1058/2202/1551 1057/2206/1555 1056/2204/1553
f 1059/2203/1552 1061/2205/1554 1057/2206/1555
f 1059/2203/1552 1057/2206/1555 1058/2202/1551
f 1054/1468/1074 1056/2204/1553 1201/1481/1081
f 1060/1411/1036 1062/1416/1038 1061/2205/1554
f 1057/2206/1555 1055/2207/1556 1056/2204/1553
f 1056/2204/1553 1055/2207/1556 1201/1481/1081
f 1062/1416/1038 1143/1424/1044 1144/2208/1557
f 1062/1416/1038 1144/2208/1557 1061/2205/1554
f 1057/2206/1555 1142/2209/1558 1055/2207/1556
f 1061/2205/1554 1144/2208/1557 1142/2209/1558
f 1061/2205/1554 1142/2209/1558 1057/2206/1555
f 1201/1481/1081 1055/2207/1556 1200/1493/1087
f 1143/1424/1044 1085/2210/1559 1144/2208/1557
f 1142/2209/1558 1141/2211/1560 1055/2207/1556
f 1055/2207/1556 1141/2211/1560 1200/1493/1087
f 1143/1424/1044 1083/1434/1052 1085/2210/1559
f 1144/2208/1557 1082/2212/1561 1142/2209/1558
f 1142/2209/1558 1082/2212/1561 1141/2211/1560
f 1144/2208/1557 1085/2210/1559 1082/2212/1561
f 1200/1493/1087 1141/2211/1560 1199/1502/1094
f 1083/1434/1052 1084/1450/1061 1085/2210/1559
f 1082/2212/1561 1081/2213/1562 1080/2214/1563
f 1141/2211/1560 1082/2212/1561 1080/2214/1563
f 1141/2211/1560 1080/2214/1563 1199/1502/1094
f 1084/1450/1061 1086/2215/1564 1085/2210/1559
f 1082/2212/1561 1086/2215/1564 1081/2213/1562
f 1082/2212/1561 1085/2210/1559 1086/2215/1564
f 1080/2214/1563 1081/2213/1562 1079/2216/1565
f 1199/1502/1094 1080/2214/1563 1198/1513/1102
f 1084/1450/1061 1091/1465/1072 1086/2215/1564
f 1081/2213/1562 1087/2217/1566 1079/2216/1565
f 1080/2214/1563 1197/1521/1107 1198/1513/1102
f 1080/2214/1563 1079/2216/1565 1197/1521/1107
f 1091/1465/1072 1092/1491/1085 1093/2218/1567
f 1086/2215/1564 1091/1465/1072 1093/2218/1567
f 1086/2215/1564 1093/2218/1567 1081/2213/1562
f 1087/2217/1566 1088/2219/1568 1089/2220/1569
f 1081/2213/1562 1093/2218/1567 1088/2219/1568
f 1081/2213/1562 1088/2219/1568 1087/2217/1566
f 1079/2216/1565 1196/1529/1113 1197/1521/1107
f 1079/2216/1565 1087/2217/1566 1196/1529/1113
f 1092/1491/1085 1094/2221/1570 1093/2218/1567
f 1093/2218/1567 1094/2221/1570 1088/2219/1568
f 1089/2220/1569 1088/2219/1568 1090/2222/1571
f 1088/2219/1568 1094/2221/1570 1090/2222/1571
f 1087/2217/1566 1195/1542/1120 1196/1529/1113
f 1087/2217/1566 1089/2220/1569 1195/1542/1120
f 1092/1491/1085 1106/1511/1100 1094/2221/1570
f 1090/2222/1571 1117/2223/1572 1118/2224/1573
f 1089/2220/1569 1090/2222/1571 1118/2224/1573
f 1195/1542/1120 1089/2220/1569 1194/1551/1126
f 1089/2220/1569 1118/2224/1573 1194/1551/1126
f 1106/1511/1100 1105/1527/1111 1104/2225/1574
f 1090/2222/1571 1094/2221/1570 1104/2225/1574
f 1094/2221/1570 1106/1511/1100 1104/2225/1574
f 1090/2222/1571 1104/2225/1574 1117/2223/1572
f 1118/2224/1573 1117/2223/1572 1116/2226/1575
f 1194/1551/1126 1118/2224/1573 1193/1557/1130
f 1118/2224/1573 1116/2226/1575 1193/1557/1130
f 1105/1527/1111 1103/2227/1576 1104/2225/1574
f 1104/2225/1574 1103/2227/1576 1117/2223/1572
f 1116/2226/1575 1117/2223/1572 1115/2228/1577
f 1117/2223/1572 1103/2227/1576 1115/2228/1577
f 1193/1557/1130 1116/2226/1575 1192/1565/1135
f 1105/1527/1111 1123/1545/1122 1103/2227/1576
f 1115/2228/1577 1119/2229/1578 1116/2226/1575
f 1192/1565/1135 1116/2226/1575 1120/2230/1579
f 1116/2226/1575 1119/2229/1578 1120/2230/1579
f 1123/1545/1122 1124/2231/1580 1103/2227/1576
f 1115/2228/1577 1103/2227/1576 1124/2231/1580
f 1115/2228/1577 1124/2231/1580 1119/2229/1578
f 1192/1565/1135 1120/2230/1579 1191/1572/1140
f 1123/1545/1122 1151/1559/1131 1124/2231/1580
f 1119/2229/1578 1149/2232/1581 1120/2230/1579
f 1191/2233/1140 1120/2234/1579 1150/2235/1582
f 1120/2230/1579 1149/2232/1581 1150/2236/1582
f 1151/1559/1131 1152/2237/1583 1124/2231/1580
f 1119/2229/1578 1152/2237/1583 1149/2232/1581
f 1119/2229/1578 1124/2231/1580 1152/2237/1583
f 1191/2233/1140 1150/2235/1582 1137/2238/1149
f 1151/1559/1131 1127/1573/1141 1152/2237/1583
f 1149/2232/1581 1138/2239/1584 1150/2236/1582
f 1150/2235/1582 1138/2240/1584 1137/2238/1149
f 1127/1573/1141 1128/1586/1150 1129/2241/1585
f 1152/2237/1583 1127/1573/1141 1129/2241/1585
f 1152/2237/1583 1129/2241/1585 1149/2232/1581
f 1137/2238/1149 1138/2240/1584 1128/2242/1150
f 1129/2241/1585 1128/1586/1150 1130/2243/1586
f 1130/2243/1586 1138/2239/1584 1149/2232/1581
f 1130/2243/1586 1149/2232/1581 1129/2241/1585
f 1130/2243/1586 1128/1586/1150 1138/2239/1584
f 1202/2244/1587 1203/2245/1588 1204/2246/1589
f 1202/2244/1587 1206/2247/1590 1203/2245/1588
f 1204/2246/1589 1203/2245/1588 1205/2248/1591
f 1206/2247/1590 1207/1604/1158 1208/2249/1592
f 1206/2247/1590 1208/2249/1592 1203/2245/1588
f 1204/2246/1589 1205/2248/1591 1249/1661/1196
f 1207/1604/1158 1209/1606/1160 1208/2249/1592
f 1203/2245/1588 1229/2250/1593 1205/2248/1591
f 1203/2245/1588 1208/2249/1592 1229/2250/1593
f 1249/1661/1196 1205/2248/1591 1248/1662/1197
f 1209/1606/1160 1223/1612/1164 1222/2251/1594
f 1208/2249/1592 1209/1606/1160 1222/2251/1594
f 1208/2249/1592 1222/2251/1594 1229/2250/1593
f 1205/2248/1591 1229/2250/1593 1227/2252/1595
f 1205/2248/1591 1227/2252/1595 1248/1662/1197
f 1223/1612/1164 1224/2253/1596 1222/2251/1594
f 1222/2251/1594 1224/2253/1596 1229/2250/1593
f 1227/2252/1595 1228/2254/1597 1226/2255/1598
f 1229/2250/1593 1224/2253/1596 1228/2254/1597
f 1229/2250/1593 1228/2254/1597 1227/2252/1595
f 1248/1662/1197 1227/2252/1595 1246/1670/1202
f 1227/2252/1595 1226/2255/1598 1246/1670/1202
f 1223/1612/1164 1225/1618/1169 1224/2253/1596
f 1228/2254/1597 1257/2256/1599 1226/2255/1598
f 1246/1670/1202 1226/2255/1598 1247/1680/1209
f 1225/1618/1169 1254/2257/1600 1224/2253/1596
f 1228/2254/1597 1224/2253/1596 1254/2257/1600
f 1228/2254/1597 1254/2257/1600 1257/2256/1599
f 1226/2255/1598 1257/2256/1599 1256/2258/1601
f 1226/2255/1598 1256/2258/1601 1247/1680/1209
f 1225/1618/1169 1255/1631/1176 1254/2257/1600
f 1257/2256/1599 1258/2259/1602 1256/2258/1601
f 1247/1680/1209 1256/2258/1601 1372/1688/1214
f 1255/1631/1176 1265/1644/1184 1254/2257/1600
f 1257/2256/1599 1263/2260/1603 1258/2259/1602
f 1254/2257/1600 1265/1644/1184 1263/2260/1603
f 1254/2257/1600 1263/2260/1603 1257/2256/1599
f 1256/2258/1601 1258/2259/1602 1260/2261/1604
f 1256/2258/1601 1260/2261/1604 1372/1688/1214
f 1265/1644/1184 1264/1659/1195 1263/2260/1603
f 1258/2259/1602 1259/2262/1605 1260/2261/1604
f 1372/1688/1214 1260/2261/1604 1371/1697/1220
f 1264/1659/1195 1262/2263/1606 1263/2260/1603
f 1258/2259/1602 1262/2263/1606 1259/2262/1605
f 1258/2259/1602 1263/2260/1603 1262/2263/1606
f 1260/2261/1604 1259/2262/1605 1261/2264/1607
f 1260/2261/1604 1261/2264/1607 1371/1697/1220
f 1264/1659/1195 1279/1679/1208 1262/2263/1606
f 1259/2262/1605 1277/2265/1608 1261/2264/1607
f 1371/1697/1220 1261/2264/1607 1370/1705/1226
f 1279/1679/1208 1278/2266/1609 1262/2263/1606
f 1259/2262/1605 1278/2266/1609 1277/2265/1608
f 1259/2262/1605 1262/2263/1606 1278/2266/1609
f 1261/2264/1607 1277/2265/1608 1276/2267/1610
f 1370/1705/1226 1261/2264/1607 1369/1715/1233
f 1261/2264/1607 1276/2267/1610 1369/1715/1233
f 1279/1679/1208 1286/1694/1218 1278/2266/1609
f 1277/2265/1608 1282/2268/1611 1276/2267/1610
f 1369/1715/1233 1276/2267/1610 1368/1723/1238
f 1286/1694/1218 1287/1702/1224 1288/2269/1612
f 1277/2265/1608 1278/2266/1609 1288/2269/1612
f 1278/2266/1609 1286/1694/1218 1288/2269/1612
f 1277/2265/1608 1288/2269/1612 1282/2268/1611
f 1276/2267/1610 1282/2268/1611 1284/2270/1613
f 1276/2267/1610 1284/2270/1613 1368/1723/1238
f 1287/1702/1224 1289/2271/1614 1288/2269/1612
f 1288/2269/1612 1289/2271/1614 1282/2268/1611
f 1284/2270/1613 1282/2268/1611 1283/2272/1615
f 1282/2268/1611 1289/2271/1614 1283/2272/1615
f 1368/1723/1238 1284/2270/1613 1367/1733/1245
f 1287/1702/1224 1330/1711/1230 1289/2271/1614
f 1283/2272/1615 1285/2273/1616 1284/2270/1613
f 1284/2270/1613 1285/2273/1616 1367/1733/1245
f 1330/1711/1230 1331/2274/1617 1289/2271/1614
f 1289/2271/1614 1331/2274/1617 1283/2272/1615
f 1285/2273/1616 1283/2272/1615 1328/2275/1618
f 1283/2272/1615 1331/2274/1617 1328/2275/1618
f 1367/1733/1245 1285/2273/1616 1366/1742/1251
f 1330/1711/1230 1298/1728/1241 1331/2274/1617
f 1328/2275/1618 1329/2276/1619 1285/2273/1616
f 1285/2273/1616 1329/2276/1619 1366/1742/1251
f 1298/1728/1241 1299/1750/1255 1300/2277/1620
f 1331/2274/1617 1298/1728/1241 1300/2277/1620
f 1331/2274/1617 1300/2277/1620 1328/2275/1618
f 1329/2276/1619 1328/2275/1618 1306/2278/1621
f 1366/1742/1251 1329/2276/1619 1365/1755/1258
f 1329/2276/1619 1306/2278/1621 1365/1755/1258
f 1299/1750/1255 1301/2279/1622 1300/2277/1620
f 1328/2275/1618 1307/2280/1623 1306/2278/1621
f 1328/2275/1618 1300/2277/1620 1307/2280/1623
f 1365/2281/1258 1306/2282/1621 1364/2283/1265
f 1299/1750/1255 1324/1760/1262 1301/2279/1622
f 1300/2277/1620 1309/2284/1624 1307/2280/1623
f 1300/2277/1620 1301/2279/1622 1309/2284/1624
f 1306/2278/1621 1307/2280/1623 1308/2285/1625
f 1307/2280/1623 1309/2284/1624 1308/2285/1625
f 1306/2282/1621 1308/2286/1625 1364/2283/1265
f 1324/2287/1262 1316/2288/1277 1325/2289/1626
f 1301/2279/1622 1324/1760/1262 1325/2290/1626
f 1301/2279/1622 1325/2290/1626 1309/2284/1624
f 1308/2285/1625 1309/2284/1624 1315/2291/1627
f 1364/2283/1265 1308/2286/1625 1314/2292/1271
f 1314/2292/1271 1315/2293/1627 1316/2294/1277
f 1314/2292/1271 1308/2286/1625 1315/2293/1627
f 1325/2289/1626 1316/2288/1277 1317/2295/1628
f 1317/2296/1628 1315/2291/1627 1309/2284/1624
f 1317/2296/1628 1309/2284/1624 1325/2290/1626
f 1317/2296/1628 1316/1782/1277 1315/2291/1627
f 1381/2297/1629 1382/2298/1630 1383/2299/1631
f 1381/2297/1629 1383/2299/1631 1388/2300/1632
f 1382/2298/1630 1384/2301/1633 1383/2299/1631
f 1388/2300/1632 1387/2302/1634 1386/2303/1287
f 1388/2300/1632 1383/2299/1631 1387/2302/1634
f 1382/2304/1630 1396/2305/1344 1384/2306/1633
f 1386/2303/1287 1387/2302/1634 1385/2307/1288
f 1383/2299/1631 1384/2301/1633 1400/2308/1635
f 1383/2299/1631 1400/2308/1635 1387/2302/1634
f 1396/2305/1344 1395/2309/1338 1384/2306/1633
f 1385/2307/1288 1401/2310/1636 1403/2311/1293
f 1387/2302/1634 1400/2308/1635 1401/2310/1636
f 1387/2302/1634 1401/2310/1636 1385/2307/1288
f 1395/2309/1338 1399/2312/1637 1384/2306/1633
f 1384/2301/1633 1399/2313/1637 1400/2308/1635
f 1403/2311/1293 1401/2310/1636 1402/2314/1638
f 1395/2309/1338 1543/2315/1346 1399/2312/1637
f 1400/2308/1635 1399/2313/1637 1398/2316/1639
f 1401/2310/1636 1400/2308/1635 1398/2316/1639
f 1401/2310/1636 1398/2316/1639 1402/2314/1638
f 1403/2311/1293 1402/2314/1638 1404/2317/1295
f 1543/2315/1346 1542/2318/1352 1397/2319/1640
f 1399/2313/1637 1397/2320/1640 1398/2316/1639
f 1399/2312/1637 1543/2315/1346 1397/2319/1640
f 1402/2314/1638 1485/2321/1641 1404/2317/1295
f 1542/2318/1352 1541/2322/1358 1483/2323/1642
f 1542/2318/1352 1483/2323/1642 1397/2319/1640
f 1398/2316/1639 1397/2320/1640 1484/2324/1643
f 1402/2314/1638 1484/2324/1643 1485/2321/1641
f 1402/2314/1638 1398/2316/1639 1484/2324/1643
f 1397/2320/1640 1483/2325/1642 1484/2324/1643
f 1404/2317/1295 1485/2321/1641 1486/2326/1300
f 1541/2322/1358 1540/2327/1364 1423/2328/1644
f 1541/2322/1358 1423/2328/1644 1483/2323/1642
f 1484/2324/1643 1483/2325/1642 1424/2329/1645
f 1483/2325/1642 1423/2330/1644 1424/2329/1645
f 1484/2324/1643 1424/2329/1645 1485/2321/1641
f 1486/2326/1300 1485/2321/1641 1427/2331/1646
f 1485/2321/1641 1424/2329/1645 1427/2331/1646
f 1540/2327/1364 1539/2332/1363 1423/2328/1644
f 1486/2326/1300 1427/2331/1646 1428/2333/1309
f 1424/2329/1645 1423/2330/1644 1422/2334/1647
f 1539/2332/1363 1421/2335/1648 1423/2328/1644
f 1423/2330/1644 1421/2336/1648 1422/2334/1647
f 1427/2331/1646 1425/2337/1649 1426/2338/1319
f 1427/2331/1646 1426/2338/1319 1428/2333/1309
f 1424/2329/1645 1422/2334/1647 1425/2337/1649
f 1424/2329/1645 1425/2337/1649 1427/2331/1646
f 1539/2332/1363 1538/2339/1371 1421/2335/1648
f 1426/2338/1319 1425/2337/1649 1436/2340/1329
f 1422/2341/1647 1432/2342/1650 1430/2343/1651
f 1421/2335/1648 1538/2339/1371 1432/2342/1650
f 1421/2336/1648 1432/2344/1650 1422/2334/1647
f 1425/2337/1649 1435/2345/1652 1436/2340/1329
f 1422/2334/1647 1430/2346/1651 1435/2345/1652
f 1422/2334/1647 1435/2345/1652 1425/2337/1649
f 1538/2339/1371 1537/2347/1378 1432/2342/1650
f 1436/2340/1329 1435/2345/1652 1434/2348/1340
f 1430/2343/1651 1431/2349/1653 1429/2350/1654
f 1432/2342/1650 1537/2347/1378 1431/2349/1653
f 1432/2342/1650 1431/2349/1653 1430/2343/1651
f 1435/2345/1652 1433/2351/1655 1434/2348/1340
f 1430/2346/1651 1429/2352/1654 1433/2351/1655
f 1430/2346/1651 1433/2351/1655 1435/2345/1652
f 1537/2347/1378 1536/2353/1384 1431/2349/1653
f 1434/2348/1340 1433/2351/1655 1445/2354/1353
f 1429/2350/1654 1431/2349/1653 1457/2355/1656
f 1431/2349/1653 1536/2353/1384 1457/2355/1656
f 1433/2351/1655 1446/2356/1657 1445/2354/1353
f 1433/2351/1655 1429/2352/1654 1446/2356/1657
f 1536/2353/1384 1535/2357/1389 1457/2355/1656
f 1445/2354/1353 1446/2356/1657 1447/2358/1365
f 1429/2350/1654 1457/2355/1656 1459/2359/1658
f 1429/2352/1654 1459/2360/1658 1446/2356/1657
f 1535/2357/1389 1458/2361/1659 1457/2355/1656
f 1457/2355/1656 1458/2361/1659 1459/2359/1658
f 1447/2358/1365 1446/2356/1657 1448/2362/1660
f 1446/2356/1657 1459/2360/1658 1448/2362/1660
f 1535/2357/1389 1534/2363/1394 1458/2361/1659
f 1447/2364/1365 1448/2365/1660 1466/2366/1379
f 1459/2359/1658 1458/2361/1659 1460/2367/1661
f 1459/2360/1658 1460/2368/1661 1448/2362/1660
f 1534/2363/1394 1462/2369/1662 1458/2361/1659
f 1466/2370/1379 1448/2362/1660 1465/2371/1663
f 1448/2362/1660 1460/2368/1661 1465/2371/1663
f 1534/2363/1394 1533/2372/1399 1462/2369/1662
f 1458/2361/1659 1461/2373/1664 1460/2367/1661
f 1460/2368/1661 1461/2374/1664 1465/2371/1663
f 1458/2361/1659 1462/2369/1662 1461/2373/1664
f 1466/2375/1379 1465/2376/1663 1493/2377/1390
f 1533/2372/1399 1492/2378/1665 1462/2369/1662
f 1461/2373/1664 1462/2369/1662 1491/2379/1666
f 1462/2369/1662 1492/2378/1665 1491/2379/1666
f 1465/2376/1663 1494/2380/1667 1493/2377/1390
f 1461/2374/1664 1494/2381/1667 1465/2371/1663
f 1461/2374/1664 1491/2382/1666 1494/2381/1667
f 1533/2372/1399 1479/2383/1404 1492/2378/1665
f 1493/2377/1390 1494/2380/1667 1469/2384/1400
f 1491/2379/1666 1480/2385/1668 1472/2386/1669
f 1492/2378/1665 1479/2383/1404 1480/2385/1668
f 1492/2378/1665 1480/2385/1668 1491/2379/1666
f 1494/2380/1667 1470/2387/1670 1469/2384/1400
f 1491/2388/1666 1472/2389/1669 1470/2387/1670
f 1491/2388/1666 1470/2387/1670 1494/2380/1667
f 1479/2383/1404 1471/2390/1409 1480/2385/1668
f 1471/2391/1409 1469/2384/1400 1470/2387/1670
f 1471/2391/1409 1470/2387/1670 1472/2389/1669
f 1472/2386/1669 1480/2385/1668 1471/2390/1409
f 1544/2392/1671 1545/2393/1672 1546/2394/1673
f 1544/2392/1671 1546/2394/1673 1548/2395/1674
f 1545/2393/1672 1547/2396/1675 1546/2394/1673
f 1548/2395/1674 1549/2397/1676 1550/1990/1416
f 1548/2395/1674 1546/2394/1673 1549/2397/1676
f 1545/2398/1672 1591/2399/1469 1547/2400/1675
f 1550/1990/1416 1549/2397/1676 1551/1991/1417
f 1546/2394/1673 1547/2396/1675 1571/2401/1677
f 1546/2394/1673 1571/2401/1677 1549/2397/1676
f 1591/2399/1469 1590/2402/1464 1547/2400/1675
f 1551/1991/1417 1549/2397/1676 1564/2403/1678
f 1549/2397/1676 1571/2401/1677 1564/2403/1678
f 1590/2402/1464 1570/2404/1679 1547/2400/1675
f 1547/2396/1675 1570/2405/1679 1571/2401/1677
f 1551/1991/1417 1564/2403/1678 1566/2406/1420
f 1590/2402/1464 1589/2407/1470 1570/2404/1679
f 1571/2401/1677 1570/2405/1679 1569/2408/1680
f 1564/2403/1678 1565/2409/1681 1566/2406/1420
f 1571/2401/1677 1569/2408/1680 1565/2409/1681
f 1571/2401/1677 1565/2409/1681 1564/2403/1678
f 1589/2407/1470 1588/2410/1472 1568/2411/1682
f 1570/2405/1679 1568/2412/1682 1569/2408/1680
f 1570/2404/1679 1589/2407/1470 1568/2411/1682
f 1566/2406/1420 1565/2409/1681 1567/2413/1424
f 1588/2410/1472 1714/2414/1478 1598/2415/1683
f 1588/2410/1472 1598/2415/1683 1568/2411/1682
f 1569/2408/1680 1568/2412/1682 1599/2416/1684
f 1568/2412/1682 1598/2417/1683 1599/2416/1684
f 1565/2409/1681 1596/2418/1685 1567/2413/1424
f 1569/2408/1680 1599/2416/1684 1596/2418/1685
f 1569/2408/1680 1596/2418/1685 1565/2409/1681
f 1714/2414/1478 1601/2419/1686 1598/2415/1683
f 1567/2413/1424 1596/2418/1685 1597/2420/1429
f 1599/2416/1684 1598/2417/1683 1600/2421/1687
f 1598/2417/1683 1601/2422/1686 1600/2421/1687
f 1714/2414/1478 1713/2423/1484 1601/2419/1686
f 1596/2418/1685 1605/2424/1688 1604/2425/1437
f 1596/2418/1685 1604/2425/1437 1597/2420/1429
f 1599/2416/1684 1600/2421/1687 1605/2424/1688
f 1599/2416/1684 1605/2424/1688 1596/2418/1685
f 1713/2423/1484 1603/2426/1689 1601/2419/1686
f 1604/2425/1437 1605/2424/1688 1606/2427/1444
f 1600/2421/1687 1601/2422/1686 1602/2428/1690
f 1601/2422/1686 1603/2429/1689 1602/2428/1690
f 1713/2423/1484 1712/2430/1490 1603/2426/1689
f 1605/2424/1688 1607/2431/1691 1606/2427/1444
f 1600/2421/1687 1607/2431/1691 1605/2424/1688
f 1600/2421/1687 1602/2428/1690 1607/2431/1691
f 1712/2430/1490 1711/2432/1496 1603/2426/1689
f 1606/2427/1444 1607/2431/1691 1620/2433/1452
f 1602/2428/1690 1603/2429/1689 1619/2434/1692
f 1711/2432/1496 1618/2435/1693 1603/2426/1689
f 1603/2429/1689 1618/2436/1693 1619/2434/1692
f 1607/2431/1691 1621/2437/1694 1620/2433/1452
f 1602/2428/1690 1621/2437/1694 1607/2431/1691
f 1602/2428/1690 1619/2434/1692 1621/2437/1694
f 1711/2432/1496 1710/2438/1503 1618/2435/1693
f 1620/2433/1452 1621/2437/1694 1631/2439/1462
f 1619/2434/1692 1618/2436/1693 1624/2440/1695
f 1710/2438/1503 1625/2441/1696 1618/2435/1693
f 1618/2436/1693 1625/2442/1696 1624/2440/1695
f 1621/2437/1694 1630/2443/1697 1631/2439/1462
f 1619/2434/1692 1630/2443/1697 1621/2437/1694
f 1619/2434/1692 1624/2440/1695 1630/2443/1697
f 1710/2438/1503 1709/2444/1509 1625/2441/1696
f 1631/2439/1462 1630/2443/1697 1629/2445/1474
f 1624/2440/1695 1625/2442/1696 1626/2446/1698
f 1709/2444/1509 1627/2447/1699 1625/2441/1696
f 1625/2442/1696 1627/2448/1699 1626/2446/1698
f 1630/2443/1697 1628/2449/1700 1629/2445/1474
f 1624/2440/1695 1626/2446/1698 1628/2449/1700
f 1624/2440/1695 1628/2449/1700 1630/2443/1697
f 1709/2444/1509 1708/2450/1515 1627/2447/1699
f 1629/2445/1474 1628/2449/1700 1672/2451/1486
f 1626/2446/1698 1627/2448/1699 1670/2452/1701
f 1708/2450/1515 1671/2453/1702 1627/2447/1699
f 1627/2454/1699 1671/2455/1702 1670/2456/1701
f 1628/2449/1700 1673/2457/1703 1672/2451/1486
f 1626/2446/1698 1673/2457/1703 1628/2449/1700
f 1626/2446/1698 1670/2452/1701 1673/2457/1703
f 1708/2450/1515 1707/2458/1519 1671/2453/1702
f 1672/2459/1486 1673/2460/1703 1643/2461/1499
f 1670/2456/1701 1651/2462/1704 1649/2463/1705
f 1671/2453/1702 1707/2458/1519 1651/2464/1704
f 1671/2455/1702 1651/2462/1704 1670/2456/1701
f 1673/2460/1703 1642/2465/1706 1643/2461/1499
f 1670/2456/1701 1649/2463/1705 1642/2465/1706
f 1670/2456/1701 1642/2465/1706 1673/2460/1703
f 1707/2458/1519 1706/2466/1530 1651/2464/1704
f 1643/2461/1499 1642/2465/1706 1641/2467/1510
f 1649/2468/1705 1650/2469/1707 1648/2470/1708
f 1649/2463/1705 1651/2462/1704 1650/2471/1707
f 1651/2464/1704 1706/2466/1530 1650/2472/1707
f 1649/2463/1705 1648/2473/1708 1642/2465/1706
f 1641/2467/1510 1642/2465/1706 1640/2474/1709
f 1642/2465/1706 1648/2473/1708 1640/2474/1709
f 1706/2466/1530 1656/2475/1540 1650/2472/1707
f 1641/2467/1510 1640/2474/1709 1666/2476/1520
f 1648/2477/1708 1658/2478/1710 1659/2479/1711
f 1650/2472/1707 1656/2475/1540 1658/2478/1710
f 1650/2480/1707 1658/2481/1710 1648/2482/1708
f 1640/2474/1709 1667/2483/1712 1666/2476/1520
f 1648/2473/1708 1659/2484/1711 1667/2483/1712
f 1648/2473/1708 1667/2483/1712 1640/2474/1709
f 1656/2475/1540 1657/2485/1531 1658/2478/1710
f 1657/2486/1531 1666/2476/1520 1667/2483/1712
f 1657/2485/1531 1659/2479/1711 1658/2478/1710
f 1659/2484/1711 1657/2486/1531 1667/2483/1712
f 1730/2487/1713 1729/2488/1714 1728/2489/1715
f 1730/2487/1713 1718/2490/1716 1729/2488/1714
f 1728/2489/1715 1729/2488/1714 1727/2491/1717
f 1718/2490/1716 1717/2492/1718 1716/2493/1719
f 1718/2490/1716 1716/2493/1719 1729/2488/1714
f 1728/2489/1715 1727/2491/1717 1734/2494/1720
f 1717/2492/1718 1715/2495/1721 1716/2493/1719
f 1729/2488/1714 1716/2493/1719 1759/2496/1722
f 1729/2488/1714 1759/2496/1722 1727/2491/1717
f 1734/2494/1720 1733/2497/1723 1732/2498/1724
f 1734/2494/1720 1727/2491/1717 1733/2497/1723
f 1717/2492/1718 1803/2499/1725 1715/2495/1721
f 1716/2493/1719 1715/2495/1721 1758/2500/1726
f 1716/2493/1719 1758/2500/1726 1759/2496/1722
f 1732/2498/1724 1733/2497/1723 1731/2501/1727
f 1727/2491/1717 1759/2496/1722 1760/2502/1728
f 1727/2491/1717 1760/2502/1728 1733/2497/1723
f 1803/2499/1725 1804/2503/1729 1805/2504/1730
f 1803/2499/1725 1805/2504/1730 1715/2495/1721
f 1758/2500/1726 1715/2495/1721 1757/2505/1731
f 1715/2495/1721 1805/2504/1730 1757/2505/1731
f 1732/2498/1724 1731/2501/1727 1739/2506/1732
f 1759/2496/1722 1758/2500/1726 1766/2507/1733
f 1760/2502/1728 1761/2508/1734 1733/2497/1723
f 1733/2497/1723 1761/2508/1734 1731/2501/1727
f 1804/2503/1729 1806/2509/1735 1805/2504/1730
f 1757/2505/1731 1764/2510/1736 1758/2500/1726
f 1758/2500/1726 1764/2510/1736 1766/2507/1733
f 1739/2506/1732 1731/2501/1727 1740/2511/1737
f 1759/2496/1722 1766/2507/1733 1778/2512/1738
f 1760/2502/1728 1759/2496/1722 1779/2513/1739
f 1759/2496/1722 1778/2512/1738 1779/2513/1739
f 1761/2508/1734 1762/2514/1740 1731/2501/1727
f 1731/2501/1727 1762/2514/1740 1740/2511/1737
f 1804/2503/1729 1924/2515/1741 1806/2509/1735
f 1805/2504/1730 1806/2509/1735 1811/2516/1742
f 1805/2504/1730 1811/2516/1742 1757/2505/1731
f 1764/2510/1736 1765/2517/1743 1766/2507/1733
f 1739/2506/1732 1740/2511/1737 1823/2518/1744
f 1760/2502/1728 1779/2513/1739 1782/2519/1745
f 1760/2502/1728 1782/2519/1745 1761/2508/1734
f 1778/2512/1738 1776/2520/1746 1777/2521/1747
f 1762/2514/1740 1763/2522/1748 1740/2511/1737
f 1924/2515/1741 1925/2523/1749 1806/2509/1735
f 1811/2516/1742 1806/2509/1735 1812/2524/1750
f 1806/2509/1735 1925/2523/1749 1812/2524/1750
f 1757/2505/1731 1811/2516/1742 1818/2525/1751
f 1757/2505/1731 1818/2525/1751 1764/2510/1736
f 1765/2517/1743 1767/2526/1752 1766/2507/1733
f 1778/2512/1738 1777/2521/1747 1779/2513/1739
f 1778/2512/1738 1767/2526/1752 1776/2520/1746
f 1767/2526/1752 1778/2512/1738 1766/2507/1733
f 1823/2518/1744 1740/2511/1737 1824/2527/1753
f 1740/2511/1737 1763/2522/1748 1824/2527/1753
f 1782/2519/1745 1780/2528/1754 1781/2529/1755
f 1780/2528/1754 1779/2513/1739 1777/2521/1747
f 1779/2513/1739 1780/2528/1754 1782/2519/1745
f 1761/2508/1734 1782/2519/1745 1783/2530/1756
f 1782/2519/1745 1781/2529/1755 1783/2530/1756
f 1761/2508/1734 1783/2530/1756 1762/2514/1740
f 1925/2523/1749 1928/2531/1757 1812/2524/1750
f 1811/2516/1742 1820/2532/1758 1818/2525/1751
f 1811/2516/1742 1812/2524/1750 1820/2532/1758
f 1764/2510/1736 1818/2525/1751 1817/2533/1759
f 1764/2510/1736 1817/2533/1759 1765/2517/1743
f 1823/2518/1744 1824/2527/1753 1830/2534/1760
f 1763/2522/1748 1762/2514/1740 1788/2535/1761
f 1762/2514/1740 1783/2530/1756 1788/2535/1761
f 1781/2529/1755 1789/2536/1762 1783/2530/1756
f 1783/2530/1756 1789/2536/1762 1788/2535/1761
f 1928/2531/1757 1931/2537/1763 1812/2524/1750
f 1812/2524/1750 1931/2537/1763 1820/2532/1758
f 1818/2525/1751 1819/2538/1764 1817/2533/1759
f 1818/2525/1751 1820/2532/1758 1819/2538/1764
f 1824/2527/1753 1829/2539/1765 1830/2534/1760
f 1763/2522/1748 1835/2540/1766 1824/2527/1753
f 1824/2527/1753 1835/2540/1766 1829/2539/1765
f 1789/2536/1762 1838/2541/1767 1788/2535/1761
f 1931/2537/1763 1932/2542/1768 1820/2532/1758
f 1820/2532/1758 1932/2542/1768 1819/2538/1764
f 1830/2534/1760 1829/2539/1765 1848/2543/1769
f 1763/2522/1748 1837/2544/1770 1835/2540/1766
f 1788/2535/1761 1838/2541/1767 1837/2544/1770
f 1788/2535/1761 1837/2544/1770 1763/2522/1748
f 1829/2539/1765 1835/2540/1766 1836/2545/1771
f 1848/2543/1769 1829/2539/1765 1847/2546/1772
f 1829/2539/1765 1836/2545/1771 1847/2546/1772
f 1838/2541/1767 1843/2547/1773 1837/2544/1770
f 1835/2540/1766 1837/2544/1770 1844/2548/1774
f 1837/2544/1770 1843/2547/1773 1844/2548/1774
f 1835/2540/1766 1844/2548/1774 1836/2545/1771
f 1848/2549/1769 1847/2550/1772 1851/2551/1775
f 1843/2547/1773 1892/2552/1776 1844/2548/1774
f 1836/2545/1771 1887/2553/1777 1847/2546/1772
f 1851/2551/1775 1852/2554/1778 1853/2555/1779
f 1847/2550/1772 1887/2556/1777 1852/2554/1778
f 1847/2550/1772 1852/2554/1778 1851/2551/1775
f 1892/2552/1776 1893/2557/1780 1844/2548/1774
f 1836/2545/1771 1844/2548/1774 1893/2557/1780
f 1836/2545/1771 1893/2557/1780 1887/2553/1777
f 1853/2555/1779 1852/2554/1778 1854/2558/1781
f 1892/2559/1776 1899/2560/1782 1893/2561/1780
f 1887/2556/1777 1888/2562/1783 1852/2554/1778
f 1852/2554/1778 1888/2562/1783 1854/2558/1781
f 1853/2555/1779 1854/2558/1781 1862/2563/1784
f 1899/2560/1782 1898/2564/1785 1897/2565/1786
f 1887/2566/1777 1893/2561/1780 1897/2565/1786
f 1893/2561/1780 1899/2560/1782 1897/2565/1786
f 1887/2566/1777 1897/2565/1786 1888/2567/1783
f 1854/2558/1781 1861/2568/1787 1862/2563/1784
f 1898/2564/1785 1896/2569/1788 1897/2565/1786
f 1897/2565/1786 1896/2569/1788 1888/2567/1783
f 1854/2558/1781 1888/2562/1783 1889/2570/1789
f 1888/2567/1783 1896/2569/1788 1889/2571/1789
f 1854/2558/1781 1889/2570/1789 1861/2568/1787
f 1862/2563/1784 1861/2568/1787 1860/2572/1790
f 1898/2564/1785 1904/2573/1791 1896/2569/1788
f 1889/2570/1789 1890/2574/1792 1861/2568/1787
f 1860/2572/1790 1861/2568/1787 1859/2575/1793
f 1861/2568/1787 1890/2574/1792 1859/2575/1793
f 1904/2573/1791 1905/2576/1794 1906/2577/1795
f 1889/2571/1789 1896/2569/1788 1906/2577/1795
f 1896/2569/1788 1904/2573/1791 1906/2577/1795
f 1889/2571/1789 1906/2577/1795 1890/2578/1792
f 1860/2572/1790 1859/2575/1793 1871/2579/1796
f 1905/2576/1794 1907/2580/1797 1906/2577/1795
f 1906/2577/1795 1907/2580/1797 1890/2578/1792
f 1859/2575/1793 1872/2581/1798 1871/2579/1796
f 1905/2576/1794 1914/2582/1799 1907/2580/1797
f 1890/2574/1792 1891/2583/1800 1859/2575/1793
f 1859/2575/1793 1891/2583/1800 1872/2581/1798
f 1890/2578/1792 1907/2580/1797 1891/2584/1800
f 1871/2579/1796 1872/2581/1798 1873/2585/1801
f 1914/2586/1799 1873/2587/1801 1915/2588/1802
f 1907/2580/1797 1914/2582/1799 1915/2589/1802
f 1907/2590/1797 1915/2591/1802 1891/2592/1800
f 1872/2581/1798 1874/2593/1803 1873/2585/1801
f 1874/2593/1803 1915/2594/1802 1873/2585/1801
f 1874/2593/1803 1872/2581/1798 1891/2583/1800
f 1891/2583/1800 1915/2594/1802 1874/2593/1803
f 1804/2595/1729 1803/2596/1725 1807/2597/1804
f 1804/2595/1729 1807/2597/1804 1924/2598/1741
f 1803/2596/1725 1808/2599/1805 1807/2597/1804
f 1924/2598/1741 1807/2597/1804 1926/2600/1806
f 1803/2596/1725 1717/2601/1718 1808/2599/1805
f 1807/2597/1804 1799/2602/1807 1801/2603/1808
f 1807/2597/1804 1801/2603/1808 1926/2600/1806
f 1807/2597/1804 1808/2599/1805 1799/2602/1807
f 1717/2492/1718 1718/2490/1716 1744/2604/1809
f 1717/2492/1718 1744/2604/1809 1808/2605/1805
f 1801/2606/1808 1799/2607/1807 1800/2608/1810
f 1926/2600/1806 1801/2603/1808 1922/2609/1811
f 1718/2490/1716 1743/2610/1812 1744/2604/1809
f 1808/2599/1805 1721/2611/1813 1799/2602/1807
f 1744/2612/1809 1743/2613/1812 1721/2611/1813
f 1744/2612/1809 1721/2611/1813 1808/2599/1805
f 1800/2608/1810 1802/2614/1814 1801/2606/1808
f 1801/2606/1808 1802/2614/1814 1922/2615/1811
f 1718/2490/1716 1730/2487/1713 1743/2610/1812
f 1799/2607/1807 1721/2616/1813 1722/2617/1815
f 1799/2607/1807 1722/2617/1815 1800/2608/1810
f 1802/2614/1814 1800/2608/1810 1809/2618/1816
f 1922/2615/1811 1802/2614/1814 1923/2619/1817
f 1730/2620/1713 1746/2621/1818 1743/2622/1812
f 1721/2616/1813 1719/2623/1819 1720/2624/1820
f 1721/2616/1813 1720/2624/1820 1722/2617/1815
f 1743/2625/1812 1746/2626/1818 1719/2623/1819
f 1743/2613/1812 1719/2627/1819 1721/2611/1813
f 1800/2608/1810 1722/2617/1815 1756/2628/1821
f 1800/2608/1810 1756/2628/1821 1809/2618/1816
f 1802/2614/1814 1809/2618/1816 1810/2629/1822
f 1802/2614/1814 1810/2629/1822 1923/2619/1817
f 1730/2620/1713 1728/2630/1715 1746/2621/1818
f 1720/2624/1820 1719/2623/1819 1723/2631/1823
f 1719/2623/1819 1746/2626/1818 1723/2631/1823
f 1722/2617/1815 1720/2624/1820 1755/2632/1824
f 1722/2617/1815 1755/2632/1824 1756/2628/1821
f 1809/2618/1816 1756/2628/1821 1815/2633/1825
f 1810/2629/1822 1809/2618/1816 1816/2634/1826
f 1809/2618/1816 1815/2633/1825 1816/2634/1826
f 1923/2619/1817 1810/2629/1822 1927/2635/1827
f 1728/2630/1715 1745/2636/1828 1746/2621/1818
f 1746/2626/1818 1745/2637/1828 1723/2631/1823
f 1720/2624/1820 1723/2631/1823 1725/2638/1829
f 1755/2632/1824 1720/2624/1820 1754/2639/1830
f 1720/2624/1820 1725/2638/1829 1754/2639/1830
f 1756/2628/1821 1755/2632/1824 1771/2640/1831
f 1756/2628/1821 1771/2640/1831 1815/2633/1825
f 1816/2641/1826 1815/2642/1825 1814/2643/1832
f 1810/2629/1822 1930/2644/1833 1927/2635/1827
f 1810/2629/1822 1816/2634/1826 1930/2644/1833
f 1728/2630/1715 1734/2645/1720 1745/2636/1828
f 1723/2631/1823 1724/2646/1834 1725/2638/1829
f 1723/2631/1823 1745/2637/1828 1724/2646/1834
f 1754/2639/1830 1725/2638/1829 1726/2647/1835
f 1725/2638/1829 1724/2646/1834 1726/2647/1835
f 1755/2632/1824 1754/2639/1830 1770/2648/1836
f 1755/2632/1824 1770/2648/1836 1771/2640/1831
f 1815/2642/1825 1813/2649/1837 1814/2643/1832
f 1815/2642/1825 1771/2650/1831 1813/2649/1837
f 1816/2641/1826 1814/2643/1832 1929/2651/1838
f 1816/2641/1826 1929/2651/1838 1930/2652/1833
f 1734/2645/1720 1732/2653/1724 1748/2654/1839
f 1745/2637/1828 1748/2655/1839 1724/2646/1834
f 1745/2636/1828 1734/2645/1720 1748/2654/1839
f 1726/2647/1835 1724/2646/1834 1735/2656/1840
f 1724/2646/1834 1748/2655/1839 1735/2656/1840
f 1754/2639/1830 1726/2647/1835 1753/2657/1841
f 1770/2658/1836 1768/2659/1842 1769/2660/1843
f 1771/2661/1831 1770/2662/1836 1769/2663/1843
f 1771/2650/1831 1769/2660/1843 1813/2649/1837
f 1814/2643/1832 1813/2649/1837 1822/2664/1844
f 1929/2651/1838 1814/2643/1832 1933/2665/1845
f 1814/2643/1832 1822/2664/1844 1933/2665/1845
f 1732/2653/1724 1747/2666/1846 1748/2654/1839
f 1748/2655/1839 1747/2667/1846 1735/2656/1840
f 1754/2639/1830 1753/2657/1841 1772/2668/1847
f 1726/2647/1835 1735/2656/1840 1737/2669/1848
f 1726/2647/1835 1737/2669/1848 1753/2657/1841
f 1768/2670/1842 1770/2671/1836 1775/2672/1849
f 1769/2660/1843 1768/2659/1842 1792/2673/1850
f 1813/2649/1837 1821/2674/1851 1822/2664/1844
f 1813/2649/1837 1769/2660/1843 1821/2674/1851
f 1933/2675/1845 1822/2676/1844 1932/2542/1768
f 1732/2653/1724 1739/2677/1732 1747/2666/1846
f 1754/2639/1830 1772/2668/1847 1774/2678/1852
f 1770/2671/1836 1774/2679/1852 1775/2672/1849
f 1770/2648/1836 1754/2639/1830 1774/2678/1852
f 1735/2656/1840 1736/2680/1853 1737/2669/1848
f 1735/2656/1840 1747/2667/1846 1736/2680/1853
f 1753/2657/1841 1737/2669/1848 1752/2681/1854
f 1768/2670/1842 1775/2672/1849 1795/2682/1855
f 1768/2670/1842 1795/2682/1855 1792/2683/1850
f 1769/2660/1843 1792/2673/1850 1793/2684/1856
f 1769/2660/1843 1793/2684/1856 1821/2674/1851
f 1822/2676/1844 1821/2685/1851 1817/2533/1759
f 1932/2542/1768 1822/2676/1844 1819/2538/1764
f 1819/2538/1764 1822/2676/1844 1817/2533/1759
f 1739/2677/1732 1749/2686/1857 1747/2666/1846
f 1747/2667/1846 1749/2687/1857 1736/2680/1853
f 1772/2688/1847 1773/2689/1858 1774/2679/1852
f 1774/2679/1852 1773/2689/1858 1775/2672/1849
f 1753/2657/1841 1752/2681/1854 1786/2690/1859
f 1753/2657/1841 1786/2690/1859 1772/2668/1847
f 1737/2669/1848 1736/2680/1853 1738/2691/1860
f 1737/2669/1848 1738/2691/1860 1752/2681/1854
f 1795/2682/1855 1775/2672/1849 1794/2692/1861
f 1775/2672/1849 1773/2689/1858 1794/2692/1861
f 1792/2693/1850 1767/2526/1752 1793/2694/1856
f 1821/2685/1851 1793/2694/1856 1765/2517/1743
f 1765/2517/1743 1817/2533/1759 1821/2685/1851
f 1765/2517/1743 1793/2694/1856 1767/2526/1752
f 1739/2695/1732 1831/2696/1862 1749/2697/1857
f 1786/2698/1859 1784/2699/1863 1785/2700/1864
f 1772/2668/1847 1786/2690/1859 1787/2701/1865
f 1786/2690/1859 1752/2681/1854 1784/2702/1863
f 1786/2698/1859 1785/2700/1864 1787/2703/1865
f 1772/2688/1847 1787/2703/1865 1773/2689/1858
f 1736/2680/1853 1742/2704/1866 1738/2691/1860
f 1749/2687/1857 1831/2705/1862 1742/2704/1866
f 1749/2687/1857 1742/2704/1866 1736/2680/1853
f 1795/2706/1855 1776/2520/1746 1792/2693/1850
f 1792/2693/1850 1776/2520/1746 1767/2526/1752
f 1794/2692/1861 1773/2689/1858 1797/2707/1867
f 1773/2689/1858 1787/2703/1865 1797/2707/1867
f 1739/2695/1732 1823/2708/1744 1831/2696/1862
f 1752/2681/1854 1738/2691/1860 1750/2709/1868
f 1752/2681/1854 1750/2709/1868 1784/2702/1863
f 1785/2700/1864 1784/2699/1863 1790/2710/1869
f 1742/2704/1866 1741/2711/1870 1738/2691/1860
f 1738/2691/1860 1741/2711/1870 1750/2709/1868
f 1795/2706/1855 1794/2712/1861 1777/2521/1747
f 1795/2706/1855 1777/2521/1747 1776/2520/1746
f 1787/2703/1865 1785/2700/1864 1796/2713/1871
f 1787/2703/1865 1796/2713/1871 1797/2707/1867
f 1823/2708/1744 1832/2714/1872 1831/2696/1862
f 1784/2699/1863 1791/2715/1873 1790/2710/1869
f 1784/2702/1863 1750/2709/1868 1791/2716/1873
f 1742/2704/1866 1826/2717/1874 1741/2711/1870
f 1831/2705/1862 1832/2718/1872 1826/2717/1874
f 1831/2705/1862 1826/2717/1874 1742/2704/1866
f 1794/2712/1861 1797/2719/1867 1780/2528/1754
f 1794/2712/1861 1780/2528/1754 1777/2521/1747
f 1785/2700/1864 1790/2710/1869 1798/2720/1875
f 1785/2700/1864 1798/2720/1875 1796/2713/1871
f 1823/2708/1744 1830/2721/1760 1832/2714/1872
f 1750/2709/1868 1741/2711/1870 1751/2722/1876
f 1750/2709/1868 1751/2722/1876 1791/2716/1873
f 1826/2717/1874 1825/2723/1877 1741/2711/1870
f 1741/2711/1870 1825/2723/1877 1751/2722/1876
f 1797/2719/1867 1796/2724/1871 1781/2529/1755
f 1797/2719/1867 1781/2529/1755 1780/2528/1754
f 1790/2710/1869 1791/2715/1873 1839/2725/1878
f 1798/2726/1875 1789/2536/1762 1796/2724/1871
f 1796/2724/1871 1789/2536/1762 1781/2529/1755
f 1830/2721/1760 1848/2727/1769 1832/2714/1872
f 1826/2717/1874 1827/2728/1879 1825/2723/1877
f 1826/2717/1874 1832/2718/1872 1827/2728/1879
f 1751/2722/1876 1825/2723/1877 1833/2729/1880
f 1790/2710/1869 1839/2725/1878 1845/2730/1881
f 1798/2720/1875 1790/2710/1869 1845/2730/1881
f 1798/2726/1875 1845/2731/1881 1789/2536/1762
f 1791/2715/1873 1840/2732/1882 1839/2725/1878
f 1751/2722/1876 1840/2733/1882 1791/2716/1873
f 1751/2722/1876 1833/2729/1880 1840/2733/1882
f 1848/2734/1769 1875/2735/1883 1832/2736/1872
f 1832/2718/1872 1875/2737/1883 1827/2728/1879
f 1825/2723/1877 1827/2728/1879 1828/2738/1884
f 1825/2723/1877 1828/2738/1884 1833/2729/1880
f 1845/2730/1881 1839/2725/1878 1846/2739/1885
f 1789/2536/1762 1845/2731/1881 1838/2541/1767
f 1845/2731/1881 1846/2740/1885 1838/2541/1767
f 1840/2732/1882 1841/2741/1886 1842/2742/1887
f 1840/2733/1882 1833/2729/1880 1841/2743/1886
f 1839/2725/1878 1840/2732/1882 1842/2742/1887
f 1839/2725/1878 1842/2742/1887 1846/2739/1885
f 1848/2744/1769 1877/2745/1888 1875/2746/1883
f 1827/2728/1879 1849/2747/1889 1828/2738/1884
f 1875/2748/1883 1877/2749/1888 1849/2750/1889
f 1875/2748/1883 1849/2750/1889 1827/2751/1879
f 1838/2541/1767 1846/2740/1885 1843/2547/1773
f 1833/2729/1880 1828/2738/1884 1834/2752/1890
f 1833/2729/1880 1834/2752/1890 1841/2743/1886
f 1842/2742/1887 1841/2741/1886 1895/2753/1891
f 1848/2744/1769 1851/2754/1775 1877/2745/1888
f 1849/2747/1889 1850/2755/1892 1828/2738/1884
f 1828/2738/1884 1850/2755/1892 1834/2752/1890
f 1846/2739/1885 1842/2742/1887 1916/2756/1893
f 1842/2742/1887 1895/2753/1891 1916/2756/1893
f 1843/2547/1773 1846/2740/1885 1892/2552/1776
f 1846/2740/1885 1916/2757/1893 1892/2552/1776
f 1841/2741/1886 1894/2758/1894 1895/2753/1891
f 1841/2743/1886 1834/2752/1890 1894/2759/1894
f 1851/2754/1775 1876/2760/1895 1877/2745/1888
f 1849/2750/1889 1855/2761/1896 1850/2762/1892
f 1877/2749/1888 1876/2763/1895 1855/2761/1896
f 1877/2749/1888 1855/2761/1896 1849/2750/1889
f 1916/2756/1893 1895/2753/1891 1918/2764/1897
f 1916/2765/1893 1918/2766/1897 1892/2767/1776
f 1834/2752/1890 1850/2755/1892 1886/2768/1898
f 1834/2752/1890 1886/2768/1898 1894/2759/1894
f 1851/2754/1775 1853/2769/1779 1876/2760/1895
f 1855/2761/1896 1856/2770/1899 1857/2771/1900
f 1855/2761/1896 1857/2771/1900 1850/2762/1892
f 1850/2762/1892 1857/2771/1900 1886/2772/1898
f 1855/2761/1896 1876/2763/1895 1856/2770/1899
f 1895/2753/1891 1894/2758/1894 1903/2773/1901
f 1895/2753/1891 1903/2773/1901 1918/2764/1897
f 1892/2767/1776 1918/2766/1897 1899/2774/1782
f 1853/2769/1779 1879/2775/1902 1876/2760/1895
f 1876/2763/1895 1879/2776/1902 1856/2770/1899
f 1857/2771/1900 1856/2770/1899 1858/2777/1903
f 1886/2772/1898 1857/2771/1900 1885/2778/1904
f 1857/2771/1900 1858/2777/1903 1885/2778/1904
f 1894/2758/1894 1902/2779/1905 1903/2773/1901
f 1886/2780/1898 1885/2781/1904 1902/2779/1905
f 1886/2780/1898 1902/2779/1905 1894/2758/1894
f 1918/2764/1897 1903/2773/1901 1917/2782/1906
f 1918/2766/1897 1917/2783/1906 1899/2774/1782
f 1853/2769/1779 1862/2784/1784 1879/2775/1902
f 1856/2770/1899 1866/2785/1907 1858/2777/1903
f 1856/2770/1899 1879/2776/1902 1866/2785/1907
f 1885/2778/1904 1858/2777/1903 1884/2786/1908
f 1902/2779/1905 1900/2787/1909 1901/2788/1910
f 1902/2779/1905 1901/2788/1910 1903/2773/1901
f 1885/2781/1904 1884/2789/1908 1900/2787/1909
f 1885/2781/1904 1900/2787/1909 1902/2779/1905
f 1903/2773/1901 1901/2788/1910 1917/2782/1906
f 1899/2774/1782 1917/2783/1906 1898/2790/1785
f 1862/2784/1784 1878/2791/1911 1879/2775/1902
f 1879/2776/1902 1878/2792/1911 1866/2785/1907
f 1858/2777/1903 1866/2785/1907 1864/2793/1912
f 1858/2777/1903 1864/2793/1912 1884/2786/1908
f 1900/2787/1909 1908/2794/1913 1901/2788/1910
f 1917/2782/1906 1901/2788/1910 1920/2795/1914
f 1901/2788/1910 1908/2794/1913 1920/2795/1914
f 1917/2783/1906 1920/2796/1914 1898/2790/1785
f 1862/2784/1784 1860/2797/1790 1878/2791/1911
f 1866/2785/1907 1865/2798/1915 1864/2793/1912
f 1866/2785/1907 1878/2792/1911 1865/2798/1915
f 1884/2786/1908 1864/2793/1912 1883/2799/1916
f 1900/2787/1909 1909/2800/1917 1908/2794/1913
f 1884/2789/1908 1909/2800/1917 1900/2787/1909
f 1884/2789/1908 1883/2801/1916 1909/2800/1917
f 1920/2795/1914 1908/2794/1913 1919/2802/1918
f 1898/2790/1785 1920/2796/1914 1904/2803/1791
f 1920/2796/1914 1919/2804/1918 1904/2803/1791
f 1860/2797/1790 1880/2805/1919 1878/2791/1911
f 1878/2792/1911 1880/2806/1919 1865/2798/1915
f 1864/2793/1912 1865/2798/1915 1863/2807/1920
f 1864/2793/1912 1863/2807/1920 1883/2799/1916
f 1909/2800/1917 1910/2808/1921 1908/2794/1913
f 1908/2794/1913 1910/2808/1921 1919/2802/1918
f 1904/2803/1791 1919/2804/1918 1905/2809/1794
f 1860/2797/1790 1871/2810/1796 1880/2805/1919
f 1865/2798/1915 1867/2811/1922 1863/2807/1920
f 1865/2798/1915 1880/2806/1919 1867/2811/1922
f 1883/2799/1916 1863/2807/1920 1882/2812/1923
f 1909/2800/1917 1911/2813/1924 1910/2808/1921
f 1883/2799/1916 1911/2814/1924 1909/2815/1917
f 1883/2799/1916 1882/2812/1923 1911/2814/1924
f 1919/2802/1918 1910/2808/1921 1921/2816/1925
f 1919/2804/1918 1921/2817/1925 1905/2809/1794
f 1871/2810/1796 1873/2818/1801 1880/2805/1919
f 1867/2811/1922 1868/2819/1926 1869/2820/1927
f 1867/2811/1922 1869/2820/1927 1863/2807/1920
f 1863/2807/1920 1869/2820/1927 1882/2812/1923
f 1867/2811/1922 1880/2806/1919 1868/2819/1926
f 1911/2813/1924 1913/2821/1928 1912/2822/1929
f 1912/2822/1929 1910/2808/1921 1911/2813/1924
f 1912/2823/1929 1868/2824/1926 1921/2825/1925
f 1912/2823/1929 1913/2826/1928 1868/2824/1926
f 1912/2822/1929 1921/2816/1925 1910/2808/1921
f 1911/2827/1924 1882/2828/1923 1913/2826/1928
f 1905/2809/1794 1921/2817/1925 1914/2829/1799
f 1873/2818/1801 1881/2830/1930 1880/2805/1919
f 1880/2805/1919 1881/2830/1930 1868/2831/1926
f 1869/2820/1927 1868/2819/1926 1870/2832/1931
f 1870/2832/1931 1882/2812/1923 1869/2820/1927
f 1870/2833/1931 1868/2824/1926 1913/2826/1928
f 1913/2826/1928 1882/2828/1923 1870/2833/1931
f 1921/2825/1925 1868/2824/1926 1881/2834/1930
f 1914/2829/1799 1921/2817/1925 1873/2835/1801
f 1873/2835/1801 1921/2817/1925 1881/2836/1930
f 1937/2837/1932 835/1135/813 834/1120/800
f 1937/2837/1932 1936/2838/1933 835/1135/813
f 1937/2837/1932 834/1120/800 1029/1102/785
f 1937/2837/1932 837/1071/761 1936/2838/1933
f 1937/2837/1932 1029/1102/785 840/2839/766
f 1937/2837/1932 840/2839/766 837/1071/761
f 835/1135/813 1936/2838/1933 531/778/529
f 1029/1102/785 841/1099/775 840/2839/766
f 837/1071/761 836/1041/745 1936/2838/1933
f 531/778/529 1936/2838/1933 1030/1068/759
f 531/778/529 1030/1068/759 532/772/523
f 1030/1068/759 1936/2838/1933 836/1041/745
f 1934/2840/1934 525/775/526 799/818/561
f 1934/2840/1934 576/923/647 525/775/526
f 1934/2840/1934 799/818/561 578/792/543
f 1934/2840/1934 1935/2841/1935 576/923/647
f 1934/2840/1934 578/792/543 580/815/558
f 1934/2840/1934 580/815/558 1935/2841/1935
f 525/775/526 527/769/520 799/818/561
f 576/923/647 1935/2841/1935 574/894/625
f 580/815/558 585/827/569 1935/2841/1935
f 574/894/625 1935/2841/1935 798/866/601
f 1935/2841/1935 585/827/569 798/866/601
f 585/827/569 583/839/578 798/866/601
