# Blender 5.0.1
# www.blender.org
mtllib Assets/oddish.mtl
o Oodish
v -0.089614 -0.038110 -0.181428
v -0.070398 -0.070589 -0.165408
v -0.100000 -0.032556 -0.147530
v -0.083131 -0.059962 -0.135039
v -0.087314 -0.050439 -0.104561
v -0.085972 -0.041640 -0.079188
v -0.103656 -0.022904 -0.113191
v -0.102965 -0.013153 -0.083906
v -0.053937 -0.062533 -0.190323
v -0.073995 -0.034182 -0.051946
v -0.057754 -0.013217 -0.036141
v -0.093739 -0.000555 -0.058473
v -0.051897 -0.118449 -0.122014
v -0.042198 -0.134045 -0.116708
v -0.065738 -0.125413 -0.115442
v -0.056305 -0.141384 -0.110032
v -0.073112 -0.149692 -0.104066
v -0.081942 -0.134786 -0.109431
v -0.054239 -0.096693 -0.051882
v -0.063833 -0.105706 -0.054448
v -0.044584 -0.112250 -0.047671
v -0.054043 -0.120366 -0.047917
v -0.062874 -0.097144 -0.114426
v -0.073941 -0.106081 -0.109102
v -0.067634 -0.086483 -0.092855
v -0.075720 -0.094474 -0.090266
v -0.088512 -0.117394 -0.103682
v -0.089433 -0.106328 -0.086686
v -0.033744 -0.144472 -0.097446
v -0.047719 -0.149343 -0.093569
v -0.064800 -0.156714 -0.088598
v -0.066014 -0.128518 -0.047283
v -0.075285 -0.114707 -0.053613
v -0.047321 -0.135904 -0.055542
v -0.060666 -0.143006 -0.054388
v -0.035906 -0.130318 -0.054774
v 0.038669 -0.125271 -0.138075
v 0.045558 -0.134209 -0.120561
v 0.023381 -0.138647 -0.138747
v 0.030855 -0.149075 -0.119867
v 0.035631 -0.147676 -0.074569
v 0.035300 -0.152234 -0.097346
v 0.049364 -0.133890 -0.078816
v 0.049196 -0.138260 -0.099747
v 0.032736 -0.136521 -0.052801
v 0.046650 -0.124000 -0.058800
v 0.026086 -0.119551 -0.038045
v 0.040809 -0.108176 -0.046127
v -0.005437 -0.057424 -0.029934
v 0.007613 -0.081474 -0.029410
v 0.010276 -0.050227 -0.038776
v 0.023584 -0.072672 -0.038244
v -0.023889 -0.068036 -0.028855
v -0.038375 -0.079655 -0.038515
v -0.012239 -0.089986 -0.029051
v -0.027717 -0.098311 -0.037140
v 0.022279 -0.069972 -0.128615
v 0.021141 -0.061441 -0.102259
v 0.034406 -0.088138 -0.119208
v 0.033122 -0.080261 -0.096835
v 0.054918 -0.114371 -0.085366
v 0.054590 -0.117557 -0.099996
v 0.044545 -0.098219 -0.091124
v 0.045157 -0.103935 -0.109727
v 0.027197 -0.108274 -0.150452
v 0.011873 -0.120783 -0.153217
v 0.014050 -0.089172 -0.162125
v -0.001678 -0.100440 -0.166589
v 0.045706 -0.109342 -0.127244
v 0.051704 -0.116855 -0.116466
v 0.001384 -0.146821 -0.134807
v 0.008799 -0.156586 -0.115572
v -0.016828 -0.146958 -0.125364
v -0.010132 -0.156180 -0.109678
v 0.048659 -0.097983 -0.060989
v 0.053134 -0.107917 -0.071341
v -0.049439 -0.117719 -0.124569
v -0.039287 -0.133283 -0.119357
v -0.026413 -0.133341 -0.136554
v -0.036941 -0.116257 -0.146035
v -0.009223 -0.130216 -0.148638
v -0.021250 -0.111208 -0.161597
v 0.032419 -0.069489 -0.057919
v 0.020223 -0.049108 -0.059267
v 0.023877 -0.077994 -0.149830
v 0.035990 -0.095746 -0.138716
v -0.052224 -0.094854 -0.051103
v -0.042485 -0.110549 -0.046889
v -0.068167 -0.082708 -0.093994
v -0.062513 -0.094128 -0.117846
v -0.012751 -0.130757 -0.043872
v -0.009493 -0.143414 -0.055526
v 0.005298 -0.128413 -0.037979
v 0.011143 -0.144821 -0.052148
v -0.060721 -0.152667 -0.069951
v -0.045877 -0.145900 -0.072558
v -0.032727 -0.142193 -0.073957
v -0.029269 -0.143100 -0.073946
v -0.030033 -0.145403 -0.099104
v -0.008151 -0.152637 -0.072952
v -0.008003 -0.156976 -0.092138
v 0.013872 -0.155743 -0.072679
v 0.013144 -0.159889 -0.093869
v -0.051164 -0.095342 -0.156298
v -0.037960 -0.086378 -0.176724
v -0.004355 -0.062415 -0.177586
v -0.019558 -0.073563 -0.181835
v -0.019885 -0.039110 -0.189840
v -0.034918 -0.050795 -0.195453
v -0.009669 -0.027323 -0.174546
v 0.005992 -0.051214 -0.163931
v 0.005091 -0.043328 -0.138732
v -0.010748 -0.018429 -0.146613
v 0.004035 -0.034377 -0.110063
v -0.011894 -0.009238 -0.117578
v 0.002265 -0.019310 -0.061820
v -0.013057 0.005718 -0.065526
v -0.008609 -0.019783 -0.042521
v -0.024064 0.005262 -0.046526
v -0.039618 -0.001722 -0.037463
v -0.024045 -0.026704 -0.033735
v -0.053848 -0.057389 -0.043547
v -0.040944 -0.039743 -0.031812
v -0.069173 -0.061597 -0.061368
v -0.060613 -0.070652 -0.054872
v -0.085885 -0.102695 -0.067613
v -0.074192 -0.091648 -0.068702
v -0.065911 -0.082043 -0.068909
v -0.065242 -0.078561 -0.068296
v 0.003104 -0.026399 -0.084531
v -0.012497 -0.001508 -0.090918
v 0.032454 -0.073579 -0.074909
v 0.020531 -0.054229 -0.078120
v 0.043863 -0.092216 -0.071950
v -0.033262 -0.129623 -0.053796
v 0.041454 -0.084641 -0.057349
v 0.033183 -0.090462 -0.038990
v 0.017467 -0.100436 -0.030458
v -0.018999 -0.115488 -0.037662
v -0.002808 -0.109355 -0.030253
v -0.045494 -0.117823 -0.131595
v -0.057435 -0.098671 -0.136396
v -0.036127 -0.133329 -0.123869
v -0.027870 -0.144992 -0.112919
v -0.023067 -0.149818 -0.104044
v -0.022015 -0.147087 -0.074036
v -0.021496 -0.150071 -0.092659
v -0.023770 -0.137410 -0.057787
v -0.024902 -0.131080 -0.050136
v -0.029408 -0.119734 -0.045887
v -0.038190 -0.105323 -0.043996
v -0.047485 -0.089961 -0.047647
v -0.064597 -0.087414 -0.134099
v -0.070741 -0.080055 -0.121636
v -0.074376 -0.071901 -0.097587
v -0.074075 -0.063967 -0.075269
v -0.095082 -0.142816 -0.105704
v -0.086104 -0.157590 -0.099599
v -0.079193 -0.164025 -0.084118
v -0.076251 -0.161312 -0.066506
v -0.077030 -0.152293 -0.051182
v -0.082281 -0.138630 -0.044023
v -0.091318 -0.124102 -0.049738
v -0.100043 -0.113506 -0.063948
v -0.103249 -0.116354 -0.082984
v -0.101467 -0.126798 -0.099208
v -0.160950 0.123542 -0.157770
v -0.158297 0.112838 -0.183937
v -0.160905 0.097993 -0.150301
v -0.159479 0.088585 -0.176236
v -0.080881 0.100196 -0.147906
v -0.066192 0.076930 -0.141521
v -0.079609 0.091818 -0.173417
v -0.065230 0.068340 -0.169285
v -0.110790 0.070003 -0.218917
v -0.090974 0.074943 -0.212219
v -0.092240 0.039091 -0.222060
v -0.076093 0.050056 -0.215272
v -0.111971 0.028292 -0.217385
v -0.126881 0.027477 -0.195598
v -0.129713 0.059319 -0.215416
v -0.141380 0.055236 -0.193948
v -0.142154 0.135886 -0.161201
v -0.117896 0.134567 -0.160112
v -0.138989 0.124527 -0.187331
v -0.115239 0.124255 -0.184881
v -0.136325 0.032933 -0.165847
v -0.139583 0.042777 -0.133292
v -0.149614 0.061818 -0.172106
v -0.152082 0.070654 -0.141635
v -0.109207 0.130420 -0.113647
v -0.117099 0.138065 -0.137301
v -0.131637 0.131609 -0.108684
v -0.140771 0.139619 -0.136422
v -0.095491 0.123243 -0.154926
v -0.092811 0.112717 -0.178740
v -0.126940 0.099748 -0.207043
v -0.106666 0.103867 -0.203495
v -0.132606 0.063413 -0.081362
v -0.146988 0.088375 -0.096339
v -0.138418 0.052326 -0.105231
v -0.151102 0.078615 -0.116797
v -0.087328 0.100132 -0.191165
v -0.151018 0.074686 -0.190231
v -0.145843 0.089279 -0.203575
v -0.153767 0.098881 -0.109755
v -0.150383 0.120528 -0.106605
v -0.159727 0.102079 -0.127383
v -0.159265 0.127129 -0.133355
v -0.089521 0.121630 -0.118698
v -0.094045 0.125867 -0.134171
v -0.083928 0.096806 -0.074396
v -0.098387 0.117606 -0.093483
v -0.099173 0.090379 -0.065978
v -0.117677 0.116158 -0.084857
v -0.118485 0.078663 -0.064314
v -0.137597 0.105094 -0.083362
v -0.068691 0.092872 -0.094173
v -0.080037 0.109095 -0.106041
v -0.077240 0.081970 -0.195337
v -0.064871 0.060506 -0.197463
v -0.081542 0.106714 -0.126240
v -0.067278 0.085013 -0.116200
v -0.072434 -0.034979 -0.203361
v -0.094815 0.000307 -0.214469
v -0.110651 -0.002359 -0.192437
v -0.037794 -0.011754 -0.201256
v -0.052502 -0.023154 -0.207198
v -0.059802 0.023053 -0.212650
v -0.075214 0.011181 -0.219079
v -0.049685 0.035323 -0.195329
v -0.027489 0.000230 -0.185190
v -0.050373 0.043993 -0.165475
v -0.028544 0.009398 -0.155880
v -0.029644 0.018858 -0.125611
v -0.051219 0.053079 -0.135015
v -0.030634 0.027462 -0.098099
v -0.052862 0.062710 -0.107610
v -0.031625 0.035525 -0.072201
v -0.054016 0.070809 -0.082980
v -0.042759 0.034975 -0.052636
v -0.065751 0.070230 -0.062569
v -0.081190 0.063445 -0.053424
v -0.058164 0.028228 -0.043393
v -0.076102 0.015673 -0.041474
v -0.115908 0.035612 -0.068591
v -0.099515 0.052174 -0.051836
v -0.123989 0.022460 -0.093827
v -0.124233 0.012386 -0.124080
v -0.120754 0.002691 -0.159350
v -0.141389 -0.173354 -0.097634
v -0.132318 -0.188274 -0.090370
v -0.126756 -0.194979 -0.072911
v -0.133613 -0.171138 -0.030041
v -0.142544 -0.155947 -0.035378
v -0.148932 -0.156929 -0.089615
v -0.152575 -0.146464 -0.072236
v -0.127665 -0.184808 -0.038378
v -0.125483 -0.193350 -0.055062
v -0.150800 -0.144226 -0.051076
v -0.102246 0.069960 0.164471
v -0.110238 0.055037 0.132829
v -0.082686 0.034540 0.171080
v -0.093149 0.025747 0.139291
v -0.108565 0.034755 0.069432
v -0.091891 0.008998 0.082891
v -0.111403 0.043373 0.098942
v -0.095098 0.016162 0.108609
v -0.067754 0.055673 0.188022
v -0.077978 -0.000110 0.057110
v -0.097409 0.030845 0.042029
v -0.060291 0.008482 0.033310
v -0.062340 -0.029107 0.163943
v -0.075854 -0.038858 0.161594
v -0.052635 -0.044748 0.169106
v -0.066417 -0.054872 0.166867
v -0.091814 -0.050320 0.160919
v -0.082959 -0.065446 0.165583
v -0.059596 -0.072859 0.104137
v -0.069491 -0.057294 0.100506
v -0.049974 -0.066129 0.099949
v -0.059563 -0.051142 0.093914
v -0.083497 -0.027938 0.122698
v -0.083215 -0.026736 0.144859
v -0.075437 -0.019727 0.120813
v -0.072343 -0.016130 0.144878
v -0.097625 -0.039423 0.145879
v -0.097185 -0.040006 0.125590
v -0.043138 -0.064100 0.159802
v -0.056923 -0.070600 0.158465
v -0.073785 -0.079843 0.157444
v -0.081047 -0.065408 0.104177
v -0.071665 -0.080172 0.107457
v -0.053719 -0.081163 0.119671
v -0.067102 -0.087936 0.121875
v -0.042165 -0.076768 0.116623
v 0.019719 -0.053795 0.185097
v 0.034648 -0.040870 0.178190
v 0.011224 -0.034639 0.194151
v 0.026798 -0.023705 0.187010
v 0.027523 -0.078302 0.147477
v 0.041226 -0.064265 0.144034
v 0.025584 -0.069106 0.168723
v 0.039577 -0.055960 0.163669
v 0.035399 -0.061884 0.102042
v 0.040055 -0.067570 0.121818
v 0.021011 -0.076138 0.100904
v 0.026312 -0.081566 0.123094
v -0.008606 -0.030316 0.056834
v 0.006631 -0.019042 0.061035
v 0.003948 -0.050120 0.070946
v 0.019476 -0.037527 0.074246
v -0.032159 -0.060304 0.084509
v -0.042496 -0.044402 0.074321
v -0.016009 -0.057736 0.074172
v -0.027161 -0.040039 0.060757
v 0.024939 -0.010255 0.127235
v 0.013018 0.008057 0.120185
v 0.024570 -0.003985 0.150143
v 0.012225 0.016052 0.146721
v 0.046737 -0.044374 0.138675
v 0.036341 -0.028032 0.133522
v 0.045371 -0.038682 0.152460
v 0.035597 -0.022142 0.152066
v 0.014884 -0.002928 0.186731
v 0.001389 0.019145 0.184567
v -0.000846 -0.011960 0.195093
v -0.014831 0.012091 0.193589
v 0.034868 -0.016617 0.169540
v 0.041412 -0.028800 0.165373
v -0.020639 -0.066282 0.178059
v -0.002155 -0.062872 0.184380
v -0.028171 -0.049919 0.185231
v -0.010627 -0.044059 0.194106
v 0.042453 -0.044888 0.108953
v 0.046023 -0.047079 0.123387
v -0.049892 -0.042555 0.171037
v -0.060042 -0.027003 0.165787
v -0.034248 -0.000010 0.194318
v -0.048971 -0.013336 0.183386
v -0.021783 -0.022760 0.195300
v -0.038193 -0.032557 0.186026
v 0.027048 -0.023539 0.089155
v 0.015216 -0.006264 0.077862
v 0.012242 0.021551 0.168784
v 0.024695 0.000884 0.170570
v -0.047794 -0.065131 0.098480
v -0.057463 -0.050031 0.092364
v -0.075966 -0.015986 0.119566
v -0.072147 -0.011698 0.145991
v -0.018351 -0.082847 0.109473
v 0.000095 -0.083896 0.104507
v -0.016138 -0.086562 0.126441
v 0.004643 -0.089211 0.125844
v -0.053617 -0.079678 0.139402
v -0.068392 -0.087033 0.140126
v -0.040515 -0.075560 0.139315
v -0.037084 -0.076241 0.140051
v -0.039565 -0.063845 0.161938
v 0.003554 -0.077838 0.168752
v -0.017367 -0.076866 0.164271
v 0.005774 -0.086462 0.149069
v -0.016149 -0.084211 0.146063
v -0.051407 0.028664 0.191492
v -0.063407 0.009404 0.178964
v -0.017443 0.049558 0.180806
v -0.033266 0.075368 0.176571
v -0.033123 0.042490 0.189619
v -0.048877 0.068638 0.186818
v -0.021814 0.076576 0.158008
v -0.005981 0.051220 0.163929
v -0.019872 0.059011 0.100868
v -0.020849 0.067986 0.129977
v -0.004003 0.034396 0.110058
v -0.005041 0.043358 0.138725
v -0.026988 0.030282 0.033557
v -0.017261 0.041689 0.049607
v -0.011825 0.007730 0.045540
v -0.002250 0.019318 0.061818
v -0.042047 0.019063 0.029063
v -0.026784 -0.003277 0.041246
v -0.057803 -0.023551 0.064759
v -0.043784 -0.015444 0.045960
v -0.065579 -0.028159 0.081135
v -0.074363 -0.017196 0.080744
v -0.080481 -0.037844 0.103511
v -0.092303 -0.047790 0.108122
v -0.072035 -0.029655 0.098769
v -0.071254 -0.027127 0.096332
v -0.018540 0.050196 0.074573
v -0.003069 0.026420 0.084526
v 0.025869 -0.017241 0.105414
v 0.014163 0.000250 0.096252
v 0.037060 -0.034013 0.114343
v -0.039448 -0.076698 0.115602
v 0.035785 -0.036135 0.097904
v 0.028633 -0.051533 0.085611
v 0.013315 -0.064913 0.083242
v -0.023854 -0.073951 0.095284
v -0.007083 -0.072785 0.086798
v -0.068409 -0.004780 0.164122
v -0.056575 -0.023012 0.171868
v -0.047040 -0.039961 0.174973
v -0.038317 -0.055607 0.173175
v -0.033036 -0.064523 0.168962
v -0.029936 -0.079317 0.142875
v -0.030718 -0.071171 0.159875
v -0.030406 -0.080635 0.123933
v -0.030896 -0.079804 0.113985
v -0.043209 -0.062389 0.093422
v -0.034873 -0.072982 0.103750
v -0.052404 -0.047874 0.087064
v -0.075168 0.003022 0.155362
v -0.080315 0.001860 0.140550
v -0.082175 -0.005184 0.115954
v -0.080226 -0.011343 0.093163
v -0.095786 -0.074750 0.165547
v -0.104842 -0.059316 0.161555
v -0.087997 -0.088701 0.156972
v -0.083835 -0.096424 0.141185
v -0.083407 -0.097736 0.123439
v -0.087885 -0.090680 0.109453
v -0.096978 -0.075670 0.105277
v -0.106407 -0.059058 0.110324
v -0.110929 -0.050644 0.127338
v -0.110447 -0.049969 0.146697
v -0.168479 0.187961 0.048417
v -0.168469 0.162705 0.056824
v -0.167794 0.194092 0.076134
v -0.168965 0.169744 0.083533
v -0.088434 0.164816 0.058925
v -0.089035 0.172459 0.084690
v -0.073839 0.142358 0.067895
v -0.074903 0.151100 0.095608
v -0.089176 0.161987 0.142988
v -0.103301 0.180408 0.125345
v -0.105962 0.156495 0.153715
v -0.123616 0.179743 0.132329
v -0.125559 0.144546 0.154711
v -0.142483 0.168573 0.134275
v -0.139002 0.131179 0.136319
v -0.152779 0.152766 0.118219
v -0.124667 0.204911 0.073278
v -0.125457 0.199253 0.046929
v -0.148516 0.206035 0.073554
v -0.149701 0.200453 0.045461
v -0.159659 0.135478 0.065849
v -0.147214 0.108069 0.075690
v -0.159406 0.145589 0.096021
v -0.146332 0.118552 0.108197
v -0.146597 0.189462 0.023113
v -0.123073 0.189176 0.026290
v -0.135808 0.167294 0.005531
v -0.113787 0.169603 0.011768
v -0.102124 0.192398 0.076295
v -0.102997 0.187457 0.050605
v -0.117775 0.198908 0.100703
v -0.138320 0.197117 0.104607
v -0.156865 0.127923 0.041022
v -0.151199 0.124402 0.018972
v -0.143989 0.099990 0.047330
v -0.136375 0.095657 0.021841
v -0.097742 0.189227 0.094002
v -0.161744 0.166448 0.103471
v -0.157165 0.186143 0.106459
v -0.158635 0.140529 0.023548
v -0.165686 0.153058 0.035787
v -0.154601 0.156609 0.008882
v -0.165101 0.177064 0.026471
v -0.100120 0.177844 0.032192
v -0.094667 0.165655 0.022215
v -0.120619 0.141328 -0.004292
v -0.101919 0.147825 0.003239
v -0.101440 0.109779 -0.003884
v -0.086659 0.120167 0.000377
v -0.140621 0.130966 -0.000550
v -0.120839 0.098797 0.000130
v -0.084625 0.148347 0.019595
v -0.072854 0.128494 0.019843
v -0.088333 0.176873 0.108420
v -0.076580 0.160687 0.123190
v -0.087518 0.157843 0.037411
v -0.073072 0.134585 0.042466
v -0.086499 0.085362 0.181815
v -0.108832 0.120231 0.169372
v -0.123221 0.105183 0.151771
v -0.051322 0.103983 0.169186
v -0.073311 0.138629 0.157275
v -0.066626 0.097681 0.179563
v -0.089359 0.132201 0.168272
v -0.039725 0.104918 0.149885
v -0.061813 0.139080 0.136769
v -0.060335 0.129221 0.107315
v -0.038639 0.095769 0.120569
v -0.058966 0.119355 0.077117
v -0.037528 0.086315 0.090299
v -0.058583 0.111659 0.049062
v -0.036510 0.077727 0.062783
v -0.057929 0.104291 0.024186
v -0.035609 0.069611 0.036898
v -0.068292 0.091965 0.006999
v -0.045427 0.057803 0.020429
v -0.083226 0.080865 0.002333
v -0.060321 0.046678 0.015663
v -0.119446 0.065879 0.028287
v -0.078348 0.034891 0.020037
v -0.101635 0.070313 0.006222
v -0.129458 0.069246 0.055920
v -0.131921 0.078158 0.086437
v -0.130995 0.090312 0.121099
v -0.141912 -0.106191 0.172356
v -0.151134 -0.089979 0.169225
v -0.135343 -0.121516 0.162222
v -0.147788 -0.111087 0.108205
v -0.138839 -0.126429 0.113061
v -0.157785 -0.081189 0.152809
v -0.160047 -0.082540 0.132367
v -0.133743 -0.132806 0.128065
v -0.132853 -0.130299 0.146746
v -0.156823 -0.092694 0.113864
v -0.392333 0.091965 -0.043060
v -0.362663 0.103156 -0.045473
v -0.387955 0.072347 -0.091740
v -0.358376 0.083814 -0.093671
v -0.446090 0.032262 -0.080717
v -0.450390 0.051613 -0.032573
v -0.414894 0.056868 -0.087945
v -0.419298 0.076540 -0.039225
v -0.361991 0.114744 0.005329
v -0.391608 0.103603 0.008300
v -0.449702 0.063164 0.018191
v -0.418551 0.088156 0.012199
v -0.219084 0.001002 -0.174091
v -0.234102 0.000040 -0.187137
v -0.222326 0.021720 -0.153184
v -0.248267 0.034378 -0.161111
v -0.254254 0.000063 -0.202208
v -0.271050 0.036590 -0.170068
v -0.283430 0.067087 -0.132113
v -0.257459 0.061051 -0.126331
v -0.228992 0.049758 -0.121480
v -0.315641 -0.019950 -0.218662
v -0.344334 -0.033336 -0.218398
v -0.334830 0.021815 -0.181806
v -0.363902 0.009245 -0.180850
v -0.378476 0.044745 -0.137770
v -0.349101 0.056673 -0.139245
v -0.318091 0.064393 -0.138004
v -0.304575 0.031233 -0.178901
v -0.286318 -0.008557 -0.214175
v -0.331079 0.109394 -0.046268
v -0.326941 0.090552 -0.093475
v -0.265409 0.104128 -0.042225
v -0.234785 0.092111 -0.037352
v -0.262524 0.085676 -0.086136
v -0.232396 0.073774 -0.081506
v -0.291607 0.091514 -0.089947
v -0.295482 0.109355 -0.044956
v -0.490881 -0.172908 -0.122272
v -0.497825 -0.187177 -0.105252
v -0.504005 -0.147153 -0.098966
v -0.508403 -0.176275 -0.084129
v -0.520767 -0.161710 -0.052813
v -0.516437 -0.126250 -0.066964
v -0.507776 -0.094260 -0.081997
v -0.496876 -0.121461 -0.116807
v -0.482097 -0.153571 -0.144972
v -0.530171 -0.148024 -0.016258
v -0.534737 -0.135006 0.022653
v -0.525526 -0.109169 -0.029696
v -0.529946 -0.094943 0.010311
v -0.518440 -0.055999 -0.001437
v -0.514982 -0.072306 -0.043129
v -0.496476 -0.031896 -0.058895
v -0.500322 -0.014096 -0.013867
v -0.473799 0.002397 -0.070870
v -0.477907 0.021093 -0.024042
v -0.390745 -0.006396 -0.177050
v -0.371152 -0.049020 -0.214599
v -0.422502 -0.029770 -0.168693
v -0.403307 -0.071524 -0.205465
v -0.459042 -0.123650 -0.171819
v -0.475873 -0.086985 -0.139370
v -0.432994 -0.096915 -0.191152
v -0.451331 -0.056973 -0.155812
v -0.505615 -0.208836 -0.076688
v -0.490800 -0.211607 -0.107956
v -0.479348 -0.245850 -0.108380
v -0.496973 -0.244853 -0.071203
v -0.511125 -0.238328 -0.032333
v -0.519120 -0.199915 -0.041700
v -0.445051 -0.316651 -0.095479
v -0.464439 -0.315500 -0.055131
v -0.464182 -0.281870 -0.103954
v -0.483048 -0.281067 -0.064262
v -0.478805 -0.310528 -0.012966
v -0.497536 -0.275634 -0.023018
v -0.488086 -0.302060 0.029928
v -0.492228 -0.290335 0.072735
v -0.507180 -0.266515 0.018893
v -0.511555 -0.254526 0.060841
v -0.525369 -0.216218 0.048368
v -0.520861 -0.228374 0.007781
v -0.533275 -0.176081 0.035539
v -0.528709 -0.188513 -0.003822
v -0.373381 -0.396223 -0.044278
v -0.356434 -0.409087 -0.029328
v -0.385878 -0.395920 -0.013200
v -0.357881 -0.412215 -0.003925
v -0.359280 -0.414112 0.032528
v -0.394357 -0.394925 0.024206
v -0.426228 -0.371061 0.012375
v -0.414233 -0.374200 -0.027578
v -0.396426 -0.375469 -0.064605
v -0.364432 -0.401333 0.112081
v -0.402560 -0.380497 0.104178
v -0.362329 -0.410441 0.072116
v -0.399826 -0.390009 0.064074
v -0.436947 -0.354496 0.094799
v -0.433646 -0.364746 0.053647
v -0.466989 -0.324220 0.084243
v -0.463213 -0.335271 0.041984
v -0.454606 -0.342768 -0.000467
v -0.421582 -0.348485 -0.081570
v -0.440842 -0.347066 -0.042089
v -0.327539 -0.424750 -0.005019
v -0.336476 -0.415630 -0.039256
v -0.308354 -0.425071 -0.052918
v -0.295677 -0.436080 -0.011071
v -0.287354 -0.439039 0.033441
v -0.322945 -0.428799 0.034796
v -0.185103 -0.412908 -0.091487
v -0.148662 -0.397160 -0.098579
v -0.168645 -0.427196 -0.037143
v -0.131858 -0.411775 -0.043202
v -0.120431 -0.417075 0.012978
v -0.157499 -0.432257 0.018091
v -0.198085 -0.441443 0.023328
v -0.240589 -0.443951 0.028007
v -0.208678 -0.436765 -0.029684
v -0.250194 -0.440076 -0.021527
v -0.264610 -0.427629 -0.069404
v -0.224388 -0.423180 -0.081771
v -0.113568 -0.401569 0.121315
v -0.150880 -0.416771 0.124702
v -0.114337 -0.413584 0.068148
v -0.151593 -0.428671 0.072370
v -0.191886 -0.426195 0.126149
v -0.235037 -0.428956 0.125436
v -0.192518 -0.437776 0.075641
v -0.235558 -0.440100 0.077424
v -0.324489 -0.416244 0.118198
v -0.323161 -0.425628 0.076587
v -0.283018 -0.435127 0.078403
v -0.282625 -0.424773 0.122391
v -0.048042 -0.263889 -0.083915
v -0.037378 -0.266006 -0.055697
v -0.050577 -0.284301 -0.089377
v -0.037813 -0.293864 -0.050718
v -0.026594 -0.266750 -0.015163
v -0.027875 -0.298101 -0.006257
v -0.033026 -0.324742 -0.001582
v -0.042613 -0.320818 -0.050802
v -0.057053 -0.308255 -0.098375
v -0.019151 -0.259730 0.030371
v -0.017268 -0.248049 0.076868
v -0.020981 -0.292151 0.040317
v -0.019158 -0.280967 0.087083
v -0.027398 -0.309883 0.095816
v -0.027955 -0.320973 0.047781
v -0.087056 -0.385435 0.117243
v -0.087803 -0.397470 0.064153
v -0.063065 -0.365363 0.111848
v -0.063770 -0.377282 0.059500
v -0.093848 -0.401026 0.009048
v -0.069661 -0.380900 0.005187
v -0.049490 -0.356097 0.001274
v -0.043941 -0.352319 0.053905
v -0.043305 -0.340636 0.104844
v -0.105228 -0.395798 -0.047097
v -0.122005 -0.381222 -0.102454
v -0.080806 -0.375861 -0.050115
v -0.097285 -0.361558 -0.104544
v -0.075637 -0.338080 -0.103760
v -0.059985 -0.351599 -0.051800
v -0.045706 -0.235805 -0.072228
v -0.057245 -0.244922 -0.104111
v -0.073276 -0.217087 -0.132843
v -0.060210 -0.202294 -0.095312
v -0.047898 -0.192069 -0.049480
v -0.033903 -0.230679 -0.030583
v -0.120616 -0.136050 -0.175476
v -0.109137 -0.115499 -0.136134
v -0.094673 -0.178559 -0.156711
v -0.081565 -0.161221 -0.117171
v -0.101576 -0.095151 -0.089934
v -0.071366 -0.145562 -0.070448
v -0.097872 -0.075691 -0.039033
v -0.097965 -0.057784 0.014476
v -0.065508 -0.129948 -0.019517
v -0.064628 -0.113946 0.033240
v -0.038505 -0.166843 0.050721
v -0.040244 -0.180653 0.000099
v -0.022801 -0.211427 0.065224
v -0.025133 -0.223298 0.016938
v -0.201302 -0.020635 -0.180774
v -0.197574 0.000513 -0.153345
v -0.198620 0.026768 -0.117647
v -0.168823 -0.003058 -0.113356
v -0.169440 -0.031585 -0.153105
v -0.177188 -0.054703 -0.187871
v -0.205104 0.073664 -0.030505
v -0.202325 0.053761 -0.076264
v -0.172215 0.042256 -0.019491
v -0.170161 0.022459 -0.068348
v -0.135259 -0.003492 -0.003848
v -0.134129 -0.022643 -0.055577
v -0.135317 -0.045564 -0.104073
v -0.148791 -0.093938 -0.185175
v -0.139587 -0.070495 -0.147685
v -0.067473 -0.263752 -0.126586
v -0.076683 -0.285631 -0.140908
v -0.100254 -0.254929 -0.177873
v -0.087460 -0.235579 -0.159928
v -0.144293 -0.356194 -0.153381
v -0.119221 -0.336849 -0.154364
v -0.170816 -0.322268 -0.197453
v -0.145318 -0.303411 -0.197500
v -0.121855 -0.281677 -0.191390
v -0.096693 -0.314129 -0.150650
v -0.231569 -0.233640 -0.254814
v -0.205019 -0.216230 -0.253527
v -0.200332 -0.280827 -0.231781
v -0.174337 -0.262605 -0.230997
v -0.179649 -0.197064 -0.244761
v -0.149934 -0.242025 -0.223139
v -0.136079 -0.156091 -0.205712
v -0.110038 -0.197963 -0.186398
v -0.126657 -0.217400 -0.206751
v -0.154615 -0.175022 -0.226793
v -0.352105 -0.399639 -0.068559
v -0.372878 -0.376979 -0.096274
v -0.346433 -0.377967 -0.122591
v -0.325650 -0.405150 -0.090448
v -0.397590 -0.347900 -0.116836
v -0.421749 -0.314082 -0.132204
v -0.394255 -0.307516 -0.165009
v -0.369678 -0.344814 -0.147569
v -0.258295 -0.249548 -0.251293
v -0.227011 -0.296796 -0.228181
v -0.292662 -0.267842 -0.240328
v -0.262012 -0.314163 -0.217800
v -0.197471 -0.338247 -0.193732
v -0.233036 -0.354899 -0.184316
v -0.307308 -0.375309 -0.149512
v -0.333228 -0.338544 -0.178168
v -0.270294 -0.367353 -0.169591
v -0.298007 -0.328262 -0.201103
v -0.360619 -0.297044 -0.197880
v -0.327283 -0.283974 -0.222440
v -0.170947 -0.372151 -0.149562
v -0.206993 -0.388256 -0.141218
v -0.245359 -0.399398 -0.128761
v -0.284063 -0.405409 -0.112356
v -0.476025 -0.203351 -0.137779
v -0.463335 -0.190145 -0.163989
v -0.441750 -0.229015 -0.173072
v -0.460705 -0.239712 -0.142710
v -0.346741 -0.097524 -0.243014
v -0.379358 -0.119020 -0.232977
v -0.318931 -0.148617 -0.258758
v -0.352078 -0.169027 -0.247974
v -0.384028 -0.189728 -0.230254
v -0.413633 -0.209203 -0.206016
v -0.410100 -0.142139 -0.216737
v -0.437854 -0.165342 -0.194848
v -0.289041 -0.199834 -0.260924
v -0.322779 -0.219172 -0.249860
v -0.356036 -0.237543 -0.231688
v -0.387505 -0.253680 -0.206734
v -0.442601 -0.277515 -0.140490
v -0.418364 -0.268685 -0.173157
v -0.215065 -0.033584 -0.204003
v -0.191515 -0.072995 -0.215129
v -0.208518 -0.085807 -0.235462
v -0.232978 -0.041634 -0.224666
v -0.163759 -0.113967 -0.214661
v -0.181988 -0.130892 -0.235885
v -0.262265 -0.184017 -0.264470
v -0.235111 -0.167603 -0.263066
v -0.292124 -0.132874 -0.262394
v -0.264399 -0.117482 -0.261201
v -0.237120 -0.101672 -0.252914
v -0.208801 -0.149998 -0.254174
v -0.319926 -0.081821 -0.246754
v -0.291683 -0.067470 -0.246211
v -0.263374 -0.053826 -0.239601
v -0.488318 -0.056308 -0.101131
v -0.405365 0.029180 -0.133982
v -0.257658 0.114724 0.096052
v -0.245970 0.101578 0.137857
v -0.231516 0.100346 0.098473
v -0.230102 0.095263 0.127611
v -0.267074 0.109748 0.148862
v -0.280935 0.121162 0.100624
v -0.263963 0.116691 0.051758
v -0.290129 0.124404 0.051340
v -0.235477 0.105237 0.056094
v -0.329821 0.101371 0.169653
v -0.345647 0.114362 0.114410
v -0.358706 0.089618 0.175140
v -0.374846 0.102878 0.118842
v -0.356331 0.118531 0.058745
v -0.385784 0.107274 0.062365
v -0.325154 0.124818 0.055399
v -0.315077 0.121083 0.108685
v -0.300035 0.108798 0.161444
v -0.330480 0.120827 0.003426
v -0.265833 0.113982 0.004463
v -0.235717 0.102187 0.009436
v -0.294977 0.120345 0.002335
v -0.501406 -0.082860 0.165946
v -0.512415 -0.075205 0.131319
v -0.507498 -0.104416 0.159642
v -0.516420 -0.107680 0.135421
v -0.526371 -0.113766 0.100641
v -0.522255 -0.076469 0.092369
v -0.505955 -0.043784 0.131814
v -0.513950 -0.041435 0.087081
v -0.493751 -0.053869 0.174147
v -0.533038 -0.123492 0.062261
v -0.528491 -0.083802 0.051496
v -0.518100 -0.045631 0.042250
v -0.499847 -0.003051 0.033430
v -0.477309 0.032430 0.025257
v -0.401696 0.087298 0.122835
v -0.433306 0.062665 0.127164
v -0.385531 0.074002 0.179161
v -0.417469 0.049636 0.182331
v -0.461774 0.032371 0.130154
v -0.485787 -0.002168 0.132106
v -0.446659 0.020000 0.183060
v -0.471914 -0.013519 0.180678
v -0.513821 -0.138630 0.148019
v -0.501178 -0.122823 0.176217
v -0.505584 -0.171189 0.164576
v -0.490493 -0.150504 0.196796
v -0.516982 -0.188218 0.128055
v -0.524783 -0.151469 0.113362
v -0.491982 -0.204627 0.180402
v -0.473527 -0.237748 0.193730
v -0.475817 -0.182326 0.214657
v -0.456892 -0.215350 0.228755
v -0.484952 -0.257933 0.155376
v -0.503582 -0.223911 0.142532
v -0.491184 -0.275551 0.114775
v -0.510228 -0.240443 0.102343
v -0.523822 -0.203043 0.088858
v -0.531594 -0.163829 0.075185
v -0.383644 -0.308411 0.236783
v -0.394040 -0.326093 0.210298
v -0.366013 -0.327139 0.232965
v -0.365833 -0.344185 0.213819
v -0.399992 -0.346719 0.178498
v -0.364845 -0.366502 0.184916
v -0.432076 -0.321029 0.172511
v -0.422831 -0.300644 0.207852
v -0.407554 -0.280264 0.240117
v -0.402695 -0.365459 0.142651
v -0.365179 -0.386055 0.150167
v -0.436602 -0.339457 0.134588
v -0.466260 -0.309201 0.125426
v -0.460651 -0.291050 0.165068
v -0.449776 -0.270633 0.202554
v -0.433216 -0.248950 0.237012
v -0.335897 -0.353241 0.223860
v -0.346899 -0.326460 0.246152
v -0.319948 -0.325871 0.264592
v -0.304750 -0.358456 0.237382
v -0.328752 -0.379115 0.193823
v -0.293550 -0.386026 0.203121
v -0.199308 -0.291380 0.297490
v -0.179575 -0.333688 0.262151
v -0.163099 -0.273640 0.296773
v -0.142960 -0.316797 0.260794
v -0.164890 -0.369024 0.220481
v -0.127936 -0.352863 0.218504
v -0.205220 -0.380399 0.218713
v -0.219214 -0.346629 0.258815
v -0.247361 -0.386005 0.213477
v -0.260155 -0.354852 0.251250
v -0.238064 -0.306167 0.292753
v -0.277460 -0.317693 0.282470
v -0.155317 -0.396816 0.174330
v -0.118118 -0.381235 0.171689
v -0.196114 -0.407013 0.174104
v -0.238979 -0.410832 0.171104
v -0.326125 -0.400274 0.157740
v -0.286155 -0.408284 0.164319
v -0.047194 -0.213607 0.206163
v -0.046513 -0.187857 0.194434
v -0.062297 -0.184026 0.231575
v -0.058982 -0.170293 0.215659
v -0.033076 -0.211293 0.162339
v -0.034413 -0.242165 0.172778
v -0.052547 -0.235824 0.221239
v -0.039794 -0.266839 0.183751
v -0.069853 -0.198743 0.252142
v -0.022479 -0.231256 0.121508
v -0.024317 -0.263611 0.131666
v -0.031376 -0.291701 0.141471
v -0.067495 -0.345414 0.161499
v -0.091579 -0.365160 0.167566
v -0.101345 -0.336878 0.214368
v -0.077057 -0.317630 0.207697
v -0.047568 -0.321293 0.153210
v -0.056679 -0.294589 0.198143
v -0.116321 -0.300890 0.256673
v -0.091745 -0.282273 0.249434
v -0.136434 -0.257776 0.292659
v -0.111504 -0.239904 0.284835
v -0.070583 -0.260930 0.238405
v -0.089369 -0.220593 0.272281
v -0.055292 -0.153795 0.190262
v -0.069111 -0.143403 0.220821
v -0.070599 -0.113413 0.189171
v -0.086434 -0.104509 0.227487
v -0.055058 -0.130809 0.146597
v -0.040643 -0.173013 0.153987
v -0.092502 -0.067650 0.182321
v -0.120317 -0.019841 0.170040
v -0.108565 -0.059698 0.223728
v -0.134811 -0.014610 0.213219
v -0.109282 -0.029221 0.121091
v -0.078897 -0.081128 0.135786
v -0.101800 -0.042083 0.068538
v -0.069345 -0.097126 0.085537
v -0.043891 -0.149452 0.099964
v -0.028583 -0.193782 0.111409
v -0.213256 0.081640 0.146576
v -0.207275 0.083511 0.112309
v -0.205401 0.084783 0.068041
v -0.176010 0.058434 0.083463
v -0.179860 0.057563 0.132233
v -0.190379 0.058159 0.173369
v -0.205786 0.083373 0.018516
v -0.173824 0.053799 0.031961
v -0.137968 0.010196 0.049530
v -0.142851 0.018896 0.102246
v -0.150527 0.023104 0.151898
v -0.162687 0.024951 0.195354
v -0.081198 -0.146321 0.249276
v -0.091792 -0.156361 0.272847
v -0.102768 -0.104610 0.259267
v -0.117125 -0.110584 0.284132
v -0.136185 -0.191712 0.310176
v -0.161532 -0.208701 0.318704
v -0.190216 -0.156293 0.333785
v -0.164391 -0.140230 0.324797
v -0.140127 -0.125343 0.308989
v -0.112993 -0.174672 0.295709
v -0.194718 -0.088229 0.327131
v -0.225861 -0.037919 0.317196
v -0.221081 -0.103308 0.336407
v -0.252793 -0.052055 0.326386
v -0.199572 -0.026615 0.300797
v -0.169425 -0.075266 0.310609
v -0.152662 -0.014220 0.248378
v -0.126270 -0.059094 0.258081
v -0.144604 -0.063851 0.284717
v -0.172946 -0.018186 0.275195
v -0.364105 -0.296972 0.260047
v -0.386199 -0.263010 0.268507
v -0.339283 -0.288509 0.282887
v -0.361587 -0.248310 0.292404
v -0.411613 -0.227919 0.267188
v -0.436033 -0.191871 0.258955
v -0.385748 -0.207327 0.292488
v -0.410650 -0.167248 0.283947
v -0.282374 -0.139952 0.339800
v -0.247787 -0.119041 0.340763
v -0.313486 -0.089687 0.329896
v -0.279550 -0.067694 0.330768
v -0.216890 -0.172103 0.338049
v -0.252089 -0.191889 0.337434
v -0.317465 -0.161788 0.331734
v -0.351289 -0.184015 0.316435
v -0.288536 -0.211276 0.329965
v -0.324291 -0.230004 0.315566
v -0.379062 -0.139248 0.307180
v -0.347168 -0.113843 0.322100
v -0.223937 -0.243285 0.322795
v -0.188199 -0.224547 0.322874
v -0.261614 -0.260327 0.316365
v -0.299259 -0.275402 0.303760
v -0.488248 -0.098769 0.196958
v -0.477057 -0.072743 0.211782
v -0.474049 -0.125549 0.222693
v -0.456935 -0.099094 0.242766
v -0.396392 0.026718 0.233487
v -0.364075 0.050779 0.231662
v -0.371213 -0.005312 0.276029
v -0.338440 0.018292 0.275470
v -0.402338 -0.033074 0.271148
v -0.426460 -0.002167 0.231273
v -0.430664 -0.063486 0.260380
v -0.453174 -0.034270 0.224674
v -0.343152 -0.044868 0.308036
v -0.309830 -0.021974 0.308354
v -0.375502 -0.070999 0.301372
v -0.405571 -0.099111 0.287995
v -0.456626 -0.157523 0.243571
v -0.434435 -0.131183 0.266946
v -0.228798 0.083913 0.172070
v -0.206863 0.058318 0.205167
v -0.248208 0.088670 0.192398
v -0.225442 0.058990 0.227993
v -0.179994 0.024935 0.229924
v -0.199941 0.022706 0.255738
v -0.255504 0.006869 0.295368
v -0.283026 -0.006395 0.304048
v -0.283556 0.046417 0.263393
v -0.311613 0.033862 0.271281
v -0.228302 0.016837 0.279816
v -0.255464 0.055273 0.249423
v -0.308739 0.078455 0.220854
v -0.337248 0.066375 0.227581
v -0.279776 0.086505 0.209556
v -0.495023 0.001059 0.082483
v -0.412679 0.091761 0.066323
v -0.454004 -0.253109 0.020764
v -0.432741 -0.266116 0.016499
v -0.455906 -0.288456 -0.043153
v -0.420960 -0.302656 -0.049330
v -0.529470 -0.313112 -0.004859
v -0.496949 -0.265206 0.041369
v -0.499466 -0.295331 -0.027873
v -0.480474 -0.255021 0.028435
v -0.475733 -0.271188 0.034637
v -0.490894 -0.313546 -0.021382
v -0.454961 -0.268897 0.025684
v -0.457175 -0.306197 -0.036614
v -0.539198 -0.343178 0.014006
v -0.518367 -0.324804 -0.005263
v -0.498638 -0.286162 0.051893
v -0.488463 -0.277262 0.042673
v -0.430290 -0.267808 0.017881
v -0.418347 -0.304282 -0.048033
v -0.543648 -0.339629 0.013245
v -0.543020 -0.341694 0.015813
v -0.503176 -0.282632 0.051245
v -0.502466 -0.284673 0.053779
v -0.432916 -0.271185 0.019379
v -0.420820 -0.307642 -0.046499
v -0.465433 -0.382006 -0.154202
v -0.460003 -0.345610 -0.097061
v -0.520687 -0.394492 -0.130209
v -0.506133 -0.355712 -0.077428
v -0.546356 -0.372690 -0.053337
v -0.577404 -0.399390 -0.024915
v -0.569662 -0.417526 -0.097662
v -0.609072 -0.450227 -0.060499
v -0.461643 -0.328314 -0.103735
v -0.411533 -0.339905 -0.113959
v -0.467425 -0.368744 -0.161073
v -0.407027 -0.376942 -0.173284
v -0.585579 -0.405883 -0.097929
v -0.559745 -0.360678 -0.052508
v -0.532086 -0.379130 -0.137520
v -0.517811 -0.337215 -0.083874
v -0.491497 -0.495972 -0.294173
v -0.482387 -0.453811 -0.257777
v -0.427843 -0.496217 -0.301148
v -0.415388 -0.456403 -0.268382
v -0.558145 -0.505959 -0.267584
v -0.622610 -0.534021 -0.226915
v -0.551388 -0.464008 -0.229911
v -0.617347 -0.494365 -0.186524
v -0.489671 -0.499824 -0.283746
v -0.480041 -0.460637 -0.247983
v -0.547943 -0.511074 -0.258853
v -0.540896 -0.473526 -0.220353
v -0.649105 -0.537907 -0.135096
v -0.655387 -0.570830 -0.171500
v -0.602396 -0.499260 -0.182215
v -0.608297 -0.535512 -0.219595
v -0.503512 -0.556443 -0.324872
v -0.555958 -0.564014 -0.305655
v -0.519036 -0.613474 -0.363503
v -0.562078 -0.619598 -0.348221
v -0.654147 -0.617942 -0.226440
v -0.646186 -0.663583 -0.280073
v -0.611137 -0.586683 -0.270707
v -0.608660 -0.638687 -0.317885
v -0.520870 -0.610096 -0.375812
v -0.505671 -0.552342 -0.336329
v -0.474170 -0.610788 -0.375948
v -0.449222 -0.552569 -0.340745
v -0.624127 -0.585696 -0.278152
v -0.567080 -0.560471 -0.312787
v -0.622347 -0.637991 -0.327387
v -0.574000 -0.617088 -0.357099
v -0.592325 -0.718896 -0.397613
v -0.602172 -0.680551 -0.357138
v -0.614444 -0.735671 -0.372728
v -0.631996 -0.700259 -0.326679
v -0.533704 -0.697351 -0.434617
v -0.528579 -0.654007 -0.406873
v -0.506095 -0.697108 -0.428793
v -0.489993 -0.651103 -0.400591
v -0.573803 -0.708268 -0.424062
v -0.601825 -0.721911 -0.408457
v -0.576493 -0.663780 -0.391563
v -0.614522 -0.681195 -0.368593
v -0.561952 -0.706477 -0.415005
v -0.534993 -0.700649 -0.422184
v -0.564610 -0.665454 -0.380933
v -0.528369 -0.656561 -0.392045
v -0.555029 -0.744163 -0.442080
v -0.534973 -0.739583 -0.446919
v -0.533385 -0.738133 -0.459072
v -0.513240 -0.736084 -0.452954
v -0.595236 -0.763982 -0.409605
v -0.579519 -0.752218 -0.430219
v -0.564551 -0.748120 -0.454763
v -0.587415 -0.757552 -0.442181
v -0.539364 -0.822939 -0.480846
v -0.510037 -0.856485 -0.512062
v -0.535462 -0.818525 -0.487312
v -0.527031 -0.818312 -0.492138
v -0.511980 -0.813424 -0.495781
v -0.511337 -0.857086 -0.518171
v -0.519435 -0.816789 -0.502750
v -0.530148 -0.824525 -0.504918
v -0.543708 -0.825021 -0.486246
v -0.539442 -0.824660 -0.496530
v -0.513648 -0.814641 -0.488914
v -0.520937 -0.813088 -0.492533
v -0.475064 -0.413224 -0.215722
v -0.408676 -0.417516 -0.228473
v -0.472209 -0.424077 -0.207146
v -0.532907 -0.436941 -0.180972
v -0.633825 -0.498714 -0.099834
v -0.589016 -0.462373 -0.143328
v -0.605118 -0.452930 -0.145299
v -0.544239 -0.424406 -0.189664
v -0.527611 -0.776838 -0.483485
v -0.513319 -0.772704 -0.475433
v -0.543191 -0.779340 -0.469027
v -0.529049 -0.775420 -0.471500
v -0.570411 -0.794297 -0.447691
v -0.558547 -0.786330 -0.460267
v -0.549786 -0.785647 -0.481638
v -0.565486 -0.792430 -0.472496
v -0.408652 -0.341407 -0.112831
v -0.403957 -0.378350 -0.172314
v -0.613424 -0.446941 -0.061865
v -0.613043 -0.449004 -0.059150
v -0.581766 -0.395915 -0.025956
v -0.581258 -0.397964 -0.023293
v -0.412237 -0.457770 -0.267489
v -0.424797 -0.497651 -0.300181
v -0.659642 -0.568316 -0.174047
v -0.659649 -0.570675 -0.171459
v -0.653418 -0.535084 -0.137179
v -0.653331 -0.537367 -0.134561
v -0.446311 -0.554012 -0.339591
v -0.471395 -0.612154 -0.374507
v -0.650427 -0.661974 -0.283583
v -0.650401 -0.664271 -0.280949
v -0.658383 -0.615869 -0.229492
v -0.658406 -0.618232 -0.226910
v -0.618650 -0.734964 -0.376987
v -0.618487 -0.737045 -0.374195
v -0.636255 -0.698987 -0.330467
v -0.636147 -0.701258 -0.327839
v -0.487438 -0.652432 -0.398841
v -0.503752 -0.698167 -0.426577
v -0.511041 -0.736754 -0.450257
v -0.599352 -0.763839 -0.414335
v -0.599131 -0.765706 -0.411320
v -0.509589 -0.858883 -0.516494
v -0.543257 -0.825771 -0.482768
v -0.510251 -0.813439 -0.492568
v -0.405509 -0.418879 -0.227593
v -0.638165 -0.495621 -0.101509
v -0.637953 -0.497834 -0.098872
v -0.511336 -0.773045 -0.472333
v -0.574540 -0.795211 -0.452871
v -0.574170 -0.796562 -0.449517
v -0.514450 -0.774394 -0.468934
v -0.513957 -0.738142 -0.446766
v -0.506401 -0.699242 -0.422780
v -0.489723 -0.653436 -0.394934
v -0.473403 -0.613232 -0.370590
v -0.448171 -0.555315 -0.335796
v -0.426606 -0.499340 -0.296654
v -0.414066 -0.459919 -0.264363
v -0.407416 -0.421562 -0.225036
v -0.405999 -0.381417 -0.170254
v -0.410875 -0.344685 -0.111123
v -0.455031 -0.296953 0.044124
v -0.502537 -0.357350 0.024259
v -0.442591 -0.300666 0.031049
v -0.478265 -0.372108 -0.009487
v -0.461259 -0.294404 0.060277
v -0.460018 -0.299224 0.072042
v -0.521836 -0.358965 0.050283
v -0.529202 -0.366822 0.081164
v -0.446540 -0.292275 0.023172
v -0.429314 -0.309026 0.016409
v -0.485609 -0.358210 -0.025373
v -0.451260 -0.386854 -0.038792
v -0.535893 -0.348744 0.052501
v -0.470486 -0.283724 0.059534
v -0.519259 -0.345221 0.011268
v -0.464517 -0.280896 0.040223
v -0.608449 -0.487848 -0.046900
v -0.641231 -0.486023 0.018937
v -0.567831 -0.415372 -0.017926
v -0.594464 -0.417342 0.037999
v -0.577562 -0.428246 0.036875
v -0.595649 -0.435181 0.087441
v -0.621491 -0.494180 0.019313
v -0.644135 -0.499101 0.080943
v -0.543963 -0.509923 -0.084449
v -0.513475 -0.444441 -0.052812
v -0.586979 -0.498705 -0.036555
v -0.548728 -0.430724 -0.008994
v -0.522361 -0.434115 -0.064704
v -0.475491 -0.464101 -0.090619
v -0.555150 -0.503432 -0.097226
v -0.497215 -0.527983 -0.124962
v -0.424759 -0.310156 0.016576
v -0.446589 -0.388031 -0.038775
v -0.535165 -0.363079 0.081579
v -0.532655 -0.363674 0.084810
v -0.466218 -0.295312 0.073303
v -0.463482 -0.295988 0.076103
v -0.650058 -0.496289 0.079787
v -0.648498 -0.496755 0.083757
v -0.601479 -0.431979 0.086668
v -0.599486 -0.432416 0.090503
v -0.470645 -0.465292 -0.090859
v -0.492368 -0.529156 -0.125327
v -0.472015 -0.466722 -0.086570
v -0.493491 -0.530253 -0.120813
v -0.448323 -0.389760 -0.034577
v -0.426656 -0.311939 0.020823
v -0.644378 -0.563051 -0.073170
v -0.683266 -0.557064 -0.001285
v -0.519988 -0.592368 -0.156117
v -0.585463 -0.573999 -0.126030
v -0.660903 -0.562447 0.000341
v -0.688163 -0.564670 0.068799
v -0.574062 -0.576449 -0.114024
v -0.622868 -0.568145 -0.062645
v -0.649000 -0.624948 -0.081868
v -0.674591 -0.681598 -0.100918
v -0.598242 -0.633459 -0.135662
v -0.623659 -0.690923 -0.153283
v -0.712926 -0.674830 -0.040697
v -0.687992 -0.618198 -0.018119
v -0.735765 -0.677060 0.027333
v -0.714585 -0.619136 0.051974
v -0.710472 -0.615603 -0.020376
v -0.670816 -0.622625 -0.092729
v -0.731882 -0.676208 -0.042284
v -0.694432 -0.683060 -0.110620
v -0.541946 -0.649143 -0.180053
v -0.568178 -0.705643 -0.197628
v -0.610290 -0.633303 -0.147166
v -0.635280 -0.693038 -0.163685
v -0.606505 -0.775583 -0.208844
v -0.666600 -0.765052 -0.179687
v -0.653148 -0.757566 -0.168857
v -0.697436 -0.743454 -0.123568
v -0.733714 -0.740662 -0.068339
v -0.757100 -0.744154 -0.006557
v -0.753372 -0.748950 -0.072634
v -0.718096 -0.758271 -0.135882
v -0.721386 -0.818925 -0.148387
v -0.737771 -0.877884 -0.170860
v -0.681358 -0.824735 -0.185474
v -0.698108 -0.876172 -0.198802
v -0.771250 -0.820751 -0.052028
v -0.779119 -0.894726 -0.100750
v -0.752709 -0.817093 -0.103570
v -0.765249 -0.884117 -0.138876
v -0.704670 -0.885362 -0.208661
v -0.693573 -0.836072 -0.193410
v -0.657537 -0.878631 -0.221520
v -0.638227 -0.835256 -0.216244
v -0.744785 -0.890378 -0.183404
v -0.774264 -0.893173 -0.145488
v -0.739332 -0.833766 -0.159623
v -0.770284 -0.826674 -0.108173
v -0.760821 -1.014560 -0.190750
v -0.736769 -1.055202 -0.224394
v -0.745547 -0.999094 -0.210875
v -0.725947 -1.043022 -0.238154
v -0.751841 -1.009066 -0.220789
v -0.728628 -0.999054 -0.239938
v -0.728867 -1.053624 -0.248025
v -0.711712 -1.046838 -0.261482
v -0.699440 -0.973884 -0.234168
v -0.722981 -0.985087 -0.224426
v -0.693607 -1.021793 -0.251711
v -0.710098 -1.031150 -0.246437
v -0.694088 -1.031444 -0.260267
v -0.701863 -0.982727 -0.242916
v -0.676933 -1.015788 -0.255503
v -0.675259 -0.966238 -0.240379
v -0.671392 -1.063059 -0.263796
v -0.681075 -1.071227 -0.269122
v -0.662834 -1.121239 -0.280818
v -0.688285 -1.082640 -0.268964
v -0.706138 -1.092096 -0.258562
v -0.700905 -1.091466 -0.268576
v -0.665309 -1.123593 -0.287791
v -0.691493 -1.086974 -0.274195
v -0.672644 -1.064590 -0.271282
v -0.681783 -1.076013 -0.274711
v -0.702314 -1.089129 -0.252203
v -0.696493 -1.085495 -0.259886
v -0.704938 -0.932771 -0.224716
v -0.668847 -0.916376 -0.227994
v -0.734468 -0.935038 -0.199269
v -0.702186 -0.923830 -0.215198
v -0.775298 -0.967422 -0.153897
v -0.758327 -0.950221 -0.179024
v -0.740035 -0.949025 -0.213741
v -0.767284 -0.959751 -0.188520
v -0.694241 -0.562236 0.067455
v -0.692810 -0.562880 0.071454
v -0.515153 -0.593533 -0.156477
v -0.537180 -0.650465 -0.180513
v -0.563477 -0.707221 -0.198167
v -0.742174 -0.675366 0.025709
v -0.741017 -0.676429 0.029537
v -0.720883 -0.617144 0.050476
v -0.719611 -0.618006 0.054401
v -0.601851 -0.777237 -0.209315
v -0.763557 -0.742804 -0.008431
v -0.762445 -0.744036 -0.004638
v -0.633436 -0.836460 -0.216337
v -0.652699 -0.879168 -0.221183
v -0.785297 -0.894336 -0.103744
v -0.784600 -0.895691 -0.099850
v -0.777692 -0.819902 -0.054332
v -0.776733 -0.821200 -0.050544
v -0.741005 -1.057078 -0.230212
v -0.741182 -1.058309 -0.225797
v -0.765662 -1.015291 -0.195752
v -0.765735 -1.016866 -0.191607
v -0.670581 -0.965705 -0.238920
v -0.672510 -1.014783 -0.253320
v -0.668584 -1.063116 -0.268998
v -0.661919 -1.124635 -0.285203
v -0.706531 -1.093051 -0.254286
v -0.664056 -0.916339 -0.227069
v -0.780822 -0.967522 -0.157915
v -0.780583 -0.969025 -0.153890
v -0.675072 -1.014903 -0.248506
v -0.672618 -0.965881 -0.233931
v -0.665672 -0.916109 -0.221917
v -0.653722 -0.878460 -0.215925
v -0.633992 -0.835493 -0.211185
v -0.602177 -0.776501 -0.204234
v -0.564029 -0.707045 -0.193191
v -0.538000 -0.650847 -0.175655
v -0.516172 -0.594318 -0.151798
v -0.456778 -0.229378 0.096720
v -0.463657 -0.222143 0.169099
v -0.436120 -0.237208 0.109026
v -0.429501 -0.229581 0.184560
v -0.535009 -0.265719 0.146832
v -0.506239 -0.237388 0.157585
v -0.498501 -0.251934 0.083850
v -0.482714 -0.235862 0.089758
v -0.477907 -0.252584 0.094181
v -0.457733 -0.245178 0.101599
v -0.497634 -0.255880 0.163189
v -0.464856 -0.240476 0.173741
v -0.544084 -0.301373 0.147812
v -0.499921 -0.275186 0.087024
v -0.524203 -0.274874 0.154548
v -0.490198 -0.262414 0.090199
v -0.433618 -0.239335 0.109018
v -0.426842 -0.231602 0.184596
v -0.548501 -0.298114 0.146122
v -0.504417 -0.272009 0.085247
v -0.547747 -0.301259 0.145233
v -0.503583 -0.275113 0.084377
v -0.429277 -0.235289 0.185084
v -0.436209 -0.243018 0.109535
v -0.482484 -0.236128 0.312710
v -0.536268 -0.261186 0.296465
v -0.472514 -0.238576 0.245525
v -0.517436 -0.259004 0.232105
v -0.556313 -0.287500 0.219334
v -0.583439 -0.299651 0.279621
v -0.585952 -0.326261 0.209147
v -0.620963 -0.348492 0.265125
v -0.474234 -0.220591 0.241054
v -0.484652 -0.221357 0.310670
v -0.425166 -0.223269 0.259357
v -0.425382 -0.219901 0.329358
v -0.599094 -0.290255 0.272162
v -0.547806 -0.244633 0.292967
v -0.569366 -0.278371 0.210934
v -0.529131 -0.240370 0.226098
v -0.441693 -0.231347 0.451957
v -0.507771 -0.236637 0.437335
v -0.457122 -0.245716 0.500633
v -0.520154 -0.250802 0.490545
v -0.638510 -0.313302 0.393003
v -0.647268 -0.323057 0.448319
v -0.574965 -0.262300 0.415700
v -0.585080 -0.275517 0.469993
v -0.517718 -0.259861 0.484307
v -0.574428 -0.284477 0.466420
v -0.504922 -0.247770 0.433342
v -0.564060 -0.275344 0.413972
v -0.632534 -0.328149 0.444116
v -0.677047 -0.385516 0.421634
v -0.623410 -0.319468 0.393247
v -0.667677 -0.379012 0.373483
v -0.596722 -0.323200 0.600463
v -0.586633 -0.301567 0.534364
v -0.554673 -0.308581 0.612372
v -0.535435 -0.283324 0.549301
v -0.641571 -0.357114 0.583348
v -0.677010 -0.399867 0.564007
v -0.639827 -0.341226 0.514931
v -0.680440 -0.392995 0.493551
v -0.482252 -0.269987 0.563721
v -0.538265 -0.273482 0.556220
v -0.510687 -0.298364 0.624030
v -0.557251 -0.298843 0.620421
v -0.609153 -0.316336 0.605522
v -0.598129 -0.294829 0.537458
v -0.655842 -0.351423 0.589833
v -0.653260 -0.336451 0.519611
v -0.666713 -0.403233 0.624017
v -0.638577 -0.369087 0.639768
v -0.653000 -0.405806 0.683075
v -0.632240 -0.377402 0.695411
v -0.528947 -0.317834 0.666106
v -0.567917 -0.317452 0.670344
v -0.547839 -0.339965 0.714319
v -0.575773 -0.337427 0.717397
v -0.651672 -0.363361 0.648705
v -0.642500 -0.373913 0.705386
v -0.614900 -0.335189 0.660164
v -0.615300 -0.353239 0.712285
v -0.566774 -0.327979 0.659653
v -0.576301 -0.347235 0.708992
v -0.602374 -0.342362 0.653190
v -0.602839 -0.356669 0.704628
v -0.598515 -0.372122 0.748716
v -0.578734 -0.365188 0.751412
v -0.557382 -0.358427 0.755815
v -0.577927 -0.357052 0.760658
v -0.622324 -0.385998 0.741944
v -0.636878 -0.407720 0.730686
v -0.631107 -0.383747 0.754260
v -0.608939 -0.368362 0.760732
v -0.587099 -0.414537 0.826334
v -0.583545 -0.407148 0.829385
v -0.560615 -0.423764 0.872953
v -0.575451 -0.404055 0.833782
v -0.560577 -0.397651 0.834989
v -0.568547 -0.396611 0.842122
v -0.562330 -0.420812 0.878217
v -0.579539 -0.401962 0.847586
v -0.591835 -0.413268 0.831657
v -0.588256 -0.407035 0.840167
v -0.561810 -0.402591 0.829940
v -0.569290 -0.399408 0.831540
v -0.496828 -0.227021 0.380262
v -0.431537 -0.221921 0.397570
v -0.493635 -0.240762 0.379592
v -0.552714 -0.267484 0.361411
v -0.606713 -0.310967 0.341278
v -0.649277 -0.366514 0.323302
v -0.622710 -0.302416 0.336454
v -0.564336 -0.252469 0.360658
v -0.559715 -0.375762 0.795063
v -0.574593 -0.374881 0.803066
v -0.589226 -0.385482 0.791599
v -0.575202 -0.380559 0.792338
v -0.615273 -0.410478 0.780801
v -0.604108 -0.396530 0.787371
v -0.611970 -0.394738 0.800404
v -0.596775 -0.383635 0.805087
v -0.422248 -0.225086 0.259478
v -0.422284 -0.221547 0.329567
v -0.625327 -0.345103 0.264088
v -0.590300 -0.322903 0.207735
v -0.624809 -0.348336 0.263060
v -0.589659 -0.326091 0.206751
v -0.454049 -0.247382 0.500858
v -0.438519 -0.232914 0.452212
v -0.681409 -0.382090 0.422010
v -0.672059 -0.375595 0.373299
v -0.681292 -0.385501 0.421230
v -0.671846 -0.378959 0.372457
v -0.507851 -0.300250 0.623809
v -0.479300 -0.271768 0.563789
v -0.681441 -0.396636 0.565687
v -0.684825 -0.389642 0.494594
v -0.681288 -0.400022 0.564837
v -0.684726 -0.393055 0.493818
v -0.657464 -0.402890 0.685886
v -0.671187 -0.400121 0.626116
v -0.657160 -0.406185 0.684791
v -0.670952 -0.403481 0.625260
v -0.545376 -0.342048 0.713259
v -0.526309 -0.319869 0.665597
v -0.555023 -0.360466 0.754131
v -0.641294 -0.404999 0.734209
v -0.640912 -0.408243 0.732814
v -0.560513 -0.423207 0.877980
v -0.591170 -0.415853 0.829262
v -0.558639 -0.399454 0.832479
v -0.428348 -0.223477 0.397834
v -0.653653 -0.363108 0.322628
v -0.653313 -0.366423 0.321738
v -0.557538 -0.377764 0.792847
v -0.619756 -0.408371 0.785293
v -0.619191 -0.411381 0.783336
v -0.560446 -0.380871 0.790621
v -0.557728 -0.363653 0.751865
v -0.547789 -0.345145 0.710581
v -0.528349 -0.322963 0.662813
v -0.509616 -0.303405 0.621077
v -0.480930 -0.275037 0.561294
v -0.455655 -0.250813 0.498807
v -0.440180 -0.236497 0.450749
v -0.430136 -0.227177 0.397136
v -0.424249 -0.225283 0.329486
v -0.424420 -0.228799 0.259793
v -0.457160 -0.278737 0.102428
v -0.445696 -0.274098 0.116086
v -0.507125 -0.318096 0.149900
v -0.485461 -0.310541 0.187574
v -0.462246 -0.285955 0.087320
v -0.524681 -0.334622 0.128198
v -0.460327 -0.296582 0.080497
v -0.530141 -0.358795 0.106856
v -0.449985 -0.262800 0.117511
v -0.493554 -0.290231 0.192208
v -0.433598 -0.272373 0.133726
v -0.460776 -0.305443 0.221782
v -0.538345 -0.327769 0.119634
v -0.524419 -0.301082 0.152544
v -0.471279 -0.276941 0.081244
v -0.466549 -0.263511 0.095866
v -0.599162 -0.377151 0.166636
v -0.648508 -0.423764 0.218210
v -0.576269 -0.343180 0.213141
v -0.620219 -0.387150 0.275408
v -0.582602 -0.385129 0.174881
v -0.628960 -0.430276 0.223851
v -0.597429 -0.419959 0.136163
v -0.647555 -0.469836 0.174612
v -0.558843 -0.382613 0.323033
v -0.598339 -0.401514 0.274526
v -0.524967 -0.346120 0.261886
v -0.556937 -0.360487 0.215816
v -0.515276 -0.373459 0.369626
v -0.489997 -0.340001 0.306588
v -0.570717 -0.370242 0.329074
v -0.534407 -0.331051 0.265174
v -0.456139 -0.306323 0.222747
v -0.429066 -0.273302 0.134534
v -0.535984 -0.356077 0.103991
v -0.466347 -0.294211 0.076827
v -0.533277 -0.358351 0.101848
v -0.463445 -0.296302 0.075098
v -0.653482 -0.466989 0.173568
v -0.603229 -0.417007 0.134588
v -0.651672 -0.469597 0.170682
v -0.600995 -0.419506 0.131825
v -0.510490 -0.374115 0.370914
v -0.485202 -0.340743 0.307784
v -0.511333 -0.377607 0.367762
v -0.486314 -0.344387 0.304989
v -0.457626 -0.310169 0.220173
v -0.430714 -0.277222 0.131940
v -0.693260 -0.471559 0.272391
v -0.659368 -0.434801 0.337320
v -0.541401 -0.409164 0.430267
v -0.604336 -0.412525 0.390801
v -0.670955 -0.476446 0.275605
v -0.693645 -0.517766 0.218926
v -0.592217 -0.421129 0.383108
v -0.637316 -0.444528 0.333016
v -0.665843 -0.480853 0.379339
v -0.618959 -0.456211 0.431659
v -0.693813 -0.517139 0.425469
v -0.646678 -0.493975 0.477092
v -0.722253 -0.553537 0.261935
v -0.700362 -0.512359 0.320640
v -0.746221 -0.587600 0.313667
v -0.727912 -0.546611 0.369696
v -0.714281 -0.513236 0.432936
v -0.688279 -0.473220 0.385473
v -0.746956 -0.547234 0.370521
v -0.722884 -0.509409 0.319521
v -0.566076 -0.442699 0.480716
v -0.631739 -0.449791 0.440202
v -0.594585 -0.479713 0.525508
v -0.659007 -0.490041 0.486050
v -0.692809 -0.540813 0.538037
v -0.635017 -0.531647 0.571925
v -0.678515 -0.540536 0.525795
v -0.719392 -0.555601 0.477693
v -0.771150 -0.623948 0.378186
v -0.751854 -0.585462 0.428411
v -0.741129 -0.561213 0.494842
v -0.771921 -0.590244 0.435339
v -0.746501 -0.604051 0.539364
v -0.709155 -0.586909 0.575736
v -0.765564 -0.640098 0.590225
v -0.727818 -0.621979 0.614798
v -0.790979 -0.663980 0.565719
v -0.802502 -0.694670 0.539569
v -0.774731 -0.628677 0.499494
v -0.789878 -0.661377 0.458082
v -0.668392 -0.577170 0.609814
v -0.722103 -0.591974 0.587877
v -0.688907 -0.610240 0.637520
v -0.735211 -0.624066 0.627671
v -0.792768 -0.634303 0.507548
v -0.800600 -0.667855 0.575691
v -0.765458 -0.610239 0.555823
v -0.773653 -0.643386 0.607149
v -0.761670 -0.737391 0.740085
v -0.771804 -0.755455 0.735009
v -0.778497 -0.717184 0.691438
v -0.792717 -0.741663 0.682716
v -0.749099 -0.726969 0.762328
v -0.763549 -0.700275 0.716369
v -0.765458 -0.740557 0.754013
v -0.785641 -0.719878 0.704819
v -0.746163 -0.722589 0.741179
v -0.756595 -0.697492 0.696084
v -0.729869 -0.711553 0.741280
v -0.733526 -0.682251 0.699267
v -0.709658 -0.671930 0.701618
v -0.736709 -0.684599 0.711307
v -0.713362 -0.704113 0.742082
v -0.731117 -0.714634 0.753750
v -0.709367 -0.738156 0.776128
v -0.703170 -0.776143 0.823735
v -0.719550 -0.742045 0.784496
v -0.726969 -0.751670 0.790377
v -0.744284 -0.765731 0.786038
v -0.706151 -0.774166 0.830626
v -0.739716 -0.759411 0.794239
v -0.730607 -0.752327 0.796917
v -0.711146 -0.735184 0.783053
v -0.720727 -0.742817 0.791753
v -0.739985 -0.766828 0.779391
v -0.734614 -0.759351 0.784011
v -0.701403 -0.637835 0.663538
v -0.737530 -0.653930 0.667775
v -0.765343 -0.670876 0.646236
v -0.733966 -0.651932 0.655069
v -0.803732 -0.724154 0.624735
v -0.788114 -0.695369 0.636684
v -0.797878 -0.697993 0.649294
v -0.772150 -0.674266 0.665685
v -0.699748 -0.515126 0.218240
v -0.698067 -0.517899 0.215423
v -0.536627 -0.409817 0.431545
v -0.589964 -0.480606 0.527159
v -0.561379 -0.443426 0.482161
v -0.752687 -0.585417 0.313609
v -0.728593 -0.551179 0.261613
v -0.751301 -0.588443 0.311152
v -0.727081 -0.554093 0.258968
v -0.630440 -0.532642 0.573561
v -0.777687 -0.621906 0.378525
v -0.776351 -0.625054 0.376190
v -0.684070 -0.610773 0.637871
v -0.663645 -0.578008 0.610894
v -0.808855 -0.692776 0.541392
v -0.796440 -0.659503 0.459059
v -0.807930 -0.696090 0.539016
v -0.795258 -0.662704 0.456755
v -0.776455 -0.753778 0.740565
v -0.797894 -0.739520 0.686911
v -0.776363 -0.757304 0.737633
v -0.797724 -0.743174 0.684403
v -0.708784 -0.704436 0.740015
v -0.704883 -0.672224 0.700431
v -0.702618 -0.776424 0.829323
v -0.706912 -0.735186 0.780612
v -0.744411 -0.768956 0.783049
v -0.696562 -0.638230 0.663077
v -0.809510 -0.722066 0.627719
v -0.809036 -0.725586 0.625289
v -0.711022 -0.707324 0.735965
v -0.706587 -0.675247 0.696305
v -0.697826 -0.641004 0.658615
v -0.684726 -0.613203 0.633089
v -0.663836 -0.580153 0.606083
v -0.630412 -0.534932 0.568955
v -0.590180 -0.483303 0.522943
v -0.561882 -0.446519 0.478340
v -0.537348 -0.413144 0.428088
v -0.632010 -0.356837 0.018388
v -0.676262 -0.390734 0.020968
v -0.618048 -0.391432 -0.034254
v -0.659670 -0.427198 -0.035157
v -0.664304 -0.422476 -0.038880
v -0.699917 -0.364730 0.005698
v -0.622226 -0.386464 -0.038173
v -0.653404 -0.328240 0.000908
v -0.727563 -0.471044 -0.026596
v -0.788239 -0.516464 -0.005678
v -0.764102 -0.418584 0.020652
v -0.822121 -0.473753 0.042500
v -0.800300 -0.490764 0.049183
v -0.782967 -0.520937 -0.002536
v -0.740511 -0.440787 0.031878
v -0.722617 -0.475666 -0.023163
v -0.891101 -0.580243 0.090563
v -0.875466 -0.604371 0.045449
v -0.848709 -0.535353 0.068605
v -0.832303 -0.562714 0.019158
v -0.837981 -0.558583 0.016230
v -0.881539 -0.600667 0.042672
v -0.868169 -0.521351 0.062148
v -0.909312 -0.569922 0.083842
v -0.910462 -0.642674 0.067603
v -0.924636 -0.621592 0.109492
v -0.942128 -0.613604 0.102751
v -0.916780 -0.639278 0.064919
v -0.661187 -0.426103 -0.039768
v -0.618951 -0.389972 -0.038924
v -0.785370 -0.520283 -0.006800
v -0.724675 -0.474841 -0.027605
v -0.878379 -0.604186 0.041413
v -0.834991 -0.562303 0.015039
v -0.913442 -0.642634 0.063612
v -0.920058 -0.545954 0.136974
v -0.952338 -0.593226 0.150565
v -0.881151 -0.492315 0.121637
v -0.837994 -0.441501 0.107337
v -0.780433 -0.379667 0.090120
v -0.718617 -0.321986 0.074356
v -0.671908 -0.286383 0.064938
v -0.641075 -0.327580 0.078935
v -0.686185 -0.360585 0.087600
v -0.750071 -0.411583 0.101200
v -0.808591 -0.465010 0.115755
v -0.855407 -0.513006 0.129041
v -0.897939 -0.560819 0.142426
v -0.931767 -0.604419 0.154813
v -0.636663 -0.317024 0.145818
v -0.626952 -0.315251 0.209578
v -0.681340 -0.347285 0.160035
v -0.669276 -0.345014 0.227890
v -0.674048 -0.339111 0.227949
v -0.631278 -0.309024 0.209690
v -0.705413 -0.317710 0.156197
v -0.658574 -0.284012 0.142468
v -0.827139 -0.430827 0.179891
v -0.797427 -0.437854 0.245930
v -0.769566 -0.371832 0.170292
v -0.737345 -0.387349 0.241288
v -0.732279 -0.392999 0.241431
v -0.792052 -0.443209 0.246248
v -0.745748 -0.395984 0.175280
v -0.805280 -0.448164 0.185534
v -0.840694 -0.490924 0.248936
v -0.882869 -0.541026 0.248197
v -0.853206 -0.496880 0.191746
v -0.894968 -0.547162 0.196449
v -0.913367 -0.535230 0.194881
v -0.889035 -0.536527 0.247965
v -0.872757 -0.482098 0.187785
v -0.846467 -0.485980 0.248611
v -0.928022 -0.592624 0.202211
v -0.917104 -0.585849 0.249486
v -0.923515 -0.581660 0.249335
v -0.945753 -0.582585 0.202033
v -0.671073 -0.341524 0.230947
v -0.628134 -0.311413 0.212518
v -0.794719 -0.440297 0.249213
v -0.734611 -0.389838 0.244467
v -0.886041 -0.538640 0.251208
v -0.843641 -0.488300 0.251902
v -0.920341 -0.583608 0.252538
v -0.580063 -0.348813 -0.030342
v -0.605629 -0.294586 0.002030
v -0.536074 -0.304852 -0.018814
v -0.555052 -0.261512 0.007405
v -0.576257 -0.354144 -0.026532
v -0.532294 -0.310638 -0.015825
v -0.589857 -0.319734 0.018421
v -0.542857 -0.282911 0.020127
v -0.533660 -0.308716 -0.020012
v -0.577762 -0.352533 -0.031114
v -0.622179 -0.255502 0.057106
v -0.568137 -0.231067 0.051445
v -0.596519 -0.294592 0.070256
v -0.546905 -0.264575 0.062689
v -0.587914 -0.281639 0.184662
v -0.542353 -0.251129 0.153138
v -0.610141 -0.255983 0.125587
v -0.558643 -0.230791 0.105736
v -0.583975 -0.288110 0.184823
v -0.593841 -0.285655 0.127495
v -0.538504 -0.257508 0.154228
v -0.546076 -0.255368 0.108282
v -0.585748 -0.284211 0.187563
v -0.540104 -0.253576 0.156477
v -0.943329 -0.682423 0.091503
v -0.957132 -0.664284 0.127930
v -0.973165 -0.658541 0.122467
v -0.949902 -0.679413 0.088913
v -0.975879 -0.714306 0.112072
v -0.996901 -0.699337 0.141632
v -0.982828 -0.701470 0.145026
v -0.969009 -0.716157 0.114259
v -0.946699 -0.681998 0.087392
v -0.972642 -0.716204 0.110343
v -0.982528 -0.641593 0.164574
v -1.005883 -0.687259 0.177988
v -0.963538 -0.649658 0.167787
v -0.987783 -0.690211 0.179571
v -0.960100 -0.638891 0.209208
v -0.949128 -0.632808 0.250306
v -0.955795 -0.628996 0.250282
v -0.976338 -0.631394 0.209356
v -0.999590 -0.676333 0.215262
v -0.980894 -0.671398 0.249407
v -0.973934 -0.674022 0.249123
v -0.985370 -0.679725 0.214627
v -0.952754 -0.630191 0.253212
v -0.977820 -0.671909 0.252119
v -1.002163 -0.740641 0.162730
v -0.990609 -0.747683 0.135055
v -0.997475 -0.748921 0.133899
v -1.016902 -0.743885 0.160420
v -0.977817 -0.762350 0.147830
v -0.987051 -0.761022 0.173724
v -0.960694 -0.776999 0.160829
v -0.967433 -0.778363 0.183679
v -0.983998 -0.767504 0.147810
v -0.965639 -0.783252 0.160873
v -0.999792 -0.770933 0.173277
v -0.976812 -0.792273 0.183936
v -0.913336 -0.801505 0.201764
v -0.910339 -0.796181 0.187327
v -0.942275 -0.792489 0.192775
v -0.937284 -0.788215 0.173642
v -0.916915 -0.814708 0.201809
v -0.947998 -0.805610 0.193064
v -0.912731 -0.803663 0.187267
v -0.940831 -0.795290 0.173701
v -0.876212 -0.809780 0.204651
v -0.839175 -0.813244 0.223437
v -0.877930 -0.815715 0.212444
v -0.875021 -0.814784 0.222609
v -0.874659 -0.802122 0.204772
v -0.875584 -0.805048 0.211630
v -0.837833 -0.806251 0.221301
v -0.869637 -0.803858 0.219392
v -0.993367 -0.749172 0.131651
v -0.962757 -0.780865 0.157958
v -0.980568 -0.765522 0.144911
v -0.911203 -0.800241 0.184430
v -0.938494 -0.792158 0.170797
v -0.875222 -0.806550 0.201831
v -0.835566 -0.810038 0.222567
v -0.919016 -0.812980 0.220439
v -0.950659 -0.803034 0.216176
v -0.980246 -0.788609 0.210589
v -1.005439 -0.764177 0.202036
v -1.023161 -0.734883 0.192236
v -1.007775 -0.732388 0.192018
v -0.993200 -0.756508 0.200086
v -0.972018 -0.776166 0.207002
v -0.945379 -0.791342 0.212716
v -0.915627 -0.801693 0.217036
v -0.994754 -0.712220 0.248561
v -1.004294 -0.722405 0.221098
v -1.019219 -0.724065 0.223858
v -1.001706 -0.712723 0.249758
v -0.969039 -0.764616 0.227678
v -0.988912 -0.745102 0.224677
v -0.963808 -0.750362 0.246087
v -0.981448 -0.731280 0.247277
v -0.978668 -0.776396 0.234754
v -0.968867 -0.755631 0.249277
v -1.001857 -0.753263 0.229832
v -0.987723 -0.735636 0.249813
v -0.939835 -0.766385 0.243514
v -0.912212 -0.780158 0.238613
v -0.943631 -0.780882 0.229925
v -0.914353 -0.792807 0.229604
v -0.943517 -0.772310 0.247252
v -0.949594 -0.791955 0.236768
v -0.914757 -0.786325 0.242758
v -0.918194 -0.803764 0.236836
v -0.877299 -0.800482 0.234409
v -0.878618 -0.809830 0.231281
v -0.875582 -0.794222 0.230058
v -0.876110 -0.800547 0.226038
v -0.997762 -0.711566 0.252016
v -0.966136 -0.751951 0.250501
v -0.984453 -0.732286 0.251291
v -0.913350 -0.781867 0.243240
v -0.941313 -0.768035 0.248008
v -0.876432 -0.796202 0.234950
v -0.492193 -0.259967 -0.004325
v -0.503143 -0.231164 0.015141
v -0.488375 -0.266042 -0.001974
v -0.495067 -0.247358 0.024462
v -0.487701 -0.262469 -0.004901
v -0.510069 -0.212928 0.047899
v -0.497358 -0.235722 0.055484
v -0.496684 -0.221545 0.118652
v -0.505715 -0.209154 0.085587
v -0.497376 -0.227604 0.087689
v -0.492845 -0.227798 0.120433
v -0.492293 -0.223182 0.120846
v -0.436795 0.005103 -0.126219
v -0.464945 -0.023693 -0.115098
v -0.444017 0.066895 0.071559
v -0.471958 0.036307 0.076943
vn 0.0279 -0.9417 0.3353
vn -0.0415 -0.9843 -0.1713
vn -0.3706 -0.8800 0.2970
vn -0.4620 -0.8843 -0.0672
vn -0.2015 -0.7174 -0.6669
vn -0.4767 -0.8738 0.0959
vn -0.5138 -0.2629 -0.8166
vn -0.7118 -0.4913 -0.5020
vn -0.4217 -0.8638 0.2757
vn -0.5223 -0.7051 -0.4796
vn -0.8589 0.0116 -0.5120
vn -0.2620 -0.9116 0.3167
vn -0.5789 -0.7810 -0.2346
vn -0.9573 0.2518 -0.1420
vn -0.9444 -0.3250 0.0490
vn -0.9009 -0.4049 -0.1565
vn -0.2868 -0.9524 0.1030
vn -0.5101 -0.8576 -0.0659
vn -0.6029 -0.6742 -0.4265
vn -0.8614 0.3255 0.3899
vn -0.8527 -0.5220 -0.0204
vn 0.1237 -0.9337 0.3360
vn -0.2844 -0.9361 -0.2068
vn -0.8107 -0.5191 -0.2709
vn -0.6854 -0.5877 -0.4300
vn -0.9090 -0.1924 0.3697
vn -0.8421 -0.5369 -0.0505
vn -0.8214 -0.5478 -0.1590
vn 0.1199 -0.9925 0.0229
vn -0.3771 -0.8093 -0.4503
vn -0.5470 -0.6331 -0.5477
vn -0.4714 0.2139 0.8556
vn -0.5651 0.0183 0.8248
vn -0.8717 -0.4785 0.1061
vn -0.8462 -0.5297 -0.0583
vn -0.6908 -0.6220 -0.3687
vn -0.6163 -0.6389 -0.4604
vn 0.5462 -0.7815 0.3016
vn -0.4692 -0.6821 -0.5608
vn 0.0706 -0.9419 -0.3285
vn -0.3209 -0.2008 0.9256
vn -0.7436 -0.2522 0.6192
vn -0.8698 -0.4153 0.2664
vn -0.8702 -0.4786 0.1173
vn -0.7204 -0.5851 -0.3723
vn -0.2231 -0.5890 -0.7767
vn 0.5264 -0.8497 -0.0305
vn -0.1383 -0.6441 -0.7523
vn -0.1419 -0.1143 0.9833
vn -0.4426 -0.1841 0.8776
vn -0.5519 -0.1243 0.8246
vn -0.7938 -0.3343 0.5082
vn -0.8528 -0.4098 0.3238
vn -0.8688 -0.4818 0.1140
vn -0.2632 -0.5762 -0.7738
vn -0.1891 -0.6069 -0.7720
vn -0.0438 -0.7929 -0.6078
vn 0.4469 -0.8030 -0.3943
vn 0.0741 -0.6460 0.7597
vn -0.2903 -0.6405 0.7109
vn -0.4221 -0.1919 0.8860
vn -0.5122 -0.1912 0.8373
vn -0.5891 -0.2296 0.7748
vn -0.6910 -0.2764 0.6680
vn -0.8422 -0.4246 0.3322
vn -0.8653 -0.4962 -0.0711
vn -0.3952 -0.4127 -0.8207
vn -0.3071 -0.5128 -0.8017
vn 0.2514 -0.3052 -0.9185
vn 0.2507 -0.3453 -0.9044
vn 0.2497 -0.3825 -0.8896
vn 0.2482 -0.4518 -0.8569
vn 0.3268 -0.6411 -0.6944
vn -0.4127 -0.4384 0.7984
vn -0.1741 -0.1076 0.9788
vn -0.3033 -0.0223 0.9526
vn -0.7100 -0.2787 0.6467
vn -0.7699 -0.5195 -0.3706
vn -0.8872 -0.4498 0.1025
vn 0.2309 -0.2144 -0.9490
vn -0.3573 -0.3665 0.8591
vn -0.2153 -0.0664 0.9743
vn -0.2687 -0.0272 0.9628
vn -0.3352 0.0105 0.9421
vn -0.7502 -0.2425 0.6152
vn -0.4817 -0.2912 -0.8265
vn -0.8744 -0.3844 0.2961
vn -0.8162 -0.4476 -0.3653
vn 0.1477 -0.1212 -0.9816
vn -0.4023 -0.7657 0.5018
vn -0.2769 -0.5876 0.7603
vn -0.0923 -0.2604 0.9611
vn 0.1787 0.2441 0.9531
vn -0.3834 0.0848 0.9197
vn -0.9047 -0.3404 0.2561
vn -0.8903 -0.4489 -0.0770
vn -0.5549 -0.1221 -0.8229
vn 0.0559 0.0329 -0.9979
vn -0.3698 -0.6243 0.6881
vn 0.1999 0.1786 0.9634
vn 0.0110 -0.5242 0.8515
vn 0.1635 0.2664 0.9499
vn -0.4742 0.1797 0.8619
vn -0.8209 -0.1934 0.5374
vn -0.9087 -0.4044 0.1036
vn -0.8509 -0.3744 -0.3686
vn -0.0221 0.2143 -0.9765
vn -0.2628 -0.7841 0.5622
vn 0.2090 0.0979 0.9730
vn 0.1466 0.3194 0.9362
vn -0.5820 0.3390 0.7391
vn -0.8765 -0.1157 0.4673
vn -0.9139 -0.3965 -0.0868
vn -0.6470 0.1042 -0.7553
vn -0.1537 0.4517 -0.8788
vn 0.0845 -0.7750 0.6263
vn 0.2843 -0.0816 0.9553
vn 0.0894 0.3994 0.9124
vn 0.0108 0.5252 0.8509
vn -0.0405 0.7138 0.6992
vn -0.9284 -0.2954 0.2252
vn -0.9356 -0.3420 0.0876
vn -0.8752 -0.2748 -0.3982
vn -0.2261 0.7503 -0.6213
vn 0.4008 -0.3468 0.8480
vn -0.1497 0.8751 0.4603
vn -0.9259 -0.0482 0.3746
vn -0.9776 -0.0791 0.1949
vn -0.9911 -0.1298 0.0304
vn -0.9680 -0.1728 -0.1817
vn -0.8051 0.3507 -0.4784
vn 0.4957 -0.6173 0.6110
vn -0.2556 0.9623 0.0929
vn -0.7103 0.4828 0.5123
vn -0.2689 0.9246 -0.2698
vn -0.8759 0.4620 -0.1394
vn -0.8376 0.5179 0.1740
vn 0.5682 -0.7847 0.2478
vn 0.5034 -0.8427 -0.1908
vn 0.5385 -0.8024 0.2572
vn 0.2750 -0.6464 -0.7117
vn 0.4467 -0.8668 -0.2215
vn -0.1314 -0.0769 -0.9883
vn 0.1916 -0.6283 -0.7540
vn 0.3711 -0.9027 -0.2178
vn 0.4759 -0.8328 0.2828
vn -0.1916 -0.0699 -0.9790
vn 0.3649 -0.8774 0.3114
vn -0.4546 0.4918 -0.7426
vn 0.0894 -0.6396 -0.7635
vn 0.2947 -0.9316 -0.2129
vn -0.5453 0.7901 -0.2799
vn -0.4999 0.4560 -0.7363
vn -0.2598 -0.1117 -0.9592
vn 0.0237 -0.6623 -0.7488
vn -0.5814 0.7698 -0.2634
vn -0.3189 -0.1489 -0.9360
vn -0.4129 0.8372 0.3587
vn -0.4480 0.8173 0.3623
vn -0.5573 0.4075 -0.7234
vn -0.1041 0.5366 0.8374
vn -0.1302 0.5560 0.8209
vn -0.6436 0.7246 -0.2463
vn 0.2568 0.0002 0.9665
vn 0.2091 0.0331 0.9773
vn -0.2103 0.4889 0.8466
vn -0.6000 0.3745 -0.7069
vn 0.4834 -0.5379 0.6907
vn -0.5502 0.7389 0.3889
vn 0.1208 0.0113 0.9926
vn 0.5137 -0.5390 0.6675
vn -0.6999 0.6733 -0.2385
vn 0.4128 -0.5687 0.7114
vn 0.0165 -0.0292 0.9994
vn -0.6590 0.6419 0.3920
vn 0.3055 -0.6016 0.7381
vn -0.3579 0.3396 0.8698
vn 0.0306 -0.9645 0.2624
vn -0.3683 -0.9003 0.2322
vn -0.0732 -0.7129 0.6974
vn -0.4837 -0.6986 0.5272
vn -0.4203 -0.8759 0.2370
vn -0.4873 -0.7830 0.3865
vn -0.2602 -0.2150 0.9413
vn -0.2592 -0.9352 0.2413
vn -0.5676 -0.3180 0.7594
vn 0.1263 -0.9563 0.2637
vn -0.2990 -0.8478 0.4380
vn -0.6093 -0.5209 0.5979
vn -0.7536 -0.1333 0.6437
vn 0.1005 -0.8267 0.5536
vn -0.5310 -0.6784 0.5078
vn -0.5723 0.2374 0.7850
vn -0.6438 -0.3245 0.6930
vn 0.5487 -0.8028 0.2334
vn -0.3169 -0.6582 0.6829
vn -0.8906 0.2828 0.3561
vn -0.5195 -0.2518 0.8165
vn -0.7245 -0.2530 0.6412
vn 0.5055 -0.6705 0.5431
vn -0.4230 -0.4173 0.8043
vn -0.9456 -0.3148 0.0819
vn -0.9592 0.2680 -0.0904
vn 0.0290 -0.5863 0.8096
vn -0.5952 -0.2206 0.7727
vn -0.8375 -0.2896 0.4634
vn -0.9175 -0.2627 0.2987
vn -0.8266 0.0281 -0.5620
vn 0.4030 -0.4269 0.8096
vn -0.1005 -0.3073 0.9463
vn -0.2013 -0.1048 0.9739
vn -0.6586 -0.2764 0.6999
vn -0.8628 -0.4354 0.2569
vn -0.8863 -0.3873 -0.2541
vn 0.2665 -0.1255 0.9556
vn -0.2526 -0.0641 0.9655
vn -0.8413 -0.3771 0.3873
vn -0.5085 -0.4657 -0.7243
vn -0.4090 -0.3203 -0.8545
vn -0.8724 -0.4719 0.1271
vn 0.1812 0.1208 0.9760
vn -0.2864 -0.0473 0.9569
vn -0.7265 -0.3162 0.6101
vn -0.2628 -0.6981 -0.6660
vn -0.0785 -0.6560 -0.7506
vn -0.7059 -0.5750 -0.4137
vn -0.8586 -0.5110 -0.0401
vn -0.8546 -0.4303 0.2907
vn 0.1821 0.1965 0.9635
vn -0.2557 -0.9370 -0.2380
vn -0.7650 -0.5803 -0.2793
vn -0.5409 -0.6416 -0.5439
vn -0.3871 -0.6596 -0.6443
vn -0.8702 -0.4784 0.1181
vn -0.7556 -0.2845 0.5901
vn -0.8590 -0.4200 0.2927
vn 0.1828 0.2355 0.9545
vn 0.1110 -0.9617 -0.2507
vn -0.6506 -0.6214 -0.4364
vn -0.2046 -0.5754 -0.7918
vn -0.4592 -0.6440 -0.6118
vn -0.4983 -0.5826 -0.6421
vn -0.3678 -0.8230 -0.4328
vn -0.8691 -0.4791 0.1227
vn -0.8377 -0.5388 -0.0892
vn -0.3259 -0.0393 0.9446
vn -0.2397 -0.5663 -0.7886
vn -0.1514 -0.6130 -0.7754
vn -0.3662 -0.6704 -0.6454
vn -0.3070 -0.7973 -0.5198
vn -0.8782 -0.3856 0.2829
vn -0.8269 -0.5556 -0.0869
vn -0.3703 0.0278 0.9285
vn -0.4573 0.1190 0.8813
vn 0.1834 0.2765 0.9433
vn -0.6711 -0.6116 -0.4190
vn 0.2467 -0.3375 -0.9084
vn -0.1109 -0.6487 -0.7529
vn -0.2379 -0.9213 -0.3077
vn -0.8035 -0.2325 0.5481
vn -0.8876 -0.4466 0.1128
vn 0.1628 0.3681 0.9154
vn -0.3839 -0.9234 -0.0028
vn -0.7125 -0.5648 -0.4163
vn -0.2715 -0.5340 -0.8007
vn 0.2672 -0.3968 -0.8782
vn 0.2318 -0.3176 -0.9194
vn -0.3361 -0.9124 -0.2338
vn -0.0336 -0.7625 -0.6461
vn -0.5415 0.2205 0.8113
vn -0.8606 -0.5026 -0.0823
vn -0.8478 -0.1774 0.4998
vn -0.9025 -0.3439 0.2592
vn 0.0796 0.4615 0.8835
vn 0.2752 -0.4684 -0.8396
vn -0.3196 -0.4612 -0.8278
vn 0.2151 -0.2667 -0.9395
vn 0.0566 -0.9150 -0.3994
vn -0.2411 -0.9700 -0.0326
vn -0.8926 -0.4443 -0.0766
vn -0.6108 0.3560 0.7072
vn -0.9257 -0.2957 0.2359
vn -0.9080 -0.4103 0.0846
vn -0.0099 0.5956 0.8032
vn 0.3454 -0.6043 -0.7180
vn -0.7872 -0.4816 -0.3852
vn -0.4120 -0.3521 -0.8404
vn 0.1581 -0.1885 -0.9693
vn 0.1098 -0.9917 -0.0672
vn -0.8811 -0.1160 0.4586
vn -0.9346 -0.3505 0.0604
vn -0.0825 0.7310 0.6774
vn 0.4490 -0.7590 -0.4715
vn -0.9173 -0.3903 -0.0784
vn -0.8457 -0.3790 -0.3756
vn -0.5245 -0.1536 -0.8375
vn 0.0782 -0.0517 -0.9956
vn -0.9052 -0.0178 0.4246
vn -0.2024 0.8680 0.4535
vn 0.5222 -0.8447 -0.1171
vn -0.9639 -0.1962 -0.1798
vn -0.8998 -0.2719 -0.3413
vn 0.0209 0.1886 -0.9818
vn -0.6935 0.5017 0.5170
vn -0.9814 -0.0589 0.1829
vn -0.6645 0.0910 -0.7417
vn -0.1006 0.4548 -0.8849
vn -0.2513 0.9655 0.0678
vn -0.9893 -0.1446 -0.0170
vn -0.8132 0.3096 -0.4928
vn -0.2289 0.7332 -0.6404
vn -0.8276 0.5437 0.1394
vn -0.8734 0.4410 -0.2066
vn -0.2670 0.9082 -0.3224
vn 0.5670 -0.7744 0.2807
vn 0.5376 -0.7949 0.2812
vn 0.4720 -0.5741 0.6691
vn 0.4762 -0.8358 0.2733
vn 0.3370 -0.6108 0.7165
vn 0.4129 -0.5777 0.7042
vn 0.2136 -0.1212 0.9694
vn 0.3665 -0.8911 0.2678
vn 0.1280 -0.0840 0.9882
vn -0.1984 0.4960 0.8453
vn 0.2605 -0.6389 0.7238
vn -0.2576 0.4952 0.8297
vn 0.0252 -0.0900 0.9956
vn -0.4927 0.8172 0.2990
vn -0.0399 -0.1184 0.9922
vn -0.3252 0.4482 0.8327
vn -0.5382 0.7833 0.3113
vn -0.5462 0.7976 -0.2560
vn -0.5815 0.7707 -0.2604
vn -0.3834 0.4032 0.8309
vn -0.4059 0.4568 -0.7916
vn -0.5955 0.7349 0.3244
vn -0.3707 0.4759 -0.7976
vn -0.6434 0.7226 -0.2529
vn -0.6378 0.6975 0.3268
vn -0.0638 -0.0122 -0.9979
vn -0.7001 0.6747 -0.2338
vn -0.0371 -0.0370 -0.9986
vn -0.5077 0.3751 -0.7756
vn -0.1434 -0.0837 -0.9861
vn 0.2742 -0.5241 -0.8063
vn -0.6180 0.2913 -0.7302
vn -0.2922 -0.2227 -0.9301
vn 0.0823 -0.5919 -0.8018
vn 0.3204 -0.5441 -0.7755
vn 0.1867 -0.5526 -0.8122
vn 0.5169 -0.8250 -0.2283
vn 0.3413 -0.9081 -0.2428
vn 0.5457 -0.8121 -0.2066
vn 0.4472 -0.8637 -0.2325
vn 0.8211 -0.3205 0.4723
vn 0.7467 -0.0663 0.6619
vn 0.8637 -0.4600 0.2061
vn 0.8531 -0.5169 -0.0706
vn 0.9188 0.2948 0.2625
vn 0.6740 0.1793 0.7166
vn 0.9898 0.1013 -0.1004
vn 0.9767 0.1707 0.1303
vn 0.5991 0.4050 0.6907
vn 0.8683 0.4403 0.2285
vn 0.7961 -0.4567 -0.3971
vn 0.8550 0.5030 -0.1265
vn 0.9927 0.1206 0.0082
vn 0.6209 0.3486 0.7021
vn 0.5696 0.4476 0.6894
vn 0.8566 0.5015 -0.1213
vn 0.6954 -0.2968 -0.6545
vn 0.9499 0.0937 -0.2982
vn 0.8469 0.5044 0.1685
vn 0.5574 0.4717 0.6832
vn 0.8442 0.5150 0.1486
vn 0.8550 0.5026 -0.1277
vn 0.8537 0.5047 -0.1281
vn 0.8542 0.5049 -0.1241
vn 0.8994 0.2265 -0.3739
vn 0.5427 0.5081 0.6688
vn 0.8331 0.5293 0.1602
vn 0.8247 0.5408 0.1658
vn 0.8540 0.5043 -0.1278
vn 0.8541 0.5048 -0.1255
vn 0.5920 -0.0740 -0.8026
vn 0.6014 -0.1195 -0.7900
vn 0.4969 0.5719 0.6527
vn 0.8543 0.5043 -0.1259
vn 0.8546 0.5038 -0.1258
vn 0.8162 0.5549 0.1609
vn 0.8581 0.2996 -0.4170
vn 0.8545 0.5039 -0.1263
vn 0.8546 0.5038 -0.1263
vn 0.8544 0.5040 -0.1264
vn 0.7968 0.5829 0.1592
vn 0.8544 0.5043 -0.1256
vn 0.8425 0.3213 -0.4324
vn 0.5909 -0.0364 -0.8059
vn 0.4042 0.6811 0.6105
vn 0.3634 0.7990 0.4790
vn 0.8546 0.5037 -0.1264
vn 0.8544 0.5039 -0.1266
vn 0.8545 0.5042 -0.1254
vn 0.8545 0.5038 -0.1266
vn 0.8364 0.3405 -0.4296
vn 0.7785 0.6122 0.1387
vn 0.8548 0.5034 -0.1261
vn 0.6069 0.0195 -0.7945
vn 0.8346 0.3642 -0.4133
vn 0.7477 0.6527 0.1223
vn 0.2860 0.9094 0.3020
vn 0.8547 0.5033 -0.1268
vn 0.8544 0.5045 -0.1246
vn 0.8280 0.3849 -0.4079
vn 0.6687 0.7382 0.0888
vn 0.8079 0.4238 -0.4094
vn 0.8549 0.5035 -0.1251
vn 0.5917 0.0798 -0.8022
vn 0.2557 0.9664 0.0244
vn 0.8528 0.5075 -0.1228
vn 0.8552 0.5022 -0.1278
vn 0.5491 0.1692 -0.8184
vn 0.6585 0.7512 -0.0452
vn 0.7774 0.4691 -0.4191
vn 0.8540 0.5041 -0.1289
vn 0.8540 0.5050 -0.1248
vn 0.2642 0.9301 -0.2551
vn 0.4738 0.2954 -0.8296
vn 0.6766 0.6686 -0.3084
vn 0.6740 0.7157 -0.1828
vn 0.7540 0.4973 -0.4291
vn 0.2632 0.8123 -0.5205
vn 0.6904 0.5813 -0.4305
vn 0.4125 0.3909 -0.8228
vn 0.2757 0.5918 -0.7574
vn 0.8439 -0.5151 -0.1504
vn 0.7875 -0.4154 -0.4553
vn 0.8657 -0.4776 0.1500
vn 0.8356 -0.3672 0.4085
vn 0.9401 0.1122 -0.3218
vn 0.7237 -0.2461 -0.6447
vn 0.9933 0.1151 -0.0093
vn 0.9828 0.1609 0.0905
vn 0.9865 0.0866 -0.1390
vn 0.6519 -0.0472 -0.7568
vn 0.6733 -0.0997 -0.7326
vn 0.8665 0.3366 -0.3687
vn 0.8905 0.2502 -0.3800
vn 0.7583 -0.1332 0.6382
vn 0.8550 0.5033 -0.1254
vn 0.6233 -0.0121 -0.7819
vn 0.8627 0.3566 -0.3585
vn 0.8569 0.4992 -0.1288
vn 0.6440 0.1425 0.7516
vn 0.9297 0.2664 0.2544
vn 0.6113 0.0110 -0.7913
vn 0.8541 0.5042 -0.1274
vn 0.8544 0.5035 -0.1285
vn 0.8528 0.3615 -0.3770
vn 0.8549 0.5037 -0.1242
vn 0.8771 0.4176 0.2375
vn 0.5964 0.0488 -0.8012
vn 0.8539 0.5051 -0.1252
vn 0.8536 0.5056 -0.1252
vn 0.8449 0.3675 -0.3886
vn 0.8543 0.5040 -0.1267
vn 0.5450 0.3634 0.7556
vn 0.5357 0.4078 0.7394
vn 0.8345 0.5013 0.2286
vn 0.5509 0.1095 -0.8273
vn 0.8365 0.3818 -0.3932
vn 0.8546 0.5036 -0.1265
vn 0.8544 0.5040 -0.1261
vn 0.8184 0.5275 0.2278
vn 0.8545 0.5040 -0.1262
vn 0.8176 0.4053 -0.4090
vn 0.8544 0.5038 -0.1270
vn 0.8545 0.5038 -0.1261
vn 0.5352 0.4406 0.7208
vn 0.4109 0.3923 -0.8230
vn 0.8546 0.5038 -0.1260
vn 0.4579 0.2214 -0.8610
vn 0.8545 0.5037 -0.1270
vn 0.8545 0.5040 -0.1259
vn 0.8129 0.5417 0.2142
vn 0.3242 0.5820 -0.7457
vn 0.8544 0.5041 -0.1259
vn 0.7985 0.4407 -0.4100
vn 0.8548 0.5034 -0.1260
vn 0.5531 0.4804 0.6807
vn 0.2768 0.7862 -0.5525
vn 0.7676 0.4827 -0.4217
vn 0.8127 0.5518 0.1873
vn 0.8545 0.5034 -0.1279
vn 0.8547 0.5038 -0.1254
vn 0.2659 0.9154 -0.3022
vn 0.6695 0.6571 -0.3463
vn 0.6883 0.5705 -0.4481
vn 0.8068 0.5656 0.1706
vn 0.8549 0.5030 -0.1270
vn 0.7876 0.5981 0.1484
vn 0.5386 0.5341 0.6517
vn 0.6751 0.7065 -0.2123
vn 0.8532 0.5049 -0.1312
vn 0.8551 0.5035 -0.1239
vn 0.4969 0.6159 0.6114
vn 0.2449 0.9694 -0.0176
vn 0.6684 0.7392 -0.0823
vn 0.8542 0.5040 -0.1281
vn 0.7574 0.6402 0.1286
vn 0.2370 0.9231 0.3029
vn 0.8538 0.5056 -0.1242
vn 0.4237 0.7245 0.5437
vn 0.7340 0.6686 0.1191
vn 0.6722 0.7372 0.0683
vn 0.3649 0.7979 0.4798
vn -0.5739 0.7755 -0.2632
vn -0.5580 0.7077 -0.4334
vn -0.6971 0.6767 -0.2369
vn -0.4216 0.7863 -0.4516
vn -0.5707 0.8168 -0.0842
vn -0.4344 0.8551 -0.2830
vn -0.4343 0.8947 -0.1048
vn -0.6799 0.6134 -0.4017
vn -0.2780 0.9139 -0.2957
vn -0.2680 0.8479 -0.4574
vn -0.6923 0.7188 -0.0646
vn -0.2801 0.9518 -0.1249
vn -0.2203 0.6558 -0.7221
vn -0.1615 0.5235 -0.8366
vn -0.3027 0.4599 -0.8348
vn 0.0195 0.5846 -0.8111
vn -0.3602 0.5916 -0.7213
vn -0.0435 0.7132 -0.6996
vn -0.2508 0.7608 -0.5985
vn -0.0731 0.8107 -0.5809
vn -0.2172 0.2957 -0.9303
vn 0.1258 0.4352 -0.8915
vn -0.0627 0.3667 -0.9282
vn -0.3972 0.6972 -0.5968
vn -0.4822 0.5201 -0.7050
vn 0.1560 0.8302 -0.5353
vn 0.2841 0.6312 -0.7218
vn 0.1801 0.7498 -0.6367
vn -0.1085 0.1083 -0.9882
vn -0.4216 0.3903 -0.8185
vn -0.3403 0.2230 -0.9135
vn 0.3686 0.5065 -0.7795
vn 0.2503 0.2840 -0.9256
vn 0.4479 0.3674 -0.8151
vn -0.0859 0.8896 -0.4485
vn 0.1178 0.8985 -0.4229
vn -0.2407 0.0319 -0.9701
vn 0.0572 0.1934 -0.9795
vn 0.0029 -0.0739 -0.9973
vn -0.5978 0.4369 -0.6721
vn -0.5359 0.3095 -0.7855
vn 0.5236 0.2411 -0.8171
vn -0.5264 0.6219 -0.5797
vn 0.0975 0.9510 -0.2935
vn -0.0937 0.9493 -0.3000
vn -0.1344 -0.1538 -0.9789
vn -0.3691 -0.0528 -0.9279
vn -0.2711 -0.2351 -0.9334
vn 0.3596 0.1393 -0.9226
vn 0.1700 0.0241 -0.9851
vn -0.7056 0.3412 -0.6211
vn -0.4581 0.1372 -0.8782
vn -0.6441 0.2140 -0.7344
vn -0.1674 -0.4079 -0.8976
vn 0.1141 -0.2493 -0.9617
vn -0.0248 -0.3319 -0.9430
vn 0.4576 -0.0053 -0.8891
vn 0.2773 -0.1412 -0.9504
vn 0.5990 0.1179 -0.7920
vn -0.7989 0.2362 -0.5532
vn -0.4889 -0.1425 -0.8606
vn -0.4018 -0.3130 -0.8606
vn 0.0863 -0.4992 -0.8622
vn -0.3071 -0.4730 -0.8258
vn -0.0577 -0.5679 -0.8211
vn 0.2227 -0.4170 -0.8812
vn 0.3777 -0.3027 -0.8750
vn 0.5442 -0.1506 -0.8253
vn 0.6753 0.0027 -0.7375
vn -0.7397 0.1078 -0.6642
vn -0.5687 0.0410 -0.8215
vn -0.6681 -0.0596 -0.7417
vn -0.2045 -0.6203 -0.7573
vn 0.1877 -0.6373 -0.7474
vn 0.0459 -0.6994 -0.7132
vn -0.5174 -0.3814 -0.7660
vn -0.4341 -0.5230 -0.7335
vn 0.3173 -0.5590 -0.7661
vn 0.6133 -0.2872 -0.7358
vn 0.7451 -0.1002 -0.6594
vn -0.8848 0.0934 -0.4566
vn -0.9142 0.1905 -0.3578
vn -0.8438 0.3169 -0.4331
vn -0.5929 -0.2308 -0.7715
vn -0.7677 -0.1720 -0.6173
vn -0.6859 -0.3094 -0.6586
vn -0.1035 -0.7440 -0.6601
vn 0.1380 -0.8064 -0.5750
vn -0.0109 -0.8456 -0.5337
vn -0.5325 -0.5542 -0.6398
vn -0.3425 -0.6520 -0.6764
vn 0.4615 -0.4448 -0.7675
vn 0.6725 -0.4084 -0.6172
vn 0.8077 -0.1895 -0.5583
vn -0.8359 -0.0339 -0.5478
vn -0.9337 0.2576 -0.2488
vn -0.6092 -0.4333 -0.6642
vn 0.2762 -0.7472 -0.6045
vn 0.3999 -0.6726 -0.6226
vn -0.2464 -0.7662 -0.5935
vn 0.0691 -0.9254 -0.3726
vn -0.1581 -0.8631 -0.4796
vn -0.0839 -0.9415 -0.3265
vn 0.5340 -0.5634 -0.6305
vn 0.7278 -0.5050 -0.4641
vn 0.8603 -0.2699 -0.4326
vn -0.8747 0.3777 -0.3038
vn -0.9431 0.3061 -0.1301
vn -0.4609 -0.6672 -0.5852
vn 0.2157 -0.8868 -0.4088
vn 0.4710 -0.7568 -0.4533
vn 0.3507 -0.8289 -0.4358
vn -0.2767 -0.9265 -0.2550
vn -0.0353 -0.9873 -0.1551
vn -0.2218 -0.9690 -0.1088
vn -0.3934 -0.7700 -0.5022
vn -0.3334 -0.8589 -0.3888
vn 0.5966 -0.6543 -0.4648
vn 0.7807 -0.5540 -0.2890
vn 0.9010 -0.3300 -0.2818
vn -0.8890 0.4269 -0.1658
vn 0.2663 -0.9360 -0.2301
vn 0.5279 -0.8040 -0.2738
vn 0.4047 -0.8778 -0.2563
vn 0.1174 -0.9736 -0.1957
vn -0.1798 -0.9832 0.0308
vn 0.9242 -0.3547 -0.1416
vn 0.6538 -0.7008 -0.2852
vn -0.7881 0.5011 -0.3575
vn -0.8046 0.5579 -0.2037
vn 0.2943 -0.9540 -0.0568
vn 0.5668 -0.8179 -0.0990
vn 0.4386 -0.8950 -0.0809
vn -0.0197 -0.9998 0.0023
vn 0.1380 -0.9900 -0.0286
vn 0.8190 -0.5592 -0.1283
vn 0.9345 -0.3561 -0.0026
vn 0.6958 -0.7090 -0.1148
vn 0.3067 -0.9443 0.1189
vn 0.5895 -0.8038 0.0799
vn 0.4569 -0.8840 0.0991
vn -0.0171 -0.9882 0.1523
vn 0.1448 -0.9799 0.1373
vn -0.1616 -0.9735 0.1621
vn 0.8419 -0.5389 0.0297
vn 0.9327 -0.3332 0.1382
vn 0.7208 -0.6908 0.0572
vn 0.3063 -0.9054 0.2941
vn 0.5934 -0.7619 0.2597
vn 0.4589 -0.8431 0.2802
vn -0.0201 -0.9545 0.2975
vn 0.1428 -0.9432 0.2999
vn -0.1580 -0.9441 0.2892
vn 0.8460 -0.4994 0.1869
vn 0.7253 -0.6491 0.2293
vn -0.9207 -0.0375 -0.3885
vn -0.8816 -0.1279 -0.4544
vn -0.8867 -0.1508 -0.4371
vn -0.9264 -0.1030 -0.3621
vn -0.9577 -0.0601 -0.2814
vn -0.9490 0.0460 -0.3119
vn -0.8629 -0.2395 -0.4449
vn -0.8364 -0.2272 -0.4989
vn -0.9507 -0.1878 -0.2468
vn -0.9116 -0.2211 -0.3465
vn -0.9794 -0.1535 -0.1313
vn -0.9845 -0.0172 -0.1745
vn -0.8813 -0.3347 -0.3336
vn -0.8279 -0.3402 -0.4460
vn -0.9701 0.1175 -0.2122
vn -0.7742 -0.3357 -0.5366
vn -0.9531 -0.2898 -0.0878
vn -0.9243 -0.3169 -0.2127
vn -0.9811 0.1716 -0.0894
vn -0.9934 -0.1144 -0.0006
vn -0.9986 0.0273 -0.0450
vn -0.7028 -0.4513 -0.5498
vn -0.8349 -0.4558 -0.3085
vn -0.7764 -0.4572 -0.4338
vn -0.9073 -0.4180 -0.0461
vn -0.9665 -0.2530 0.0438
vn -0.9199 -0.3826 0.0860
vn -0.6242 -0.5752 -0.5287
vn -0.8793 -0.4423 -0.1769
vn -0.7048 -0.5843 -0.4024
vn -0.7674 -0.5806 -0.2721
vn -0.8550 -0.5031 0.1259
vn -0.8135 -0.5650 -0.1379
vn -0.8423 -0.5391 -0.0057
vn -0.5505 -0.6899 -0.4701
vn -0.6228 -0.6980 -0.3533
vn -0.7607 -0.6483 0.0311
vn -0.7311 -0.6751 -0.0990
vn -0.6844 -0.6920 -0.2296
vn -0.7742 -0.6117 0.1628
vn -0.5455 -0.7830 -0.2990
vn -0.4894 -0.7810 -0.3879
vn -0.6387 -0.7668 -0.0631
vn -0.5986 -0.7794 -0.1852
vn -0.6655 -0.7436 0.0637
vn -0.6783 -0.7080 0.1964
vn -0.4839 -0.8408 -0.2425
vn -0.4420 -0.8474 -0.2941
vn -0.5545 -0.8269 0.0931
vn -0.5655 -0.7929 0.2271
vn -0.5165 -0.8450 -0.1385
vn -0.5361 -0.8436 -0.0300
vn -0.4339 -0.8933 0.1172
vn -0.4395 -0.8618 0.2532
vn -0.4269 -0.8990 -0.0984
vn -0.4270 -0.9043 -0.0027
vn -0.4271 -0.8850 -0.1856
vn -0.3962 -0.8959 -0.2010
vn -0.3655 -0.9258 -0.0962
vn -0.3058 -0.9416 0.1408
vn -0.2996 -0.9137 0.2745
vn -0.3291 -0.9442 0.0153
vn -0.2541 0.9453 0.2045
vn -0.3479 0.8466 0.4029
vn -0.2059 0.9028 0.3775
vn -0.3949 0.8892 0.2311
vn -0.0223 0.9423 0.3339
vn -0.2742 0.9608 0.0414
vn -0.0750 0.9834 0.1652
vn -0.0947 0.9955 0.0105
vn -0.2723 0.7676 0.5802
vn -0.5171 0.8185 0.2502
vn -0.4669 0.7776 0.4212
vn 0.2485 0.9353 0.2518
vn 0.0752 0.8674 0.4919
vn 0.3264 0.8674 0.3756
vn -0.0970 0.9848 -0.1438
vn -0.4214 0.9044 0.0665
vn -0.3955 0.6957 0.5996
vn -0.1167 0.8280 0.5484
vn -0.1716 0.6487 0.7414
vn 0.1529 0.9823 0.1077
vn 0.1372 0.9903 -0.0228
vn 0.4003 0.7749 0.4892
vn 0.1080 0.9818 -0.1563
vn -0.5507 0.8302 0.0867
vn -0.5804 0.6900 0.4324
vn -0.6319 0.7290 0.2630
vn -0.0040 0.7171 0.6969
vn -0.3040 0.5728 0.7613
vn -0.0650 0.5063 0.8599
vn 0.1940 0.7650 0.6141
vn -0.7381 0.6191 0.2683
vn -0.4309 0.4765 0.7663
vn -0.5125 0.6027 0.6117
vn 0.1046 0.5835 0.8053
vn -0.2023 0.4274 0.8811
vn 0.2105 0.4300 0.8780
vn 0.0448 0.3442 0.9378
vn 0.4731 0.6738 0.5677
vn -0.6869 0.5802 0.4376
vn -0.8288 0.4922 0.2662
vn -0.3374 0.3318 0.8810
vn -0.5479 0.3620 0.7542
vn -0.4645 0.2236 0.8569
vn 0.3003 0.6466 0.7012
vn 0.1550 0.1627 0.9744
vn -0.0943 0.2627 0.9602
vn -0.7798 0.4509 0.4342
vn -0.9110 0.3181 0.2625
vn -0.9318 0.3411 0.1243
vn -0.8640 0.4894 0.1188
vn -0.6211 0.4890 0.6125
vn -0.3711 0.0743 0.9256
vn -0.5750 0.1111 0.8106
vn -0.4927 -0.0220 0.8699
vn 0.3973 0.5107 0.7624
vn 0.5473 0.5597 0.6222
vn -0.2351 0.1714 0.9567
vn 0.3124 0.2564 0.9147
vn 0.0185 0.0815 0.9965
vn 0.2540 -0.0175 0.9670
vn -0.8710 0.2662 0.4128
vn -0.7170 0.3589 0.5976
vn -0.8104 0.1936 0.5529
vn -0.9426 0.3339 -0.0045
vn -0.8849 0.4651 -0.0238
vn -0.6475 0.2366 0.7244
vn -0.2672 -0.0837 0.9600
vn -0.5852 -0.1030 0.8043
vn -0.4002 -0.1587 0.9026
vn 0.4849 0.3567 0.7985
vn 0.6247 0.4356 0.6481
vn 0.1243 -0.0953 0.9877
vn 0.4002 0.0802 0.9129
vn 0.3435 -0.1908 0.9195
vn 0.4791 -0.0937 0.8728
vn -0.1239 -0.0014 0.9923
vn -0.7344 0.1058 0.6704
vn -0.7995 0.5990 -0.0442
vn -0.6609 0.0087 0.7505
vn -0.1626 -0.2387 0.9574
vn -0.5125 -0.2254 0.8286
vn -0.3012 -0.2978 0.9059
vn -0.4419 -0.3558 0.8235
vn 0.5569 0.1949 0.8074
vn 0.6974 0.3080 0.6471
vn 0.2199 -0.2650 0.9388
vn 0.5507 -0.2614 0.7927
vn 0.4241 -0.3548 0.8332
vn -0.0161 -0.1687 0.9855
vn -0.3762 -0.4921 0.7850
vn 0.6214 0.0290 0.7830
vn 0.7647 0.1784 0.6191
vn 0.3037 -0.4266 0.8519
vn 0.0827 -0.3333 0.9392
vn 0.1696 -0.4923 0.8537
vn -0.0639 -0.3921 0.9177
vn -0.2075 -0.4403 0.8735
vn -0.3122 -0.6227 0.7175
vn 0.6847 -0.1363 0.7160
vn 0.8238 0.0419 0.5653
vn 0.4917 -0.4945 0.7167
vn 0.6187 -0.4006 0.6758
vn 0.0250 -0.5477 0.8363
vn 0.2309 -0.6334 0.7386
vn 0.0839 -0.6869 0.7218
vn -0.1250 -0.5903 0.7975
vn -0.2486 -0.7396 0.6255
vn 0.7481 -0.2751 0.6039
vn 0.8732 -0.0924 0.4785
vn 0.3684 -0.5677 0.7362
vn 0.6717 -0.5034 0.5435
vn 0.5418 -0.6046 0.5839
vn -0.0660 -0.7244 0.6862
vn 0.1152 -0.7951 0.5955
vn -0.0403 -0.8239 0.5653
vn 0.9052 -0.1919 0.3792
vn 0.7969 -0.3699 0.4776
vn 0.4136 -0.6809 0.6044
vn 0.7085 -0.5857 0.3938
vn 0.5767 -0.6942 0.4307
vn 0.2700 -0.7461 0.6086
vn -0.1977 -0.8298 0.5219
vn -0.0275 -0.8996 0.4358
vn -0.1706 -0.8960 0.4099
vn 0.9246 -0.2719 0.2667
vn 0.8306 -0.4425 0.3380
vn 0.4440 -0.7738 0.4517
vn 0.1333 -0.8808 0.4543
vn 0.2943 -0.8378 0.4598
vn -0.9450 0.1710 0.2787
vn -0.9167 0.1061 0.3852
vn -0.9123 0.1349 0.3867
vn -0.9504 0.1019 0.2939
vn -0.9753 0.0907 0.2013
vn -0.9665 0.1954 0.1665
vn -0.8954 0.0381 0.4436
vn -0.9370 -0.0037 0.3492
vn -0.8722 0.0794 0.4826
vn -0.9941 0.0646 0.0874
vn -0.9687 -0.0339 0.2459
vn -0.9889 -0.0719 0.1299
vn -0.8150 0.0130 0.5793
vn -0.9083 -0.1038 0.4053
vn -0.8626 -0.0433 0.5041
vn -0.9794 0.1972 0.0427
vn -0.9428 -0.1589 0.2932
vn -0.9626 -0.2081 0.1734
vn -0.7470 -0.0731 0.6607
vn -0.8629 -0.2167 0.4566
vn -0.8129 -0.1455 0.5640
vn -0.8981 -0.2814 0.3381
vn -0.9168 -0.3364 0.2151
vn -0.6698 -0.1854 0.7191
vn -0.7957 -0.3386 0.5022
vn -0.7419 -0.2663 0.6153
vn -0.8324 -0.4031 0.3803
vn -0.8518 -0.4576 0.2552
vn -0.6593 -0.3860 0.6452
vn -0.5947 -0.3114 0.7411
vn -0.7124 -0.4527 0.5362
vn -0.7499 -0.5140 0.4165
vn -0.5302 -0.4319 0.7296
vn -0.7703 -0.5666 0.2926
vn -0.5803 -0.4852 0.6541
vn -0.6256 -0.5480 0.5552
vn -0.6751 -0.6616 0.3263
vn -0.6573 -0.6080 0.4453
vn -0.4781 -0.5388 0.6936
vn -0.5163 -0.5636 0.6448
vn -0.5642 -0.7445 0.3570
vn -0.5420 -0.6268 0.5597
vn -0.5543 -0.6878 0.4687
vn -0.4567 -0.6311 0.6270
vn -0.4272 -0.6307 0.6478
vn -0.4436 -0.8103 0.3830
vn -0.4510 -0.6922 0.5634
vn -0.4449 -0.7510 0.4880
vn -0.3903 -0.7143 0.5810
vn -0.3153 -0.8608 0.3996
vn -0.3469 -0.7920 0.5024
vn 0.4791 0.6245 -0.6169
vn 0.5273 0.6668 -0.5266
vn 0.5080 0.6336 -0.5835
vn 0.3949 0.7251 -0.5642
vn 0.5731 0.5775 -0.5815
vn 0.5237 0.5554 -0.6460
vn 0.6131 0.6164 -0.4942
vn 0.4916 0.7414 -0.4567
vn 0.6316 0.6561 -0.4132
vn 0.6486 0.5008 -0.5732
vn 0.5812 0.4496 -0.6783
vn 0.3437 0.8027 -0.4874
vn 0.7301 0.5796 -0.3619
vn 0.6358 0.7006 -0.3240
vn 0.7463 0.6086 -0.2696
vn 0.7064 0.5417 -0.4556
vn 0.4746 0.7986 -0.3701
vn 0.8131 0.5358 -0.2274
vn 0.7509 0.6377 -0.1718
vn 0.8151 0.5607 -0.1454
vn 0.7749 0.4754 -0.4165
vn 0.7245 0.4218 -0.5452
vn 0.6442 0.3456 -0.6823
vn 0.3145 0.8599 -0.4021
vn 0.8005 0.5094 -0.3158
vn 0.6324 0.7457 -0.2099
vn 0.8545 0.5039 -0.1262
vn 0.7122 0.2343 -0.6618
vn 0.8306 0.4026 -0.3847
vn 0.7903 0.3338 -0.5138
vn 0.2937 0.9154 -0.2753
vn 0.8545 0.4783 -0.2028
vn 0.8480 0.4465 -0.2857
vn 0.4691 0.8477 -0.2477
vn 0.8430 0.2371 -0.4828
vn 0.7804 0.1322 -0.6111
vn 0.8871 0.3749 -0.2692
vn 0.8751 0.3199 -0.3632
vn 0.8903 0.4155 -0.1864
vn 0.8891 0.4452 -0.1066
vn 0.8351 0.0494 -0.5479
vn 0.9103 0.2265 -0.3464
vn 0.8814 0.1423 -0.4504
vn 0.9300 0.3254 -0.1712
vn 0.9290 0.3616 -0.0790
vn 0.9249 0.2800 -0.2574
vn 0.8843 -0.0114 -0.4668
vn 0.9139 0.0705 -0.3997
vn 0.9698 0.1939 -0.1482
vn 0.9729 0.2283 -0.0358
vn 0.9365 0.1334 -0.3242
vn 0.9567 0.1651 -0.2396
vn 0.9206 -0.0652 -0.3850
vn 0.9946 0.0155 -0.1029
vn 0.9986 0.0491 0.0211
vn 0.9540 0.0134 -0.2996
vn 0.9785 0.0013 -0.2063
vn 0.9272 0.0211 -0.3739
vn 0.9520 -0.1206 -0.2815
vn 0.9855 -0.1602 -0.0566
vn 0.9870 -0.1394 0.0796
vn 0.9728 -0.1545 -0.1727
vn 0.3715 0.9253 0.0765
vn 0.4499 0.8742 0.1825
vn 0.5048 0.8587 0.0877
vn 0.4755 0.8796 -0.0144
vn 0.3271 0.9444 -0.0339
vn 0.4811 0.8634 0.1519
vn 0.4910 0.8349 0.2487
vn 0.5450 0.8174 0.1865
vn 0.4654 0.8770 -0.1191
vn 0.6162 0.7876 0.0077
vn 0.6272 0.7736 -0.0904
vn 0.5915 0.8006 0.0954
vn 0.3049 0.9423 -0.1384
vn 0.5440 0.7675 0.3392
vn 0.6856 0.7192 0.1125
vn 0.6193 0.7512 0.2283
vn 0.7392 0.6693 -0.0754
vn 0.7163 0.6976 0.0157
vn 0.6045 0.6856 0.4057
vn 0.7552 0.6439 0.1227
vn 0.6952 0.6719 0.2554
vn 0.8072 0.5868 -0.0642
vn 0.7882 0.6150 0.0225
vn 0.6713 0.5837 0.4567
vn 0.8114 0.5670 0.1417
vn 0.7611 0.5831 0.2840
vn 0.8489 0.5263 -0.0489
vn 0.8362 0.5472 0.0367
vn 0.8138 0.4870 0.3170
vn 0.7407 0.4724 0.4777
vn 0.8749 0.4798 0.0665
vn 0.8555 0.4878 0.1740
vn 0.8844 0.4661 -0.0242
vn 0.8523 0.3914 0.3470
vn 0.7977 0.3695 0.4767
vn 0.9231 0.3842 0.0172
vn 0.8898 0.4021 0.2157
vn 0.9113 0.3958 0.1133
vn 0.9616 0.2638 0.0757
vn 0.9155 0.3135 0.2522
vn 0.9419 0.2919 0.1662
vn 0.8509 0.2744 0.4480
vn 0.8866 0.3042 0.3484
vn 0.9856 0.0919 0.1417
vn 0.9320 0.2011 0.3014
vn 0.9624 0.1386 0.2334
vn 0.8914 0.1844 0.4140
vn 0.9006 0.2492 0.3562
vn 0.9760 -0.0791 0.2030
vn 0.9285 0.0807 0.3626
vn 0.9557 -0.0087 0.2941
vn 0.5246 -0.6983 0.4870
vn -0.4705 -0.2316 0.8515
vn 0.4769 -0.6946 0.5387
vn -0.8736 0.3823 0.3011
vn -0.4985 -0.2235 0.8376
vn -0.8723 0.4135 0.2610
vn -0.5378 -0.2182 0.8143
vn 0.4640 -0.6869 0.5593
vn -0.7739 0.6247 -0.1039
vn 0.4406 -0.6851 0.5801
vn -0.7777 0.6202 -0.1021
vn -0.8834 0.4250 0.1976
vn -0.5885 -0.2484 0.7694
vn -0.4789 0.7804 -0.4020
vn -0.7599 0.6287 -0.1653
vn 0.4277 -0.6915 0.5822
vn -0.4430 0.7930 -0.4183
vn -0.9071 0.4006 0.1290
vn -0.4863 0.7588 -0.4333
vn -0.6436 -0.3101 0.6997
vn 0.0179 0.8624 -0.5059
vn -0.7585 0.6096 -0.2305
vn -0.4855 0.7326 -0.4771
vn 0.4085 -0.7021 0.5833
vn 0.4936 0.7816 -0.3813
vn -0.0106 0.8639 -0.5036
vn -0.9296 0.3655 0.0475
vn -0.4931 0.6888 -0.5314
vn -0.6946 -0.3959 0.6006
vn 0.4248 0.8055 -0.4132
vn -0.1026 0.8355 -0.5399
vn -0.7557 0.5784 -0.3071
vn 0.4036 -0.7004 0.5887
vn 0.9815 0.1731 0.0816
vn 0.3172 0.8222 -0.4726
vn -0.1591 0.8014 -0.5766
vn -0.9508 0.3078 -0.0341
vn -0.4902 0.6502 -0.5804
vn -0.7281 -0.4855 0.4840
vn 0.9772 0.2077 0.0442
vn 0.2473 0.7997 -0.5471
vn -0.7483 0.5488 -0.3726
vn -0.2039 0.7518 -0.6271
vn 0.4122 -0.6764 0.6103
vn 0.4260 -0.7502 0.5057
vn 0.5186 -0.6997 0.4914
vn 0.9687 0.2455 -0.0363
vn -0.9624 0.2320 -0.1412
vn 0.2020 0.7367 -0.6453
vn -0.4842 0.6143 -0.6230
vn -0.7415 0.5024 -0.4447
vn -0.7220 -0.5537 0.4149
vn 0.5643 -0.6788 0.4699
vn -0.2214 0.6913 -0.6878
vn 0.9580 0.2485 -0.1430
vn -0.7420 0.4612 -0.4865
vn 0.4111 -0.6572 0.6317
vn -0.9623 0.1611 -0.2192
vn 0.5916 -0.6567 0.4677
vn 0.1949 0.5524 -0.8105
vn -0.2219 0.6390 -0.7365
vn 0.1909 0.6381 -0.7459
vn -0.6958 -0.6227 0.3580
vn -0.4779 0.5901 -0.6506
vn -0.7578 0.3980 -0.5170
vn 0.6148 -0.6314 0.4726
vn 0.9424 0.2065 -0.2632
vn 0.2216 0.4722 -0.8532
vn -0.2047 0.5988 -0.7743
vn 0.9295 0.0979 -0.3556
vn 0.9159 -0.0136 -0.4011
vn 0.4312 -0.6368 0.6392
vn -0.9610 0.0710 -0.2674
vn 0.6091 -0.6131 0.5032
vn 0.2783 0.4212 -0.8632
vn -0.4764 0.5595 -0.6783
vn 0.9094 -0.1066 -0.4020
vn -0.6545 -0.6873 0.3151
vn 0.5836 -0.6151 0.5302
vn -0.1649 0.5817 -0.7965
vn -0.7713 0.3292 -0.5448
vn 0.9199 -0.1692 -0.3538
vn 0.4584 -0.6045 0.6515
vn -0.9537 -0.0182 -0.3001
vn 0.5657 -0.6006 0.5650
vn 0.3669 0.3962 -0.8417
vn -0.1257 0.5572 -0.8208
vn 0.9428 -0.1890 -0.2746
vn -0.6170 -0.7303 0.2933
vn -0.4853 0.5173 -0.7049
vn -0.7761 0.2543 -0.5771
vn 0.5272 -0.5950 0.6067
vn 0.9725 -0.1677 -0.1616
vn 0.4955 -0.5353 0.6840
vn -0.9400 -0.1141 -0.3215
vn 0.4559 0.3871 -0.8015
vn -0.0966 0.5276 -0.8440
vn 0.4978 -0.5843 0.6409
vn -0.5627 -0.7747 0.2883
vn -0.4706 0.4818 -0.7392
vn 0.9962 -0.0743 -0.0460
vn 0.4483 -0.5622 0.6950
vn 0.4756 -0.4564 0.7520
vn -0.9186 -0.2373 -0.3161
vn 0.5062 0.4241 -0.7509
vn -0.0502 0.5241 -0.8502
vn 0.4305 -0.5062 0.7473
vn -0.4746 -0.8153 0.3317
vn -0.7833 0.1311 -0.6077
vn 0.5858 0.4149 -0.6962
vn 0.0394 0.4804 -0.8762
vn 0.3765 -0.4622 0.8029
vn 0.5461 -0.3098 0.7783
vn -0.4297 0.4431 -0.7868
vn -0.8592 -0.4148 -0.2995
vn 0.9993 -0.0048 0.0362
vn -0.3855 -0.8239 0.4155
vn 0.6912 0.3565 -0.6286
vn -0.4170 0.3415 -0.8423
vn -0.7580 -0.0300 -0.6515
vn 0.1832 -0.4769 0.8597
vn 0.4834 -0.6788 0.5527
vn 0.9959 -0.0120 0.0893
vn -0.7820 -0.2015 -0.5898
vn -0.7974 -0.5625 -0.2183
vn 0.2006 0.4357 -0.8775
vn 0.4402 -0.8387 -0.3207
vn -0.0420 -0.4075 -0.9122
vn -0.4137 0.1960 -0.8891
vn 0.7370 -0.6401 0.2169
vn 0.1003 0.0286 0.9945
vn 0.6694 -0.5843 0.4588
vn -0.5511 0.5750 0.6047
vn -0.0651 0.1717 0.9830
vn -0.6426 0.6370 0.4258
vn 0.6209 -0.5283 0.5792
vn -0.7300 0.6806 0.0632
vn -0.2233 0.1863 0.9568
vn -0.7173 0.6687 0.1956
vn -0.7515 0.6095 0.2525
vn 0.6052 -0.5119 0.6097
vn -0.5940 0.6702 -0.4451
vn -0.7646 0.6357 -0.1062
vn -0.3346 0.1054 0.9364
vn -0.5704 0.6876 -0.4492
vn -0.6145 0.6030 -0.5088
vn -0.8158 0.5495 0.1805
vn 0.5914 -0.4979 0.6343
vn -0.1477 0.6057 -0.7819
vn -0.7945 0.5731 -0.2007
vn -0.3992 0.0121 0.9168
vn 0.1635 0.5309 -0.8315
vn -0.1819 0.5953 -0.7827
vn -0.6306 0.5430 -0.5546
vn -0.8786 0.4533 0.1504
vn 0.5995 -0.4898 0.6330
vn 0.0889 0.5246 -0.8467
vn -0.2925 0.5496 -0.7826
vn -0.8191 0.5071 -0.2683
vn -0.4494 -0.1260 0.8844
vn 0.8900 0.0718 -0.4503
vn 0.8469 0.1100 -0.5203
vn -0.0304 0.5131 -0.8578
vn -0.3569 0.5070 -0.7846
vn -0.6459 0.4970 -0.5795
vn -0.9302 0.3451 0.1252
vn 0.6125 -0.5018 0.6108
vn 0.5230 -0.5584 0.6439
vn 0.6504 -0.5504 0.5234
vn 0.8028 0.0952 -0.5885
vn -0.0865 0.4693 -0.8788
vn -0.8455 0.4456 -0.2941
vn -0.4743 -0.2298 0.8498
vn 0.6896 -0.5215 0.5026
vn -0.3988 0.4741 -0.7850
vn 0.7771 0.0509 -0.6273
vn -0.6640 0.4605 -0.5891
vn -0.8602 0.4042 -0.3110
vn -0.9560 0.2751 0.1021
vn 0.6147 -0.4929 0.6157
vn 0.7053 -0.5002 0.5024
vn -0.1190 0.4400 -0.8901
vn -0.6786 0.4302 -0.5954
vn -0.9768 0.2011 0.0733
vn -0.5011 -0.3099 0.8080
vn 0.7130 -0.4876 0.5039
vn 0.7650 0.0088 -0.6440
vn -0.4351 0.4401 -0.7855
vn -0.5224 -0.3938 0.7564
vn 0.6260 -0.4820 0.6130
vn -0.8716 0.3604 -0.3322
vn 0.7246 -0.4838 0.4909
vn -0.1485 0.3938 -0.9071
vn -0.9917 0.1223 0.0408
vn -0.5689 -0.4538 0.6859
vn 0.6370 -0.4618 0.6172
vn -0.6760 0.3990 -0.6196
vn 0.7277 -0.4820 0.4880
vn 0.7339 -0.0646 -0.6761
vn -0.1894 0.3094 -0.9319
vn -0.9983 0.0411 -0.0405
vn 0.5690 -0.4193 0.7074
vn -0.4652 0.3954 -0.7920
vn -0.8895 0.3014 -0.3433
vn 0.7182 -0.4652 0.5174
vn 0.6848 -0.1787 -0.7065
vn -0.6230 -0.5326 0.5729
vn -0.2091 0.2484 -0.9458
vn -0.6716 0.3679 -0.6431
vn 0.7010 -0.4279 0.5706
vn 0.6624 -0.2599 -0.7026
vn -0.9804 -0.0498 -0.1904
vn 0.5189 -0.3851 0.7632
vn -0.4713 0.3583 -0.8059
vn -0.6501 0.3242 -0.6872
vn -0.8803 0.2332 -0.4130
vn 0.6837 -0.3672 0.6306
vn 0.7024 -0.2648 -0.6607
vn -0.6123 -0.6360 0.4696
vn -0.1876 0.2103 -0.9595
vn -0.4545 0.3440 -0.8217
vn -0.8338 0.1641 -0.5270
vn 0.6431 -0.3089 0.7007
vn 0.7662 -0.2047 -0.6091
vn -0.9335 -0.1762 -0.3122
vn -0.5333 -0.7322 0.4237
vn 0.4840 -0.3049 0.8202
vn -0.1277 0.2061 -0.9702
vn -0.4159 0.3156 -0.8529
vn 0.5812 -0.2840 0.7626
vn 0.8496 -0.0798 -0.5214
vn -0.5688 0.3014 -0.7653
vn -0.8527 -0.3505 -0.3873
vn 0.4788 -0.2146 0.8513
vn -0.0378 0.2287 -0.9728
vn -0.3267 0.3123 -0.8920
vn 0.4852 -0.2687 0.8321
vn 0.9004 0.0355 -0.4335
vn -0.7855 0.0638 -0.6156
vn -0.4247 -0.8160 0.3921
vn 0.0642 0.2764 -0.9589
vn -0.2139 0.3207 -0.9227
vn 0.4202 -0.2492 0.8725
vn 0.9391 0.1237 -0.3205
vn -0.4949 0.2504 -0.8321
vn -0.7274 -0.0842 -0.6811
vn -0.7608 -0.5544 -0.3373
vn 0.6128 -0.7659 -0.1944
vn 0.5965 -0.4639 0.6550
vn 0.9295 0.1964 -0.3122
vn 0.1597 0.3114 -0.9368
vn -0.4271 0.1635 -0.8893
vn -0.6859 -0.2793 -0.6720
vn -0.0461 -0.6215 -0.7821
vn -0.1227 0.3076 -0.9436
vn -0.3894 0.0768 -0.9178
vn 0.1929 0.2995 -0.9344
vn -0.1169 0.2366 -0.9645
vn 0.5412 -0.8402 0.0326
vn 0.4971 -0.8676 -0.0150
vn -0.4176 -0.6844 -0.5977
vn -0.4463 -0.6704 -0.5928
vn -0.4869 -0.6536 -0.5794
vn -0.8435 0.1250 -0.5223
vn 0.4858 -0.8733 -0.0371
vn -0.8442 0.1736 -0.5071
vn 0.4638 -0.8841 -0.0568
vn -0.7660 0.5567 -0.3214
vn -0.5411 -0.6540 -0.5287
vn -0.7698 0.5520 -0.3206
vn -0.8593 0.2188 -0.4623
vn 0.4510 -0.8908 -0.0558
vn -0.4883 0.8604 -0.1459
vn -0.7560 0.5952 -0.2725
vn -0.6020 -0.6662 -0.4402
vn -0.4532 0.8807 -0.1374
vn -0.8880 0.2373 -0.3938
vn -0.7593 0.6166 -0.2080
vn -0.5008 0.8637 -0.0576
vn -0.4982 0.8602 -0.1085
vn 0.4317 -0.9005 -0.0519
vn 0.0021 0.9972 -0.0743
vn -0.9166 0.2542 -0.3085
vn -0.7623 0.6346 -0.1274
vn -0.5130 0.8583 0.0113
vn -0.0261 0.9965 -0.0790
vn -0.6613 -0.6815 -0.3135
vn -0.5141 0.8546 0.0736
vn -0.1209 0.9919 -0.0392
vn 0.4833 0.8698 -0.0990
vn 0.4272 -0.9023 -0.0576
vn -0.9444 0.2527 -0.2102
vn -0.1804 0.9836 0.0065
vn -0.7599 0.6476 -0.0562
vn 0.4131 0.9062 -0.0910
vn -0.7042 -0.6895 -0.1691
vn -0.2295 0.9706 0.0731
vn -0.7588 0.6506 0.0297
vn 0.9881 0.1164 -0.1001
vn 0.3021 0.9515 -0.0589
vn 0.4378 -0.8947 -0.0884
vn -0.9646 0.2511 -0.0801
vn 0.2270 0.9738 0.0103
vn -0.5117 0.8494 0.1293
vn 0.9821 0.1660 -0.0894
vn -0.7042 -0.7062 -0.0733
vn 0.1739 0.9770 0.1236
vn -0.2522 0.9550 0.1562
vn -0.7630 0.6405 0.0874
vn 0.5355 -0.8440 0.0295
vn 0.9690 0.2427 -0.0454
vn 0.4385 -0.8911 -0.1170
vn -0.9712 0.2372 0.0242
vn 0.1542 0.9528 0.2615
vn -0.5077 0.8453 0.1662
vn 0.4430 -0.8956 0.0403
vn 0.9514 0.3055 0.0396
vn 0.5801 -0.8137 0.0382
vn -0.6832 -0.7301 0.0143
vn 0.1520 0.9192 0.3634
vn -0.2571 0.9396 0.2258
vn -0.7821 0.6056 0.1473
vn 0.9269 0.3390 0.1610
vn 0.6077 -0.7937 0.0293
vn 0.4595 -0.8781 -0.1333
vn -0.9749 0.1905 0.1150
vn 0.8868 0.2360 0.3975
vn -0.2432 0.9285 0.2807
vn 0.9056 0.3020 0.2977
vn 0.6316 -0.7752 0.0123
vn -0.6462 -0.7580 0.0890
vn -0.5087 0.8359 0.2063
vn 0.1742 0.8780 0.4458
vn 0.8783 0.1598 0.4506
vn 0.6046 -0.7952 -0.0462
vn 0.6283 -0.7776 -0.0235
vn 0.4880 -0.8580 -0.1600
vn -0.9717 0.1359 0.1930
vn -0.7988 0.5644 0.2082
vn -0.2054 0.9278 0.3113
vn 0.2290 0.8430 0.4867
vn 0.8906 0.0812 0.4474
vn 0.5894 -0.8034 -0.0842
vn -0.6111 -0.7801 0.1338
vn -0.8073 0.5211 0.2770
vn -0.5202 0.8161 0.2516
vn -0.1684 0.9223 0.3478
vn 0.3183 0.8120 0.4892
vn 0.9184 0.0203 0.3952
vn 0.5539 -0.8233 -0.1241
vn 0.5287 -0.8189 -0.2235
vn -0.9615 0.0695 0.2660
vn -0.5086 0.8067 0.3008
vn 0.4096 0.7835 0.4674
vn 0.9559 -0.0258 0.2925
vn 0.5271 -0.8346 -0.1601
vn -0.5583 -0.8127 0.1667
vn -0.1415 0.9118 0.3856
vn -0.8191 0.4370 0.3717
vn 0.9891 -0.0142 0.1462
vn 0.4817 -0.8481 -0.2204
vn 0.5149 -0.7931 -0.3254
vn -0.9423 -0.0345 0.3331
vn 0.4638 0.7863 0.4082
vn -0.4718 0.8028 0.3646
vn 0.4686 -0.8323 -0.2963
vn -0.4683 -0.8690 0.1601
vn -0.0957 0.9134 0.3957
vn -0.8001 0.3300 0.5009
vn 0.9992 -0.0037 0.0395
vn 0.4194 -0.8288 -0.3704
vn 0.5901 -0.6860 -0.4257
vn -0.8856 -0.1887 0.4244
vn 0.5467 0.7492 0.3739
vn -0.4649 0.7511 0.4687
vn 0.2299 -0.8772 -0.4216
vn -0.3741 -0.9218 0.1021
vn -0.0090 0.8940 0.4479
vn -0.8235 0.1535 0.5462
vn 0.9992 -0.0400 -0.0002
vn 0.5049 -0.8625 -0.0351
vn -0.8217 -0.3550 0.4459
vn 0.6551 0.6650 0.3587
vn -0.4677 0.6581 0.5900
vn 0.4004 -0.4982 0.7691
vn 0.1508 0.8614 0.4851
vn -0.1110 0.1827 0.9769
vn 0.7363 -0.6344 0.2351
vn 0.6861 -0.7275 0.0006
vn 0.1667 -0.5399 -0.8250
vn 0.0040 -0.4191 -0.9079
vn 0.6469 -0.7509 -0.1332
vn -0.4976 0.1175 -0.8594
vn -0.1553 -0.3955 -0.9052
vn -0.5995 0.2683 -0.7541
vn 0.6336 -0.7550 -0.1686
vn -0.7099 0.5086 -0.4873
vn -0.2694 -0.4527 -0.8500
vn -0.6887 0.4239 -0.5883
vn -0.7203 0.3420 -0.6035
vn 0.6217 -0.7579 -0.1977
vn -0.6082 0.7919 -0.0556
vn -0.7566 0.5673 -0.3252
vn -0.3371 -0.5196 -0.7851
vn -0.5846 0.8090 -0.0606
vn -0.7904 0.3323 -0.5147
vn -0.7940 0.5689 -0.2141
vn -0.6343 0.7724 0.0335
vn 0.6299 -0.7503 -0.2007
vn -0.1868 0.9396 0.2868
vn -0.8570 0.2690 -0.4394
vn -0.6546 0.7488 0.1041
vn -0.3922 -0.6158 -0.6833
vn -0.2211 0.9308 0.2912
vn -0.8244 0.5525 -0.1228
vn 0.6412 -0.7472 -0.1748
vn 0.1188 0.9128 0.3908
vn -0.3324 0.8908 0.3097
vn -0.9125 0.1933 -0.3607
vn -0.4214 -0.6821 -0.5976
vn 0.0433 0.9147 0.4018
vn -0.3976 0.8557 0.3313
vn -0.6725 0.7248 0.1496
vn 0.6439 -0.7427 -0.1837
vn -0.9412 0.1483 -0.3037
vn 0.8125 0.4039 0.4204
vn -0.0767 0.9091 0.4096
vn -0.8538 0.5161 -0.0685
vn -0.4527 -0.7246 -0.5196
vn 0.8594 0.3336 0.3876
vn -0.1350 0.8838 0.4480
vn 0.7638 0.4296 0.4818
vn -0.6920 0.6999 0.1771
vn 0.6552 -0.7319 -0.1870
vn -0.9654 0.1035 -0.2394
vn 0.6722 -0.7368 -0.0730
vn -0.4402 0.8279 0.3475
vn 0.7346 0.4147 0.5370
vn -0.8704 0.4913 -0.0320
vn -0.4790 -0.7648 -0.4310
vn 0.5529 -0.8145 -0.1757
vn 0.7105 -0.7003 -0.0698
vn -0.1687 0.8655 0.4717
vn 0.7265 -0.6824 -0.0806
vn -0.7076 0.6782 0.1984
vn 0.6669 -0.7175 -0.2012
vn -0.9840 0.0568 -0.1689
vn -0.4771 0.7995 0.3649
vn 0.7205 0.3893 0.5739
vn 0.7346 -0.6727 -0.0885
vn -0.8841 0.4671 0.0096
vn -0.5313 -0.7750 -0.3421
vn -0.2444 0.7804 0.5755
vn -0.2002 0.8366 0.5100
vn 0.6859 0.3466 0.6399
vn 0.7454 -0.6619 -0.0792
vn -0.7072 0.6663 0.2362
vn 0.6059 -0.7352 -0.3038
vn -0.9977 0.0361 -0.0566
vn -0.5085 0.7658 0.3936
vn 0.6325 0.2690 0.7263
vn 0.7484 -0.6587 -0.0777
vn -0.9039 0.4246 0.0510
vn -0.5945 -0.7767 -0.2084
vn -0.5162 0.7431 0.4258
vn -0.2663 0.7377 0.6203
vn 0.6087 0.1995 0.7679
vn 0.7412 -0.6619 -0.1119
vn -0.9008 0.4084 0.1475
vn -0.7051 0.6543 0.2734
vn 0.5604 -0.7399 -0.3723
vn -0.5008 0.7406 0.4479
vn -0.2465 0.7146 0.6547
vn 0.6513 0.1725 0.7389
vn 0.7283 -0.6618 -0.1779
vn -0.9918 0.0469 0.1193
vn -0.5928 -0.8028 -0.0641
vn -0.6875 0.6438 0.3359
vn -0.1876 0.7185 0.6698
vn 0.7196 0.1939 0.6667
vn 0.7164 -0.6463 -0.2628
vn 0.5310 -0.7071 -0.4670
vn -0.9557 0.0132 0.2941
vn -0.8634 0.4173 0.2834
vn -0.4650 0.7359 0.4922
vn 0.8112 0.2484 0.5293
vn 0.6817 -0.6391 -0.3562
vn -0.5190 -0.8541 0.0336
vn -0.6120 0.6712 0.4183
vn -0.0976 0.7404 0.6650
vn 0.6245 -0.6551 -0.4252
vn 0.5298 -0.6506 -0.5442
vn -0.8837 -0.0857 0.4602
vn -0.8232 0.3862 0.4162
vn -0.3787 0.7573 0.5321
vn 0.8702 0.2944 0.3952
vn -0.4146 -0.9028 0.1143
vn -0.7726 0.3029 0.5580
vn -0.5438 0.6688 0.5070
vn -0.2681 0.7839 0.5600
vn 0.0060 0.7739 0.6333
vn 0.5337 -0.6840 -0.4972
vn 0.6289 -0.7415 -0.2336
vn -0.7929 -0.2799 0.5412
vn -0.4817 0.6313 0.6078
vn 0.1035 0.7920 0.6016
vn 0.9181 0.3035 0.2549
vn 0.5825 -0.5066 0.6356
vn -0.1787 0.7869 0.5906
vn -0.7347 0.1382 0.6642
vn 0.9105 0.3584 0.2061
vn 0.4720 -0.6923 -0.5458
vn -0.1109 -0.0673 0.9915
vn 0.1365 0.7816 0.6086
vn -0.4479 0.5770 0.6830
vn -0.1758 0.7406 0.6485
vn 0.4555 -0.7651 0.4552
vn 0.4632 -0.7677 0.4429
vn 0.2195 -0.8307 0.5116
vn 0.6478 -0.6983 0.3046
vn 0.2453 -0.8292 0.5023
vn 0.6503 -0.6981 0.2998
vn 0.4662 -0.7653 0.4438
vn 0.6595 -0.6847 0.3102
vn 0.2684 -0.8208 0.5042
vn 0.6779 -0.6560 0.3319
vn 0.4924 -0.7397 0.4587
vn 0.2768 -0.7966 0.5373
vn 0.6780 -0.6390 0.3634
vn 0.5037 -0.7001 0.5062
vn 0.6815 -0.6067 0.4094
vn 0.2948 -0.7542 0.5868
vn 0.5018 -0.6766 0.5389
vn 0.4955 -0.6342 0.5935
vn 0.2931 -0.7076 0.6430
vn 0.6889 -0.5526 0.4690
vn 0.2816 -0.6469 0.7087
vn 0.2626 -0.6015 0.7545
vn 0.6924 -0.5000 0.5201
vn 0.4759 -0.5939 0.6486
vn 0.2382 -0.5788 0.7799
vn 0.6936 -0.4493 0.5630
vn 0.4824 -0.5490 0.6826
vn 0.4851 -0.5325 0.6936
vn 0.2331 -0.5650 0.7915
vn 0.6982 -0.4203 0.5795
vn 0.1940 -0.5550 0.8089
vn 0.7067 -0.3693 0.6035
vn 0.4497 -0.5174 0.7281
vn 0.4194 -0.4583 0.7836
vn 0.1698 -0.5278 0.8322
vn 0.6893 -0.2731 0.6710
vn 0.4340 -0.3921 0.8111
vn 0.0754 -0.5023 0.8614
vn 0.6648 -0.1822 0.7245
vn -0.0646 -0.4582 0.8865
vn 0.6736 -0.0747 0.7353
vn 0.4169 -0.2912 0.8610
vn 0.5910 -0.6304 0.5033
vn 0.5786 -0.6229 0.5265
vn 0.3588 -0.5865 0.7261
vn 0.7337 -0.6782 0.0421
vn 0.3890 -0.6052 0.6945
vn 0.7092 -0.6715 0.2147
vn 0.6011 -0.5925 0.5363
vn 0.7227 -0.6186 0.3082
vn 0.4255 -0.5803 0.6944
vn 0.7458 -0.5641 0.3543
vn 0.6266 -0.5515 0.5507
vn 0.4577 -0.5374 0.7083
vn 0.6474 -0.5176 0.5595
vn 0.7596 -0.5260 0.3825
vn 0.4780 -0.5042 0.7192
vn 0.6565 -0.4947 0.5694
vn 0.7774 -0.4930 0.3908
vn 0.4970 -0.4707 0.7290
vn 0.6625 -0.4710 0.5824
vn 0.7954 -0.4613 0.3932
vn 0.5094 -0.4315 0.7445
vn 0.6672 -0.4352 0.6045
vn 0.8154 -0.4086 0.4101
vn 0.5057 -0.3949 0.7670
vn 0.6651 -0.4195 0.6178
vn 0.8318 -0.3725 0.4115
vn 0.4805 -0.3792 0.7907
vn 0.8533 -0.2949 0.4300
vn 0.6620 -0.3599 0.6574
vn 0.4365 -0.3387 0.8335
vn 0.7996 -0.2081 0.5633
vn 0.6148 -0.2866 0.7347
vn 0.3679 -0.3094 0.8769
vn 0.7306 -0.1498 0.6661
vn 0.2866 -0.3059 0.9079
vn 0.6647 -0.0424 0.7459
vn 0.5387 -0.2532 0.8035
vn 0.4972 -0.1994 0.8444
vn 0.2016 -0.2963 0.9336
vn 0.7110 0.1616 0.6844
vn 0.0699 -0.2746 0.9590
vn 0.5279 -0.0046 0.8493
vn 0.4687 -0.8785 0.0920
vn 0.2357 -0.9695 0.0674
vn 0.4756 -0.8735 0.1042
vn 0.6520 -0.7340 0.1903
vn 0.2608 -0.9624 0.0759
vn 0.6541 -0.7310 0.1943
vn 0.4787 -0.8720 0.1023
vn 0.6643 -0.7258 0.1788
vn 0.2842 -0.9561 0.0711
vn 0.6846 -0.7141 0.1460
vn 0.5063 -0.8589 0.0772
vn 0.2953 -0.9549 0.0308
vn 0.6872 -0.7180 0.1104
vn 0.3175 -0.9477 -0.0327
vn 0.5216 -0.8530 0.0165
vn 0.3204 -0.9414 -0.1054
vn 0.5223 -0.8524 -0.0238
vn 0.6944 -0.7175 0.0546
vn 0.5205 -0.8487 -0.0931
vn 0.3145 -0.9291 -0.1945
vn 0.7070 -0.7068 -0.0246
vn 0.2997 -0.9182 -0.2592
vn 0.5056 -0.8473 -0.1625
vn 0.7150 -0.6925 -0.0962
vn 0.2775 -0.9145 -0.2945
vn 0.5152 -0.8295 -0.2155
vn 0.7200 -0.6753 -0.1600
vn 0.2734 -0.9098 -0.3122
vn 0.7263 -0.6606 -0.1898
vn 0.5190 -0.8222 -0.2336
vn 0.2358 -0.9123 -0.3348
vn 0.7374 -0.6322 -0.2379
vn 0.4863 -0.8301 -0.2729
vn 0.2137 -0.9037 -0.3710
vn 0.7265 -0.5918 -0.3491
vn 0.4610 -0.8137 -0.3540
vn 0.1220 -0.9013 -0.4157
vn 0.4788 -0.7746 -0.4133
vn 0.7075 -0.5480 -0.4463
vn -0.0151 -0.8822 -0.4707
vn 0.4670 -0.7204 -0.5127
vn 0.7192 -0.4656 -0.5157
vn 0.6099 -0.7923 -0.0149
vn 0.3940 -0.8878 -0.2380
vn 0.5992 -0.7996 -0.0390
vn 0.7206 -0.5664 0.3999
vn 0.4216 -0.8846 -0.1995
vn 0.7078 -0.6595 0.2529
vn 0.6230 -0.7797 -0.0629
vn 0.7286 -0.6690 0.1471
vn 0.4585 -0.8632 -0.2111
vn 0.6502 -0.7536 -0.0963
vn 0.7559 -0.6499 0.0798
vn 0.4925 -0.8352 -0.2447
vn 0.5141 -0.8137 -0.2712
vn 0.6722 -0.7303 -0.1214
vn 0.7723 -0.6342 0.0360
vn 0.5345 -0.7913 -0.2971
vn 0.6825 -0.7170 -0.1420
vn 0.7912 -0.6114 0.0116
vn 0.5487 -0.7676 -0.3312
vn 0.6898 -0.7048 -0.1657
vn 0.8100 -0.5864 -0.0072
vn 0.6967 -0.6878 -0.2038
vn 0.5473 -0.7504 -0.3707
vn 0.8322 -0.5523 -0.0497
vn 0.6958 -0.6825 -0.2238
vn 0.5240 -0.7515 -0.4008
vn 0.8494 -0.5230 -0.0703
vn 0.6966 -0.6561 -0.2904
vn 0.4838 -0.7434 -0.4618
vn 0.8737 -0.4693 -0.1282
vn 0.6562 -0.6407 -0.3986
vn 0.4189 -0.7454 -0.5186
vn 0.8308 -0.4749 -0.2904
vn 0.3399 -0.7618 -0.5514
vn 0.5856 -0.6539 -0.4790
vn 0.7700 -0.4868 -0.4125
vn 0.2570 -0.7703 -0.5836
vn 0.5479 -0.6338 -0.5460
vn 0.7118 -0.4452 -0.5433
vn 0.1278 -0.7696 -0.6256
vn 0.5830 -0.4757 -0.6587
vn 0.7581 -0.2415 -0.6057
vn 0.6169 -0.7820 0.0883
vn 0.6161 -0.6331 0.4687
vn 0.6396 -0.7648 0.0779
vn 0.6334 -0.7686 0.0894
vn 0.6744 -0.5934 0.4395
vn 0.6514 -0.7510 0.1080
vn 0.5720 -0.6623 0.4839
vn 0.6830 -0.7286 0.0520
vn 0.5524 -0.6664 0.5007
vn 0.6518 -0.7168 0.2477
vn 0.7307 -0.5454 0.4108
vn 0.7292 -0.6824 0.0509
vn 0.6817 -0.7258 0.0920
vn 0.6152 -0.7459 0.2555
vn 0.7726 -0.4949 0.3978
vn 0.7042 -0.6700 0.2350
vn 0.6959 -0.7137 0.0803
vn 0.5382 -0.6621 0.5215
vn 0.6067 -0.7522 0.2572
vn 0.7611 -0.6481 0.0273
vn 0.5890 -0.8079 0.0179
vn 0.7462 -0.6272 0.2232
vn 0.4998 -0.7008 0.5090
vn 0.5705 -0.8213 0.0051
vn 0.7998 -0.4533 0.3935
vn 0.6326 -0.7743 0.0166
vn 0.6896 -0.7238 0.0219
vn 0.7834 -0.5846 0.2112
vn 0.6935 -0.7182 0.0575
vn 0.5777 -0.7728 0.2626
vn 0.6414 -0.6655 0.3817
vn 0.7732 -0.6340 -0.0170
vn 0.7449 -0.6669 0.0219
vn 0.6051 -0.6805 0.4133
vn 0.6273 -0.6599 0.4135
vn 0.8144 -0.5448 0.2000
vn 0.4926 -0.7402 0.4576
vn 0.5291 -0.8043 0.2706
vn 0.5578 -0.8298 -0.0154
vn 0.6218 -0.6698 0.4058
vn 0.8202 -0.4096 0.3993
vn 0.6697 -0.6145 0.4170
vn 0.7167 -0.5749 0.3947
vn 0.7869 -0.6171 0.0065
vn 0.5135 -0.8136 0.2729
vn 0.5178 -0.8554 0.0144
vn 0.6711 -0.6350 0.3826
vn 0.8059 -0.5920 0.0063
vn 0.8146 -0.5800 -0.0118
vn 0.7476 -0.5326 0.3967
vn 0.5065 -0.8587 0.0784
vn 0.6847 -0.6181 0.3862
vn 0.8614 -0.3401 0.3773
vn 0.8444 -0.5017 0.1876
vn 0.7570 -0.4956 0.4258
vn 0.6807 -0.6089 0.4073
vn 0.9852 -0.0833 -0.1497
vn 0.8363 -0.5469 -0.0400
vn 0.8921 -0.4209 0.1641
vn 0.9519 0.1942 0.2370
vn 0.7921 -0.4737 0.3850
vn 0.8773 -0.4763 -0.0587
vn 0.8023 0.4924 -0.3373
vn 0.9712 0.0371 0.2355
vn 0.9967 0.0808 0.0111
vn 0.7035 0.7006 0.1190
vn 0.6654 0.6580 -0.3526
vn 0.9694 0.0447 -0.2414
vn 0.5314 0.8383 0.1216
vn 0.7882 0.6134 0.0499
vn 0.7873 0.5961 -0.1575
vn 0.5059 0.8010 -0.3200
vn 0.6540 0.7554 -0.0408
vn 0.7243 0.5231 -0.4492
vn 0.3390 0.9287 0.1504
vn 0.5556 0.6313 -0.5411
vn 0.6118 0.7611 -0.2155
vn 0.3689 0.8867 -0.2786
vn 0.5001 0.8512 -0.1594
vn 0.4269 0.8675 -0.2554
vn 0.1447 0.9699 0.1956
vn 0.3679 0.8953 -0.2513
vn 0.3675 0.6852 -0.6288
vn 0.2592 0.9295 -0.2625
vn 0.1775 0.6894 -0.7023
vn 0.0116 0.9937 0.1115
vn 0.2604 0.9190 -0.2960
vn 0.2295 0.9314 -0.2826
vn 0.7212 0.6683 -0.1825
vn 0.0397 0.7540 -0.6557
vn 0.0811 0.9522 -0.2945
vn 0.4179 -0.1627 -0.8938
vn 0.4219 -0.2511 -0.8712
vn 0.3958 -0.0971 -0.9132
vn -0.1070 0.3245 -0.9398
vn -0.0976 0.3697 -0.9240
vn 0.3826 -0.3315 -0.8624
vn -0.3387 0.5604 -0.7558
vn -0.0776 0.3927 -0.9164
vn 0.2572 -0.4111 -0.8745
vn -0.1800 0.2990 -0.9371
vn -0.2794 0.5976 -0.7516
vn -0.4224 0.5344 -0.7321
vn -0.4838 0.8302 -0.2770
vn -0.2537 0.6717 -0.6960
vn 0.1313 -0.4780 -0.8685
vn -0.2849 0.2455 -0.9266
vn -0.5165 0.5026 -0.6933
vn -0.5717 0.7770 -0.2636
vn -0.3840 0.8772 -0.2881
vn -0.3968 0.1968 -0.8966
vn -0.6517 0.7169 -0.2478
vn -0.3765 0.8836 0.2786
vn -0.3162 0.9130 0.2579
vn -0.3013 0.9070 -0.2944
vn 0.0632 -0.5013 -0.8629
vn -0.6048 0.4746 -0.6395
vn -0.7060 0.6683 -0.2346
vn -0.4590 0.8470 0.2683
vn -0.1511 0.8274 0.5409
vn -0.2854 0.9429 0.1718
vn -0.4859 0.1754 -0.8562
vn -0.6741 0.4435 -0.5906
vn -0.5509 0.7968 0.2483
vn -0.1625 0.7990 0.5790
vn -0.1302 0.8424 0.5230
vn 0.0314 -0.5238 -0.8512
vn -0.5527 0.1346 -0.8225
vn -0.7552 0.6174 -0.2205
vn -0.3407 0.7228 0.6012
vn -0.2357 0.7750 0.5864
vn 0.3541 0.3831 0.8531
vn 0.3322 0.4476 0.8302
vn 0.0338 -0.5395 -0.8413
vn -0.7026 0.6865 0.1873
vn -0.7215 0.4100 -0.5580
vn -0.4513 0.6634 0.5969
vn 0.1899 0.1645 0.9679
vn 0.3577 0.2976 0.8851
vn -0.6360 0.7413 0.2143
vn -0.5925 0.0953 -0.7999
vn -0.7929 0.5728 -0.2079
vn 0.0633 0.1035 0.9926
vn 0.3175 0.2256 0.9210
vn 0.0493 -0.5390 -0.8408
vn -0.5380 0.6210 0.5700
vn -0.7484 0.6394 0.1764
vn -0.7619 0.3728 -0.5296
vn -0.0048 0.0797 0.9968
vn -0.0114 -0.5278 -0.8493
vn -0.7875 0.5919 0.1716
vn -0.6422 0.5209 0.5623
vn -0.6032 0.5669 0.5611
vn -0.6102 0.0667 -0.7894
vn -0.0361 0.0539 0.9979
vn -0.8272 0.5271 -0.1949
vn -0.6598 0.4911 0.5688
vn -0.7871 0.3427 -0.5129
vn -0.0334 0.0354 0.9988
vn -0.0168 -0.5483 -0.8361
vn -0.8121 0.5571 0.1734
vn -0.6468 0.0303 -0.7621
vn -0.0179 0.0359 0.9992
vn -0.8460 0.4993 -0.1869
vn -0.8162 0.2917 -0.4988
vn -0.6952 0.4448 0.5646
vn -0.6748 -0.0172 -0.7378
vn -0.8776 0.4475 -0.1719
vn -0.0788 0.0486 0.9957
vn -0.8413 0.5065 0.1889
vn 0.0196 -0.5563 -0.8307
vn -0.8501 0.2272 -0.4752
vn -0.0837 0.0242 0.9962
vn -0.8749 0.4393 0.2040
vn -0.7226 0.3913 0.5699
vn 0.2900 -0.4164 -0.8617
vn -0.6682 -0.3893 -0.6340
vn -0.9185 0.3667 -0.1481
vn -0.7168 0.0264 0.6968
vn -0.9095 -0.2289 -0.3470
vn -0.0472 0.0153 0.9988
vn -0.9351 -0.0098 0.3542
vn 0.3172 -0.3618 -0.8766
vn -0.3785 -0.7446 -0.5499
vn 0.2234 0.1536 0.9626
vn -0.9942 -0.1072 -0.0028
vn -0.2127 -0.7982 -0.5635
vn -0.6837 -0.6928 -0.2291
vn -0.4296 -0.3075 0.8491
vn 0.3730 -0.2341 -0.8978
vn -0.4786 -0.8485 -0.2260
vn -0.7963 -0.5851 0.1537
vn -0.7117 -0.4537 0.5363
vn 0.2507 0.2075 0.9456
vn -0.0289 -0.8002 -0.5991
vn -0.5916 -0.7754 0.2207
vn -0.5100 -0.5792 0.6359
vn -0.2662 -0.3404 0.9018
vn 0.4022 -0.1656 -0.9005
vn -0.2664 -0.9338 -0.2390
vn -0.0853 -0.3180 0.9442
vn 0.3076 0.3257 0.8941
vn 0.1084 -0.7554 -0.6462
vn -0.3900 -0.8829 0.2616
vn -0.3010 -0.6375 0.7092
vn 0.3379 0.3842 0.8592
vn 0.4144 -0.1521 -0.8973
vn -0.0797 -0.9584 -0.2740
vn 0.0495 -0.2516 0.9666
vn 0.2116 -0.7446 -0.6331
vn -0.1943 -0.9383 0.2861
vn -0.1176 -0.6340 0.7643
vn 0.3506 0.3937 0.8497
vn 0.5314 -0.8029 0.2703
vn 0.0836 -0.9634 -0.2549
vn 0.0465 -0.6456 0.7623
vn 0.1535 -0.2480 0.9565
vn 0.9844 -0.1547 0.0843
vn -0.0011 -0.9545 0.2982
vn -0.7756 0.6212 0.1123
vn -0.6685 0.7368 0.1011
vn -0.6449 0.5345 -0.5463
vn -0.7533 0.4308 -0.4968
vt 0.284834 0.913706
vt 0.293135 0.906229
vt 0.279935 0.910911
vt 0.290201 0.901429
vt 0.304154 0.903027
vt 0.282109 0.898843
vt 0.313205 0.904466
vt 0.315101 0.899508
vt 0.274698 0.906701
vt 0.304275 0.897585
vt 0.322941 0.911715
vt 0.267591 0.901010
vt 0.293888 0.893399
vt 0.325226 0.923034
vt 0.330995 0.923171
vt 0.328074 0.908463
vt 0.275289 0.892888
vt 0.287375 0.894759
vt 0.304586 0.892719
vt 0.323737 0.934749
vt 0.339711 0.908291
vt 0.257716 0.891057
vt 0.283262 0.886723
vt 0.329790 0.895646
vt 0.316299 0.893244
vt 0.328582 0.938029
vt 0.355837 0.904604
vt 0.336737 0.899562
vt 0.267274 0.882934
vt 0.293728 0.883540
vt 0.317884 0.883178
vt 0.313105 0.940705
vt 0.314966 0.945339
vt 0.340741 0.923256
vt 0.376276 0.902659
vt 0.352956 0.884730
vt 0.333860 0.883477
vt 0.248988 0.880082
vt 0.305128 0.883136
vt 0.278100 0.876065
vt 0.304215 0.946248
vt 0.331106 0.948905
vt 0.341087 0.937495
vt 0.356529 0.923257
vt 0.376889 0.882046
vt 0.338448 0.868344
vt 0.259905 0.871211
vt 0.303966 0.870220
vt 0.304158 0.941443
vt 0.305481 0.952003
vt 0.316522 0.951304
vt 0.338978 0.946105
vt 0.356494 0.939001
vt 0.376309 0.923257
vt 0.357078 0.866703
vt 0.318938 0.869348
vt 0.290270 0.871686
vt 0.272312 0.863897
vt 0.294134 0.939003
vt 0.291744 0.943360
vt 0.305732 0.960325
vt 0.318412 0.960721
vt 0.334724 0.959536
vt 0.353253 0.956614
vt 0.376409 0.940863
vt 0.400880 0.902293
vt 0.403570 0.866883
vt 0.378074 0.865745
vt 0.357514 0.853224
vt 0.339318 0.854705
vt 0.318394 0.855716
vt 0.301640 0.856351
vt 0.285754 0.858709
vt 0.285322 0.932612
vt 0.295239 0.951291
vt 0.304770 0.971707
vt 0.357067 0.974422
vt 0.376671 0.958002
vt 0.401814 0.882531
vt 0.400841 0.923257
vt 0.378819 0.852294
vt 0.280322 0.935506
vt 0.294517 0.959330
vt 0.319131 0.973035
vt 0.338493 0.973804
vt 0.377640 0.975020
vt 0.402148 0.957625
vt 0.422530 0.870885
vt 0.401038 0.940960
vt 0.420900 0.885980
vt 0.405685 0.854020
vt 0.283022 0.945769
vt 0.284644 0.956532
vt 0.292396 0.970084
vt 0.339445 0.986323
vt 0.404322 0.973979
vt 0.420908 0.939494
vt 0.420423 0.903849
vt 0.442199 0.878483
vt 0.426543 0.858461
vt 0.274235 0.938794
vt 0.287746 0.949290
vt 0.318303 0.985511
vt 0.280134 0.966715
vt 0.357008 0.987001
vt 0.424698 0.969706
vt 0.421940 0.954592
vt 0.420875 0.923257
vt 0.437595 0.891793
vt 0.448649 0.867988
vt 0.275807 0.951486
vt 0.302074 0.984078
vt 0.378735 0.987739
vt 0.445543 0.961664
vt 0.439761 0.949892
vt 0.438514 0.905596
vt 0.458814 0.891386
vt 0.467974 0.883137
vt 0.266915 0.944217
vt 0.268432 0.961234
vt 0.289136 0.982385
vt 0.405950 0.986106
vt 0.428332 0.981992
vt 0.451529 0.972783
vt 0.438438 0.937172
vt 0.438637 0.923257
vt 0.448704 0.897783
vt 0.480672 0.903190
vt 0.257084 0.953836
vt 0.275830 0.978782
vt 0.468674 0.958855
vt 0.448534 0.944307
vt 0.453779 0.935360
vt 0.455417 0.923257
vt 0.454484 0.908246
vt 0.468738 0.907665
vt 0.249619 0.965658
vt 0.262442 0.973251
vt 0.480539 0.940658
vt 0.459608 0.950682
vt 0.484266 0.923257
vt 0.470249 0.923257
vt 0.468111 0.936665
vt 0.564715 0.017455
vt 0.565171 0.027709
vt 0.600289 0.017455
vt 0.565749 0.038963
vt 0.599236 0.028256
vt 0.566150 0.050033
vt 0.598686 0.039304
vt 0.612891 0.028732
vt 0.616142 0.017455
vt 0.598901 0.050599
vt 0.630732 0.017455
vt 0.566539 0.061730
vt 0.611140 0.039843
vt 0.629774 0.029057
vt 0.566265 0.073970
vt 0.599898 0.061971
vt 0.643348 0.017455
vt 0.611421 0.050566
vt 0.628138 0.039932
vt 0.600735 0.073946
vt 0.643348 0.029714
vt 0.628371 0.050265
vt 0.565806 0.086525
vt 0.601503 0.085938
vt 0.613587 0.061951
vt 0.643348 0.040957
vt 0.565006 0.098805
vt 0.601464 0.098047
vt 0.615909 0.073806
vt 0.643348 0.049793
vt 0.564537 0.109281
vt 0.601388 0.109001
vt 0.618284 0.098044
vt 0.630060 0.061855
vt 0.600942 0.118807
vt 0.617735 0.085340
vt 0.618931 0.108644
vt 0.643348 0.073365
vt 0.643348 0.061464
vt 0.564475 0.118918
vt 0.632562 0.073581
vt 0.618024 0.118696
vt 0.631940 0.107919
vt 0.600289 0.129532
vt 0.631999 0.085297
vt 0.631661 0.118302
vt 0.631141 0.097560
vt 0.564715 0.129532
vt 0.616142 0.129532
vt 0.643348 0.085294
vt 0.643348 0.117577
vt 0.643348 0.106592
vt 0.643348 0.097385
vt 0.630732 0.129532
vt 0.643348 0.129532
vt 0.284834 0.913706
vt 0.279934 0.910911
vt 0.293134 0.906229
vt 0.290198 0.901429
vt 0.274697 0.906701
vt 0.282109 0.898843
vt 0.304153 0.903027
vt 0.267590 0.901010
vt 0.304274 0.897585
vt 0.257716 0.891057
vt 0.275289 0.892888
vt 0.293887 0.893399
vt 0.315101 0.899508
vt 0.267273 0.882934
vt 0.287375 0.894759
vt 0.313205 0.904466
vt 0.304585 0.892719
vt 0.248987 0.880082
vt 0.283261 0.886723
vt 0.322940 0.911715
vt 0.305128 0.883136
vt 0.316296 0.893244
vt 0.259904 0.871211
vt 0.293728 0.883540
vt 0.330995 0.923171
vt 0.325225 0.923034
vt 0.278100 0.876065
vt 0.317883 0.883178
vt 0.329789 0.895646
vt 0.328073 0.908463
vt 0.323737 0.934749
vt 0.272312 0.863897
vt 0.290270 0.871686
vt 0.303965 0.870220
vt 0.333859 0.883477
vt 0.339711 0.908291
vt 0.328581 0.938029
vt 0.285753 0.858709
vt 0.318938 0.869348
vt 0.336736 0.899562
vt 0.314966 0.945339
vt 0.313104 0.940705
vt 0.340741 0.923256
vt 0.301639 0.856351
vt 0.338447 0.868344
vt 0.352955 0.884730
vt 0.304215 0.946248
vt 0.304157 0.941443
vt 0.331105 0.948905
vt 0.341087 0.937495
vt 0.355836 0.904604
vt 0.318393 0.855716
vt 0.291744 0.943360
vt 0.338978 0.946105
vt 0.334723 0.959536
vt 0.305480 0.952003
vt 0.356528 0.923257
vt 0.376888 0.882046
vt 0.376276 0.902659
vt 0.339318 0.854705
vt 0.294133 0.939003
vt 0.353252 0.956614
vt 0.338493 0.973804
vt 0.318411 0.960721
vt 0.316522 0.951304
vt 0.295239 0.951291
vt 0.376308 0.923257
vt 0.356493 0.939001
vt 0.357077 0.866703
vt 0.285321 0.932612
vt 0.357067 0.974422
vt 0.319130 0.973035
vt 0.305732 0.960325
vt 0.294514 0.959330
vt 0.400879 0.902293
vt 0.376409 0.940863
vt 0.378073 0.865745
vt 0.403570 0.866883
vt 0.357513 0.853224
vt 0.280321 0.935506
vt 0.376671 0.958002
vt 0.339445 0.986323
vt 0.304769 0.971707
vt 0.284643 0.956532
vt 0.401813 0.882531
vt 0.400841 0.923257
vt 0.378819 0.852294
vt 0.283022 0.945769
vt 0.402147 0.957625
vt 0.377639 0.975020
vt 0.318303 0.985511
vt 0.357007 0.987001
vt 0.287745 0.949290
vt 0.292395 0.970084
vt 0.422529 0.870885
vt 0.401035 0.940960
vt 0.420899 0.885980
vt 0.420422 0.903849
vt 0.405685 0.854020
vt 0.274234 0.938794
vt 0.302073 0.984078
vt 0.404321 0.973979
vt 0.378735 0.987739
vt 0.280133 0.966715
vt 0.275807 0.951486
vt 0.420907 0.939494
vt 0.442198 0.878483
vt 0.438513 0.905596
vt 0.420875 0.923257
vt 0.426542 0.858461
vt 0.289135 0.982385
vt 0.421939 0.954592
vt 0.424697 0.969706
vt 0.405949 0.986106
vt 0.268432 0.961234
vt 0.266915 0.944217
vt 0.437594 0.891793
vt 0.438636 0.923257
vt 0.448648 0.867988
vt 0.275829 0.978782
vt 0.438437 0.937172
vt 0.439760 0.949892
vt 0.445542 0.961664
vt 0.428331 0.981992
vt 0.257083 0.953836
vt 0.448703 0.897783
vt 0.467974 0.883137
vt 0.262441 0.973251
vt 0.453779 0.935360
vt 0.448533 0.944307
vt 0.451529 0.972783
vt 0.249618 0.965658
vt 0.458813 0.891386
vt 0.454483 0.908246
vt 0.459608 0.950682
vt 0.468674 0.958855
vt 0.480672 0.903190
vt 0.455417 0.923257
vt 0.468111 0.936665
vt 0.480539 0.940658
vt 0.468737 0.907665
vt 0.470246 0.923257
vt 0.484265 0.923257
vt 0.564714 0.017455
vt 0.600288 0.017455
vt 0.565171 0.027709
vt 0.616141 0.017455
vt 0.612890 0.028732
vt 0.599236 0.028256
vt 0.565748 0.038963
vt 0.630731 0.017455
vt 0.598685 0.039304
vt 0.566149 0.050033
vt 0.629773 0.029057
vt 0.598900 0.050599
vt 0.643347 0.017455
vt 0.611139 0.039843
vt 0.566538 0.061730
vt 0.643347 0.029714
vt 0.628137 0.039932
vt 0.611420 0.050566
vt 0.599897 0.061971
vt 0.566264 0.073970
vt 0.643347 0.040957
vt 0.600734 0.073946
vt 0.628371 0.050265
vt 0.601502 0.085938
vt 0.613586 0.061951
vt 0.643347 0.049793
vt 0.565805 0.086525
vt 0.615908 0.073806
vt 0.630060 0.061855
vt 0.601463 0.098047
vt 0.643347 0.061464
vt 0.632562 0.073581
vt 0.565005 0.098805
vt 0.617734 0.085340
vt 0.618283 0.098044
vt 0.643347 0.073365
vt 0.601388 0.109001
vt 0.631999 0.085297
vt 0.631141 0.097560
vt 0.631939 0.107919
vt 0.564536 0.109281
vt 0.618930 0.108644
vt 0.643347 0.085294
vt 0.643347 0.106592
vt 0.600941 0.118807
vt 0.631661 0.118302
vt 0.643347 0.097385
vt 0.564475 0.118918
vt 0.618023 0.118696
vt 0.643347 0.117577
vt 0.600288 0.129532
vt 0.630731 0.129532
vt 0.643347 0.129532
vt 0.564714 0.129532
vt 0.616141 0.129532
vt 0.017069 0.901031
vt 0.026642 0.904436
vt 0.025553 0.887206
vt 0.013066 0.917670
vt 0.034140 0.894119
vt 0.015693 0.932873
vt 0.025185 0.917670
vt 0.037561 0.877658
vt 0.026352 0.930072
vt 0.042086 0.901900
vt 0.044119 0.886709
vt 0.050898 0.871852
vt 0.023002 0.946880
vt 0.037840 0.925966
vt 0.037811 0.909150
vt 0.070596 0.878299
vt 0.068365 0.867581
vt 0.049645 0.897115
vt 0.034339 0.957551
vt 0.032795 0.940934
vt 0.048400 0.917670
vt 0.037078 0.917670
vt 0.055458 0.882468
vt 0.092139 0.875101
vt 0.091064 0.864261
vt 0.048267 0.906451
vt 0.041810 0.949161
vt 0.041304 0.934440
vt 0.059393 0.894389
vt 0.109903 0.873248
vt 0.109297 0.862200
vt 0.072785 0.891411
vt 0.048478 0.928826
vt 0.060890 0.917669
vt 0.060861 0.904452
vt 0.050010 0.964935
vt 0.047884 0.939372
vt 0.131294 0.871953
vt 0.131397 0.860923
vt 0.092729 0.887968
vt 0.109956 0.885982
vt 0.060165 0.931654
vt 0.073917 0.917670
vt 0.073815 0.902870
vt 0.069564 0.958570
vt 0.054739 0.954435
vt 0.157327 0.872125
vt 0.158492 0.861338
vt 0.092856 0.901974
vt 0.110288 0.901457
vt 0.130936 0.885004
vt 0.058363 0.943843
vt 0.073319 0.934144
vt 0.067271 0.969603
vt 0.180242 0.864675
vt 0.110429 0.917670
vt 0.092756 0.917669
vt 0.156195 0.885723
vt 0.130539 0.900870
vt 0.071589 0.947487
vt 0.090647 0.962787
vt 0.177621 0.875030
vt 0.194865 0.882683
vt 0.092254 0.935488
vt 0.109888 0.935740
vt 0.155261 0.900861
vt 0.130176 0.917670
vt 0.089162 0.973747
vt 0.091550 0.950975
vt 0.202456 0.873278
vt 0.172601 0.888699
vt 0.129810 0.936393
vt 0.154152 0.917669
vt 0.108684 0.965506
vt 0.109270 0.952889
vt 0.185295 0.892823
vt 0.207114 0.892320
vt 0.154211 0.936258
vt 0.171229 0.902298
vt 0.107677 0.976874
vt 0.129494 0.954293
vt 0.218600 0.885949
vt 0.195538 0.898078
vt 0.154588 0.954215
vt 0.170816 0.917670
vt 0.129263 0.967333
vt 0.216135 0.904460
vt 0.186968 0.904592
vt 0.170717 0.934465
vt 0.154846 0.967708
vt 0.128864 0.978612
vt 0.229206 0.902108
vt 0.201072 0.905875
vt 0.171495 0.951281
vt 0.186634 0.932819
vt 0.187076 0.917669
vt 0.155523 0.979322
vt 0.217945 0.917670
vt 0.232670 0.917670
vt 0.173500 0.964544
vt 0.201322 0.932031
vt 0.203257 0.917670
vt 0.184959 0.946518
vt 0.176104 0.976131
vt 0.229652 0.935606
vt 0.216217 0.933401
vt 0.195737 0.940922
vt 0.190002 0.958784
vt 0.217284 0.954291
vt 0.207180 0.947825
vt 0.198136 0.968159
vt 0.017068 0.901031
vt 0.025552 0.887206
vt 0.026641 0.904436
vt 0.013066 0.917670
vt 0.034140 0.894119
vt 0.025184 0.917670
vt 0.015692 0.932873
vt 0.037561 0.877658
vt 0.026350 0.930072
vt 0.042086 0.901900
vt 0.050898 0.871852
vt 0.044119 0.886709
vt 0.023000 0.946880
vt 0.037078 0.917670
vt 0.037839 0.925966
vt 0.037811 0.909150
vt 0.068363 0.867581
vt 0.070595 0.878299
vt 0.055457 0.882468
vt 0.059392 0.894389
vt 0.049644 0.897115
vt 0.032795 0.940934
vt 0.034338 0.957551
vt 0.048400 0.917670
vt 0.091063 0.864261
vt 0.092139 0.875101
vt 0.072784 0.891411
vt 0.048267 0.906451
vt 0.041809 0.949161
vt 0.041304 0.934440
vt 0.109295 0.862200
vt 0.109903 0.873248
vt 0.073814 0.902870
vt 0.060861 0.904452
vt 0.092728 0.887968
vt 0.048476 0.928826
vt 0.050008 0.964935
vt 0.047883 0.939372
vt 0.131396 0.860923
vt 0.131293 0.871953
vt 0.073917 0.917670
vt 0.060889 0.917669
vt 0.109955 0.885982
vt 0.092854 0.901974
vt 0.054739 0.954435
vt 0.069563 0.958570
vt 0.058362 0.943843
vt 0.158491 0.861338
vt 0.157327 0.872125
vt 0.060165 0.931654
vt 0.130934 0.885004
vt 0.110287 0.901457
vt 0.092755 0.917669
vt 0.067271 0.969603
vt 0.071589 0.947487
vt 0.180240 0.864675
vt 0.073319 0.934144
vt 0.156193 0.885723
vt 0.130538 0.900870
vt 0.110428 0.917670
vt 0.090646 0.962787
vt 0.202456 0.873278
vt 0.194863 0.882683
vt 0.092253 0.935488
vt 0.177621 0.875030
vt 0.155261 0.900861
vt 0.130175 0.917670
vt 0.089162 0.973747
vt 0.091550 0.950975
vt 0.218600 0.885949
vt 0.207114 0.892320
vt 0.109888 0.935740
vt 0.172601 0.888699
vt 0.154150 0.917669
vt 0.108685 0.965506
vt 0.229205 0.902108
vt 0.216135 0.904460
vt 0.185294 0.892823
vt 0.129808 0.936393
vt 0.109268 0.952889
vt 0.171228 0.902298
vt 0.154211 0.936258
vt 0.107677 0.976874
vt 0.217944 0.917670
vt 0.201072 0.905875
vt 0.195538 0.898078
vt 0.129494 0.954293
vt 0.170814 0.917670
vt 0.154586 0.954215
vt 0.129263 0.967333
vt 0.232670 0.917670
vt 0.203256 0.917670
vt 0.186967 0.904592
vt 0.170716 0.934465
vt 0.154844 0.967708
vt 0.128863 0.978612
vt 0.229652 0.935606
vt 0.216216 0.933401
vt 0.201321 0.932031
vt 0.187076 0.917669
vt 0.171494 0.951281
vt 0.155523 0.979322
vt 0.217283 0.954291
vt 0.207179 0.947825
vt 0.186634 0.932819
vt 0.173498 0.964544
vt 0.176103 0.976131
vt 0.198136 0.968159
vt 0.184957 0.946518
vt 0.195735 0.940922
vt 0.190001 0.958784
vt 0.020515 0.906605
vt 0.497468 0.906735
vt 0.020515 0.995145
vt 0.497468 0.838415
vt 0.020515 0.838595
vt 0.497468 0.995145
vt 0.020515 0.768865
vt 0.497468 0.768865
vt 0.444124 0.050510
vt 0.409731 0.050680
vt 0.410126 0.069133
vt 0.409692 0.031634
vt 0.444384 0.069009
vt 0.443804 0.031411
vt 0.477845 0.050707
vt 0.477314 0.031503
vt 0.375603 0.069360
vt 0.375746 0.032004
vt 0.375287 0.051082
vt 0.477894 0.069244
vt 0.444044 0.087047
vt 0.476698 0.009288
vt 0.410059 0.009288
vt 0.443571 0.009288
vt 0.342127 0.069608
vt 0.410128 0.087208
vt 0.375693 0.087240
vt 0.376559 0.009288
vt 0.342545 0.032403
vt 0.343479 0.009288
vt 0.510196 0.051170
vt 0.509977 0.031761
vt 0.509516 0.009288
vt 0.342222 0.087281
vt 0.341927 0.051529
vt 0.309481 0.069761
vt 0.443724 0.110795
vt 0.409907 0.110715
vt 0.310128 0.009288
vt 0.510284 0.069870
vt 0.477278 0.087248
vt 0.542021 0.009288
vt 0.542021 0.031887
vt 0.309547 0.087340
vt 0.342301 0.110320
vt 0.309604 0.110288
vt 0.309686 0.032591
vt 0.309354 0.051767
vt 0.443254 0.136079
vt 0.375672 0.110498
vt 0.409430 0.135732
vt 0.509754 0.088105
vt 0.542021 0.051384
vt 0.277103 0.110239
vt 0.277107 0.069840
vt 0.277112 0.087356
vt 0.277021 0.032726
vt 0.277087 0.051905
vt 0.276825 0.009288
vt 0.441978 0.162927
vt 0.342373 0.135081
vt 0.309647 0.135004
vt 0.243616 0.087368
vt 0.277085 0.134915
vt 0.243538 0.110344
vt 0.243714 0.069761
vt 0.243816 0.051750
vt 0.243517 0.032565
vt 0.242973 0.009288
vt 0.409049 0.162440
vt 0.375545 0.135349
vt 0.375674 0.162014
vt 0.243497 0.135076
vt 0.209764 0.087334
vt 0.209653 0.110459
vt 0.309919 0.161957
vt 0.277032 0.161881
vt 0.209968 0.069582
vt 0.210003 0.032291
vt 0.209520 0.009288
vt 0.441851 0.194736
vt 0.474993 0.194736
vt 0.475265 0.162770
vt 0.342844 0.161949
vt 0.376213 0.194736
vt 0.343315 0.194736
vt 0.209700 0.135258
vt 0.175279 0.110556
vt 0.175449 0.135474
vt 0.276831 0.194736
vt 0.243227 0.162018
vt 0.210265 0.051442
vt 0.176186 0.031951
vt 0.176034 0.009288
vt 0.409146 0.194736
vt 0.507727 0.194736
vt 0.310085 0.194736
vt 0.175383 0.087267
vt 0.175670 0.069361
vt 0.209491 0.162088
vt 0.141378 0.135445
vt 0.175596 0.162244
vt 0.142021 0.162175
vt 0.176131 0.051068
vt 0.142479 0.031764
vt 0.142844 0.009288
vt 0.508308 0.161961
vt 0.542021 0.194736
vt 0.242993 0.194736
vt 0.140929 0.110530
vt 0.141236 0.069195
vt 0.140925 0.087176
vt 0.142973 0.194736
vt 0.108517 0.162329
vt 0.110030 0.194736
vt 0.209540 0.194736
vt 0.176149 0.194736
vt 0.141851 0.050829
vt 0.108662 0.031566
vt 0.109534 0.009288
vt 0.542021 0.161464
vt 0.106834 0.110539
vt 0.107055 0.069115
vt 0.106770 0.087136
vt 0.107329 0.135533
vt 0.076847 0.194736
vt 0.076339 0.009288
vt 0.107675 0.050699
vt 0.508273 0.133481
vt 0.542021 0.132923
vt 0.073575 0.110468
vt 0.073696 0.069165
vt 0.073475 0.087128
vt 0.075383 0.162322
vt 0.074106 0.135424
vt 0.075299 0.031587
vt 0.043286 0.009288
vt 0.507956 0.106413
vt 0.542021 0.105842
vt 0.074218 0.050784
vt 0.041189 0.110419
vt 0.041230 0.069319
vt 0.041079 0.087190
vt 0.042694 0.162244
vt 0.041644 0.135297
vt 0.044006 0.194736
vt 0.042424 0.031724
vt 0.009063 0.009288
vt 0.041611 0.050989
vt 0.009063 0.110503
vt 0.009063 0.069590
vt 0.009063 0.087387
vt 0.009063 0.162181
vt 0.009063 0.135278
vt 0.009063 0.194736
vt 0.009063 0.031965
vt 0.009063 0.051293
vt 0.727720 0.267009
vt 0.741135 0.287132
vt 0.752212 0.277069
vt 0.725425 0.300822
vt 0.748014 0.261446
vt 0.708135 0.275393
vt 0.743631 0.239582
vt 0.719981 0.242820
vt 0.767518 0.282715
vt 0.759822 0.303109
vt 0.767686 0.238908
vt 0.768800 0.261638
vt 0.696939 0.247469
vt 0.748930 0.321463
vt 0.766419 0.215483
vt 0.741289 0.215906
vt 0.791487 0.263842
vt 0.789565 0.288392
vt 0.716384 0.217349
vt 0.691243 0.219182
vt 0.784252 0.312587
vt 0.776684 0.336025
vt 0.791119 0.215657
vt 0.791567 0.239631
vt 0.715237 0.191904
vt 0.690484 0.191904
vt 0.765499 0.191904
vt 0.740052 0.191904
vt 0.811112 0.317925
vt 0.807121 0.344794
vt 0.815035 0.265731
vt 0.813835 0.291682
vt 0.815118 0.216070
vt 0.790936 0.191904
vt 0.814754 0.191904
vt 0.838822 0.319784
vt 0.838803 0.347906
vt 0.815307 0.240587
vt 0.838858 0.292997
vt 0.838897 0.266672
vt 0.838957 0.191904
vt 0.871474 0.344775
vt 0.838928 0.241208
vt 0.838948 0.216383
vt 0.867432 0.317945
vt 0.864707 0.291716
vt 0.863577 0.216085
vt 0.863337 0.240615
vt 0.863552 0.265765
vt 0.902844 0.335741
vt 0.863962 0.191904
vt 0.889753 0.288300
vt 0.895126 0.312425
vt 0.887843 0.239595
vt 0.887859 0.263786
vt 0.888351 0.215639
vt 0.888570 0.191904
vt 0.931447 0.320632
vt 0.912115 0.281635
vt 0.919637 0.300767
vt 0.913780 0.215368
vt 0.914726 0.191904
vt 0.911155 0.261309
vt 0.912435 0.238703
vt 0.955504 0.300171
vt 0.939542 0.215758
vt 0.940804 0.191904
vt 0.932026 0.260844
vt 0.937098 0.239248
vt 0.927721 0.276163
vt 0.938904 0.286016
vt 0.952183 0.266400
vt 0.973159 0.275181
vt 0.964943 0.217303
vt 0.966130 0.191904
vt 0.961212 0.242658
vt 0.984588 0.247525
vt 0.990433 0.219286
vt 0.991266 0.191904
vt 0.444123 0.050510
vt 0.410126 0.069133
vt 0.409730 0.050680
vt 0.444383 0.069009
vt 0.409692 0.031634
vt 0.477844 0.050707
vt 0.443804 0.031411
vt 0.477314 0.031503
vt 0.375602 0.069360
vt 0.444043 0.087047
vt 0.410128 0.087208
vt 0.410058 0.009288
vt 0.375745 0.032004
vt 0.376558 0.009288
vt 0.509976 0.031761
vt 0.477893 0.069244
vt 0.510195 0.051170
vt 0.375692 0.087240
vt 0.375287 0.051082
vt 0.342127 0.069608
vt 0.443570 0.009288
vt 0.476698 0.009288
vt 0.343478 0.009288
vt 0.542021 0.031887
vt 0.509516 0.009288
vt 0.542021 0.009288
vt 0.477277 0.087248
vt 0.510283 0.069870
vt 0.409907 0.110715
vt 0.443724 0.110795
vt 0.341926 0.051529
vt 0.342221 0.087281
vt 0.309481 0.069761
vt 0.342546 0.032402
vt 0.542021 0.051384
vt 0.509753 0.088105
vt 0.443253 0.136079
vt 0.342301 0.110320
vt 0.375672 0.110498
vt 0.309354 0.051767
vt 0.309546 0.087340
vt 0.277086 0.051905
vt 0.277107 0.069840
vt 0.310128 0.009288
vt 0.409429 0.135732
vt 0.441977 0.162927
vt 0.309603 0.110288
vt 0.342372 0.135081
vt 0.309646 0.135004
vt 0.309685 0.032591
vt 0.243713 0.069761
vt 0.277111 0.087356
vt 0.409049 0.162440
vt 0.441850 0.194736
vt 0.474992 0.194736
vt 0.475264 0.162770
vt 0.375545 0.135349
vt 0.277084 0.134915
vt 0.309919 0.161957
vt 0.277031 0.161881
vt 0.277021 0.032726
vt 0.276824 0.009288
vt 0.277103 0.110239
vt 0.243816 0.051750
vt 0.243615 0.087368
vt 0.209968 0.069582
vt 0.409145 0.194736
vt 0.375674 0.162014
vt 0.376212 0.194736
vt 0.507726 0.194736
vt 0.508308 0.161961
vt 0.342843 0.161949
vt 0.243496 0.135076
vt 0.276830 0.194736
vt 0.243226 0.162018
vt 0.243517 0.032565
vt 0.242972 0.009288
vt 0.209763 0.087334
vt 0.210265 0.051442
vt 0.175669 0.069361
vt 0.176129 0.051068
vt 0.243537 0.110344
vt 0.343314 0.194736
vt 0.542021 0.194736
vt 0.542021 0.161464
vt 0.508273 0.133481
vt 0.310085 0.194736
vt 0.209699 0.135258
vt 0.242993 0.194736
vt 0.209491 0.162088
vt 0.209540 0.194736
vt 0.210003 0.032291
vt 0.209519 0.009288
vt 0.175382 0.087267
vt 0.141850 0.050829
vt 0.141236 0.069195
vt 0.209652 0.110459
vt 0.542021 0.132923
vt 0.507956 0.106413
vt 0.176149 0.194736
vt 0.176186 0.031951
vt 0.176033 0.009288
vt 0.140925 0.087176
vt 0.175278 0.110556
vt 0.140929 0.110530
vt 0.175448 0.135474
vt 0.542021 0.105842
vt 0.175595 0.162244
vt 0.142972 0.194736
vt 0.142480 0.031764
vt 0.142843 0.009288
vt 0.107055 0.069115
vt 0.107674 0.050699
vt 0.141376 0.135445
vt 0.106833 0.110539
vt 0.107328 0.135533
vt 0.142021 0.162175
vt 0.110030 0.194736
vt 0.108661 0.031566
vt 0.109534 0.009288
vt 0.106770 0.087136
vt 0.074218 0.050784
vt 0.073696 0.069165
vt 0.108517 0.162329
vt 0.074104 0.135424
vt 0.075383 0.162322
vt 0.076338 0.009288
vt 0.075298 0.031587
vt 0.073474 0.087128
vt 0.041611 0.050989
vt 0.041229 0.069319
vt 0.073574 0.110468
vt 0.076846 0.194736
vt 0.042694 0.162244
vt 0.044005 0.194736
vt 0.043286 0.009288
vt 0.042422 0.031724
vt 0.041079 0.087190
vt 0.009063 0.051293
vt 0.009063 0.069590
vt 0.041643 0.135297
vt 0.041189 0.110419
vt 0.009063 0.194736
vt 0.009063 0.009288
vt 0.009063 0.031965
vt 0.009063 0.087387
vt 0.009063 0.135278
vt 0.009063 0.110503
vt 0.009063 0.162181
vt 0.727720 0.267009
vt 0.752211 0.277069
vt 0.741134 0.287132
vt 0.748014 0.261446
vt 0.725424 0.300822
vt 0.743630 0.239582
vt 0.708134 0.275393
vt 0.719980 0.242820
vt 0.767517 0.282715
vt 0.768799 0.261638
vt 0.759819 0.303109
vt 0.748929 0.321463
vt 0.741288 0.215906
vt 0.767685 0.238908
vt 0.766418 0.215483
vt 0.696939 0.247469
vt 0.784251 0.312587
vt 0.776684 0.336025
vt 0.791487 0.263842
vt 0.789564 0.288392
vt 0.765499 0.191904
vt 0.716383 0.217349
vt 0.740051 0.191904
vt 0.791566 0.239631
vt 0.791118 0.215657
vt 0.811109 0.317925
vt 0.807121 0.344794
vt 0.815034 0.265731
vt 0.813834 0.291682
vt 0.790936 0.191904
vt 0.715236 0.191904
vt 0.691243 0.219182
vt 0.815306 0.240587
vt 0.815118 0.216070
vt 0.838821 0.319784
vt 0.838802 0.347906
vt 0.838897 0.266672
vt 0.838858 0.292997
vt 0.814753 0.191904
vt 0.690483 0.191904
vt 0.838927 0.241208
vt 0.838948 0.216383
vt 0.871473 0.344775
vt 0.864706 0.291716
vt 0.867431 0.317945
vt 0.838956 0.191904
vt 0.863552 0.265765
vt 0.863337 0.240615
vt 0.902844 0.335741
vt 0.895125 0.312425
vt 0.863576 0.216085
vt 0.863961 0.191904
vt 0.889753 0.288300
vt 0.887859 0.263786
vt 0.931446 0.320632
vt 0.888350 0.215639
vt 0.888569 0.191904
vt 0.887842 0.239595
vt 0.919637 0.300767
vt 0.912114 0.281635
vt 0.913779 0.215368
vt 0.914725 0.191904
vt 0.911154 0.261309
vt 0.912434 0.238703
vt 0.955503 0.300171
vt 0.927720 0.276163
vt 0.938903 0.286016
vt 0.939542 0.215758
vt 0.940803 0.191904
vt 0.932026 0.260844
vt 0.937097 0.239248
vt 0.952182 0.266400
vt 0.973158 0.275181
vt 0.964942 0.217303
vt 0.966129 0.191904
vt 0.961212 0.242658
vt 0.984587 0.247525
vt 0.990432 0.219286
vt 0.991266 0.191904
vt 0.716881 0.069897
vt 0.717929 0.095970
vt 0.725251 0.079159
vt 0.701481 0.092678
vt 0.741727 0.071713
vt 0.704883 0.058876
vt 0.738111 0.053505
vt 0.737951 0.092561
vt 0.707838 0.120158
vt 0.731395 0.118405
vt 0.730740 0.036941
vt 0.766048 0.061675
vt 0.764746 0.039750
vt 0.688373 0.118560
vt 0.684960 0.085774
vt 0.757025 0.115463
vt 0.724563 0.147054
vt 0.752099 0.145522
vt 0.763626 0.087117
vt 0.760678 0.021693
vt 0.671044 0.115180
vt 0.702259 0.147835
vt 0.787452 0.144107
vt 0.750334 0.176309
vt 0.786387 0.176309
vt 0.793444 0.083163
vt 0.795504 0.056274
vt 0.795156 0.032801
vt 0.793270 0.012531
vt 0.681944 0.147259
vt 0.662946 0.145823
vt 0.790054 0.112752
vt 0.721740 0.176309
vt 0.827104 0.176309
vt 0.827082 0.030229
vt 0.827098 0.009255
vt 0.827078 0.081307
vt 0.827076 0.054043
vt 0.679475 0.176309
vt 0.660704 0.176309
vt 0.827094 0.143370
vt 0.827084 0.111382
vt 0.699884 0.176309
vt 0.862062 0.012654
vt 0.859638 0.056320
vt 0.860086 0.032876
vt 0.864287 0.112769
vt 0.861376 0.083192
vt 0.866597 0.144114
vt 0.867576 0.176309
vt 0.895721 0.022256
vt 0.891498 0.040163
vt 0.892284 0.087394
vt 0.890028 0.061995
vt 0.902441 0.145636
vt 0.904032 0.176309
vt 0.926611 0.038108
vt 0.898045 0.115671
vt 0.918757 0.053800
vt 0.914590 0.072572
vt 0.931619 0.147135
vt 0.934215 0.176309
vt 0.918075 0.093615
vt 0.925378 0.118775
vt 0.953086 0.059246
vt 0.940009 0.071652
vt 0.955615 0.147805
vt 0.958014 0.176309
vt 0.938887 0.096698
vt 0.949925 0.120252
vt 0.931220 0.080173
vt 0.956120 0.092864
vt 0.973468 0.085578
vt 0.976654 0.147086
vt 0.979178 0.176309
vt 0.970033 0.118426
vt 0.987706 0.114765
vt 0.996008 0.145463
vt 0.998342 0.176309
vt 0.701480 0.092678
vt 0.716881 0.069897
vt 0.717929 0.095970
vt 0.704883 0.058876
vt 0.707837 0.120158
vt 0.684959 0.085774
vt 0.688372 0.118560
vt 0.725250 0.079159
vt 0.738110 0.053505
vt 0.741726 0.071713
vt 0.702258 0.147835
vt 0.731395 0.118405
vt 0.724562 0.147054
vt 0.671043 0.115180
vt 0.730740 0.036941
vt 0.737951 0.092561
vt 0.721739 0.176309
vt 0.681943 0.147259
vt 0.699883 0.176309
vt 0.764745 0.039750
vt 0.760677 0.021693
vt 0.763625 0.087117
vt 0.766047 0.061675
vt 0.752098 0.145522
vt 0.757024 0.115463
vt 0.750333 0.176309
vt 0.679474 0.176309
vt 0.662945 0.145823
vt 0.795156 0.032801
vt 0.793270 0.012531
vt 0.793444 0.083163
vt 0.795504 0.056274
vt 0.787451 0.144107
vt 0.790053 0.112752
vt 0.786386 0.176309
vt 0.660703 0.176309
vt 0.827081 0.030229
vt 0.827097 0.009255
vt 0.827077 0.081307
vt 0.827075 0.054043
vt 0.827093 0.143370
vt 0.827083 0.111382
vt 0.827103 0.176309
vt 0.862061 0.012654
vt 0.859637 0.056320
vt 0.860085 0.032876
vt 0.864287 0.112769
vt 0.861375 0.083192
vt 0.866596 0.144114
vt 0.867575 0.176309
vt 0.895721 0.022256
vt 0.890027 0.061995
vt 0.891497 0.040163
vt 0.902440 0.145636
vt 0.904031 0.176309
vt 0.892283 0.087394
vt 0.898045 0.115671
vt 0.926610 0.038108
vt 0.931618 0.147135
vt 0.934214 0.176309
vt 0.918074 0.093615
vt 0.925378 0.118775
vt 0.918756 0.053800
vt 0.914590 0.072572
vt 0.955614 0.147805
vt 0.958013 0.176309
vt 0.938887 0.096698
vt 0.949924 0.120252
vt 0.940009 0.071652
vt 0.931219 0.080173
vt 0.953085 0.059246
vt 0.976653 0.147086
vt 0.979178 0.176309
vt 0.956120 0.092864
vt 0.970032 0.118426
vt 0.996008 0.145463
vt 0.998342 0.176309
vt 0.973467 0.085578
vt 0.987705 0.114765
vt 0.016966 0.711279
vt 0.016966 0.719158
vt 0.063989 0.692760
vt 0.016966 0.726264
vt 0.064978 0.698781
vt 0.065783 0.705559
vt 0.109231 0.684353
vt 0.108357 0.676593
vt 0.063052 0.728504
vt 0.147467 0.665187
vt 0.016966 0.739014
vt 0.109976 0.691448
vt 0.148175 0.671336
vt 0.063041 0.753442
vt 0.106602 0.719939
vt 0.185917 0.654952
vt 0.016966 0.753442
vt 0.148810 0.678440
vt 0.106666 0.753442
vt 0.186443 0.662691
vt 0.016966 0.770844
vt 0.146365 0.713024
vt 0.148018 0.753442
vt 0.218222 0.651089
vt 0.016966 0.786623
vt 0.061645 0.781519
vt 0.186855 0.669859
vt 0.187224 0.753442
vt 0.218391 0.658843
vt 0.064153 0.804748
vt 0.105624 0.788229
vt 0.185616 0.708786
vt 0.247844 0.652631
vt 0.016966 0.793073
vt 0.108684 0.819116
vt 0.147194 0.792722
vt 0.218608 0.666048
vt 0.218885 0.753442
vt 0.247561 0.660373
vt 0.063445 0.811234
vt 0.149850 0.828201
vt 0.219213 0.706972
vt 0.187680 0.794822
vt 0.289879 0.659863
vt 0.016966 0.801509
vt 0.062439 0.819631
vt 0.108167 0.825660
vt 0.247537 0.667615
vt 0.189382 0.832671
vt 0.250859 0.753442
vt 0.251267 0.708214
vt 0.289502 0.667608
vt 0.107446 0.833985
vt 0.220881 0.795032
vt 0.149529 0.834754
vt 0.292459 0.712035
vt 0.330086 0.670153
vt 0.289314 0.674839
vt 0.149082 0.842989
vt 0.251363 0.829208
vt 0.252710 0.793344
vt 0.221395 0.832790
vt 0.329566 0.677873
vt 0.291550 0.753442
vt 0.333176 0.716824
vt 0.189017 0.847383
vt 0.189242 0.839214
vt 0.292117 0.821489
vt 0.293685 0.789172
vt 0.221418 0.839311
vt 0.251525 0.835713
vt 0.363081 0.681955
vt 0.329292 0.685062
vt 0.221434 0.847492
vt 0.334067 0.811268
vt 0.332900 0.753442
vt 0.292328 0.827994
vt 0.362415 0.689646
vt 0.251785 0.843953
vt 0.335637 0.783614
vt 0.366848 0.722763
vt 0.334253 0.817853
vt 0.394957 0.693857
vt 0.362067 0.696793
vt 0.292701 0.836329
vt 0.364649 0.803722
vt 0.368652 0.780002
vt 0.364878 0.810384
vt 0.394369 0.701592
vt 0.367493 0.753442
vt 0.399402 0.729082
vt 0.334707 0.826363
vt 0.400454 0.799822
vt 0.421664 0.703194
vt 0.394144 0.708740
vt 0.400321 0.793044
vt 0.400866 0.774953
vt 0.365423 0.819103
vt 0.421113 0.711041
vt 0.400555 0.753442
vt 0.430701 0.791185
vt 0.401095 0.808708
vt 0.452170 0.712915
vt 0.421010 0.718285
vt 0.430748 0.784260
vt 0.431254 0.770447
vt 0.431317 0.800134
vt 0.451597 0.720978
vt 0.428228 0.734137
vt 0.459027 0.777000
vt 0.461040 0.766227
vt 0.459406 0.792949
vt 0.484319 0.722256
vt 0.431379 0.753442
vt 0.451685 0.728357
vt 0.458875 0.783977
vt 0.483459 0.730980
vt 0.488199 0.768533
vt 0.461506 0.753442
vt 0.457897 0.739708
vt 0.488940 0.785025
vt 0.522405 0.738093
vt 0.488119 0.775646
vt 0.487032 0.745334
vt 0.483565 0.738640
vt 0.489720 0.761247
vt 0.524632 0.746506
vt 0.522524 0.768863
vt 0.523117 0.753442
vt 0.491737 0.753442
vt 0.524618 0.759759
vt 0.976099 0.501234
vt 0.976099 0.493604
vt 0.927164 0.523277
vt 0.976099 0.486307
vt 0.925571 0.515779
vt 0.924082 0.508328
vt 0.875270 0.543350
vt 0.923671 0.489787
vt 0.874019 0.535959
vt 0.976099 0.475751
vt 0.872706 0.528300
vt 0.829547 0.555052
vt 0.922768 0.464277
vt 0.872137 0.499450
vt 0.828689 0.547473
vt 0.976099 0.464277
vt 0.870620 0.464277
vt 0.827626 0.539707
vt 0.783312 0.562552
vt 0.976099 0.447458
vt 0.823683 0.505080
vt 0.782829 0.554970
vt 0.976099 0.432321
vt 0.920680 0.435306
vt 0.819850 0.464277
vt 0.782018 0.547133
vt 0.746198 0.563699
vt 0.917205 0.408346
vt 0.866548 0.426128
vt 0.775306 0.509101
vt 0.746262 0.556046
vt 0.976099 0.424679
vt 0.918372 0.400596
vt 0.861296 0.390395
vt 0.817297 0.421040
vt 0.769219 0.464277
vt 0.745789 0.548164
vt 0.707787 0.559846
vt 0.976099 0.418199
vt 0.919754 0.394117
vt 0.862258 0.382438
vt 0.815792 0.380012
vt 0.737136 0.509533
vt 0.708202 0.552225
vt 0.863429 0.375936
vt 0.768368 0.417410
vt 0.816574 0.371944
vt 0.729747 0.464277
vt 0.698819 0.507517
vt 0.707991 0.544368
vt 0.664392 0.551789
vt 0.817592 0.365289
vt 0.769678 0.372451
vt 0.690687 0.464277
vt 0.664979 0.536536
vt 0.665014 0.544333
vt 0.771238 0.357545
vt 0.770321 0.364323
vt 0.727557 0.416211
vt 0.617651 0.532097
vt 0.617012 0.539496
vt 0.653329 0.503214
vt 0.729553 0.353882
vt 0.728552 0.369020
vt 0.617669 0.524352
vt 0.573289 0.520231
vt 0.572804 0.527574
vt 0.642558 0.464277
vt 0.687298 0.355754
vt 0.728900 0.360821
vt 0.687237 0.371102
vt 0.573218 0.512493
vt 0.527800 0.518018
vt 0.686956 0.417925
vt 0.606034 0.497488
vt 0.635554 0.366759
vt 0.687169 0.362832
vt 0.528078 0.510697
vt 0.636078 0.382339
vt 0.595324 0.464277
vt 0.591659 0.379939
vt 0.635689 0.374023
vt 0.527925 0.502895
vt 0.495383 0.511615
vt 0.638164 0.424523
vt 0.559983 0.464277
vt 0.565933 0.490950
vt 0.559950 0.390757
vt 0.592021 0.387349
vt 0.495739 0.504221
vt 0.592396 0.395721
vt 0.591051 0.433032
vt 0.524047 0.485323
vt 0.533027 0.399575
vt 0.560557 0.398268
vt 0.495582 0.496282
vt 0.463738 0.495974
vt 0.463112 0.503479
vt 0.560819 0.406671
vt 0.558040 0.437745
vt 0.498528 0.409903
vt 0.533557 0.407124
vt 0.521979 0.464278
vt 0.463552 0.487873
vt 0.431618 0.493022
vt 0.533780 0.415573
vt 0.526446 0.440608
vt 0.465665 0.420731
vt 0.499025 0.417420
vt 0.491006 0.481322
vt 0.432636 0.485163
vt 0.499173 0.425857
vt 0.492699 0.445350
vt 0.433809 0.431378
vt 0.465957 0.428244
vt 0.488344 0.464277
vt 0.459045 0.476631
vt 0.432437 0.477061
vt 0.397092 0.471698
vt 0.398919 0.478947
vt 0.398849 0.449622
vt 0.434167 0.439091
vt 0.466037 0.436688
vt 0.455907 0.464278
vt 0.429638 0.471087
vt 0.398896 0.464277
vt 0.397242 0.456772
vt 0.460210 0.450698
vt 0.428049 0.464277
vt 0.434319 0.447317
vt 0.430578 0.455907
vt 0.016965 0.711279
vt 0.063989 0.692760
vt 0.016965 0.719158
vt 0.064977 0.698781
vt 0.109231 0.684353
vt 0.016965 0.726264
vt 0.108356 0.676593
vt 0.065783 0.705559
vt 0.147466 0.665187
vt 0.063050 0.728504
vt 0.148174 0.671336
vt 0.016965 0.739014
vt 0.109975 0.691448
vt 0.185916 0.654952
vt 0.063041 0.753442
vt 0.106602 0.719939
vt 0.186442 0.662691
vt 0.016965 0.753442
vt 0.148809 0.678440
vt 0.146364 0.713024
vt 0.148018 0.753442
vt 0.106664 0.753442
vt 0.218221 0.651089
vt 0.016965 0.770844
vt 0.186854 0.669859
vt 0.185615 0.708786
vt 0.061644 0.781519
vt 0.218391 0.658843
vt 0.218884 0.753442
vt 0.105623 0.788229
vt 0.016965 0.786623
vt 0.247843 0.652631
vt 0.218608 0.666048
vt 0.147194 0.792722
vt 0.219212 0.706972
vt 0.064152 0.804748
vt 0.247560 0.660373
vt 0.187680 0.794822
vt 0.251266 0.708214
vt 0.016965 0.793073
vt 0.108684 0.819116
vt 0.289879 0.659863
vt 0.247536 0.667615
vt 0.149848 0.828201
vt 0.250859 0.753442
vt 0.063444 0.811234
vt 0.289502 0.667608
vt 0.189382 0.832671
vt 0.220880 0.795032
vt 0.292458 0.712035
vt 0.062439 0.819631
vt 0.108166 0.825660
vt 0.330086 0.670153
vt 0.289313 0.674839
vt 0.221394 0.832790
vt 0.291549 0.753442
vt 0.016965 0.801509
vt 0.149528 0.834754
vt 0.107445 0.833985
vt 0.329566 0.677873
vt 0.251362 0.829208
vt 0.252710 0.793344
vt 0.333175 0.716824
vt 0.189241 0.839214
vt 0.149082 0.842989
vt 0.363078 0.681955
vt 0.329291 0.685062
vt 0.251524 0.835713
vt 0.293685 0.789172
vt 0.221417 0.839311
vt 0.189017 0.847383
vt 0.362415 0.689646
vt 0.332899 0.753442
vt 0.292116 0.821489
vt 0.292327 0.827994
vt 0.251784 0.843953
vt 0.221433 0.847492
vt 0.394956 0.693857
vt 0.362067 0.696793
vt 0.366847 0.722763
vt 0.335636 0.783614
vt 0.334066 0.811268
vt 0.334252 0.817853
vt 0.292700 0.836329
vt 0.394369 0.701592
vt 0.399401 0.729082
vt 0.367492 0.753442
vt 0.368651 0.780002
vt 0.364648 0.803722
vt 0.364878 0.810384
vt 0.334707 0.826363
vt 0.421663 0.703194
vt 0.394143 0.708740
vt 0.400554 0.753442
vt 0.400321 0.793044
vt 0.400454 0.799822
vt 0.365422 0.819103
vt 0.421112 0.711041
vt 0.400865 0.774953
vt 0.428227 0.734137
vt 0.430700 0.791185
vt 0.401094 0.808708
vt 0.452169 0.712915
vt 0.421010 0.718285
vt 0.430747 0.784260
vt 0.431378 0.753442
vt 0.431316 0.800134
vt 0.451596 0.720978
vt 0.431253 0.770447
vt 0.457896 0.739708
vt 0.458875 0.783977
vt 0.459405 0.792949
vt 0.484318 0.722256
vt 0.451684 0.728357
vt 0.459026 0.777000
vt 0.461506 0.753442
vt 0.488939 0.785025
vt 0.483458 0.730980
vt 0.461039 0.766227
vt 0.487031 0.745334
vt 0.488118 0.775646
vt 0.522404 0.738093
vt 0.483565 0.738640
vt 0.488198 0.768533
vt 0.491736 0.753442
vt 0.522523 0.768863
vt 0.524632 0.746506
vt 0.489719 0.761247
vt 0.523117 0.753442
vt 0.524617 0.759759
vt 0.976098 0.501234
vt 0.927163 0.523277
vt 0.976098 0.493604
vt 0.925570 0.515779
vt 0.875269 0.543350
vt 0.976098 0.486307
vt 0.874018 0.535959
vt 0.924082 0.508328
vt 0.829546 0.555052
vt 0.923670 0.489787
vt 0.828688 0.547473
vt 0.976098 0.475751
vt 0.872706 0.528300
vt 0.783311 0.562552
vt 0.922767 0.464277
vt 0.872137 0.499450
vt 0.782828 0.554970
vt 0.976098 0.464277
vt 0.827626 0.539707
vt 0.823682 0.505080
vt 0.870619 0.464277
vt 0.746198 0.563699
vt 0.976098 0.447458
vt 0.782017 0.547133
vt 0.819849 0.464277
vt 0.746261 0.556046
vt 0.920679 0.435306
vt 0.775306 0.509101
vt 0.707786 0.559846
vt 0.976098 0.432321
vt 0.866547 0.426128
vt 0.745788 0.548164
vt 0.708202 0.552225
vt 0.917204 0.408346
vt 0.817296 0.421040
vt 0.769219 0.464277
vt 0.664391 0.551789
vt 0.707991 0.544368
vt 0.918371 0.400596
vt 0.861295 0.390395
vt 0.737136 0.509533
vt 0.665013 0.544333
vt 0.976098 0.424679
vt 0.815791 0.380012
vt 0.862258 0.382438
vt 0.729747 0.464277
vt 0.617009 0.539496
vt 0.664978 0.536536
vt 0.919753 0.394117
vt 0.768367 0.417410
vt 0.816574 0.371944
vt 0.698818 0.507517
vt 0.617650 0.532097
vt 0.976098 0.418199
vt 0.863427 0.375936
vt 0.769677 0.372451
vt 0.817591 0.365289
vt 0.690686 0.464277
vt 0.572804 0.527574
vt 0.617669 0.524352
vt 0.727556 0.416211
vt 0.770320 0.364323
vt 0.771237 0.357545
vt 0.653329 0.503214
vt 0.573289 0.520231
vt 0.687236 0.371102
vt 0.728551 0.369020
vt 0.728899 0.360821
vt 0.729552 0.353882
vt 0.642557 0.464277
vt 0.527799 0.518018
vt 0.573217 0.512493
vt 0.686955 0.417925
vt 0.687168 0.362832
vt 0.687297 0.355754
vt 0.606033 0.497488
vt 0.528078 0.510697
vt 0.638163 0.424523
vt 0.636077 0.382339
vt 0.635688 0.374023
vt 0.635553 0.366759
vt 0.565932 0.490950
vt 0.595323 0.464277
vt 0.495382 0.511615
vt 0.591050 0.433032
vt 0.592397 0.395721
vt 0.592021 0.387349
vt 0.591658 0.379939
vt 0.527924 0.502895
vt 0.495739 0.504221
vt 0.559983 0.464277
vt 0.560818 0.406671
vt 0.560556 0.398268
vt 0.559950 0.390757
vt 0.463111 0.503479
vt 0.495581 0.496282
vt 0.524046 0.485323
vt 0.558040 0.437745
vt 0.533557 0.407124
vt 0.533026 0.399575
vt 0.463737 0.495974
vt 0.521978 0.464278
vt 0.533780 0.415573
vt 0.498527 0.409903
vt 0.431617 0.493022
vt 0.463551 0.487873
vt 0.491005 0.481322
vt 0.526446 0.440608
vt 0.499025 0.417420
vt 0.432635 0.485163
vt 0.459045 0.476631
vt 0.488343 0.464277
vt 0.492698 0.445350
vt 0.499172 0.425857
vt 0.465664 0.420731
vt 0.398918 0.478947
vt 0.432436 0.477061
vt 0.455906 0.464278
vt 0.466037 0.436688
vt 0.465957 0.428244
vt 0.397092 0.471698
vt 0.460210 0.450698
vt 0.429638 0.471087
vt 0.434166 0.439091
vt 0.433808 0.431378
vt 0.398896 0.464277
vt 0.434318 0.447317
vt 0.428049 0.464277
vt 0.398848 0.449622
vt 0.430577 0.455907
vt 0.397241 0.456772
vt 0.994724 0.864148
vt 0.952093 0.864147
vt 0.994724 0.877495
vt 0.994724 0.854618
vt 0.951741 0.886093
vt 0.994724 0.845027
vt 0.952152 0.844502
vt 0.994724 0.891009
vt 0.952155 0.824815
vt 0.909519 0.864148
vt 0.951248 0.908075
vt 0.909503 0.806571
vt 0.909683 0.835396
vt 0.909566 0.893592
vt 0.870952 0.828096
vt 0.870278 0.864147
vt 0.909194 0.923126
vt 0.871158 0.791666
vt 0.870166 0.898902
vt 0.832692 0.781685
vt 0.832290 0.823197
vt 0.831400 0.864148
vt 0.869566 0.933940
vt 0.800357 0.820942
vt 0.831035 0.901947
vt 0.800408 0.776989
vt 0.800328 0.864148
vt 0.830417 0.939989
vt 0.770935 0.778293
vt 0.769228 0.864148
vt 0.799284 0.902400
vt 0.770053 0.821754
vt 0.768435 0.900739
vt 0.798348 0.940757
vt 0.728584 0.785906
vt 0.727262 0.896670
vt 0.768173 0.937252
vt 0.688269 0.797033
vt 0.728216 0.825400
vt 0.728175 0.864148
vt 0.685570 0.890949
vt 0.727180 0.929301
vt 0.687605 0.830483
vt 0.686710 0.864148
vt 0.685285 0.918456
vt 0.655860 0.810196
vt 0.653239 0.864148
vt 0.653630 0.886682
vt 0.654711 0.910584
vt 0.624913 0.822739
vt 0.654728 0.836505
vt 0.620323 0.881256
vt 0.619387 0.899437
vt 0.623218 0.843023
vt 0.621547 0.864148
vt 0.589134 0.890429
vt 0.599277 0.832283
vt 0.592644 0.864148
vt 0.590910 0.876952
vt 0.595963 0.847809
vt 0.561488 0.883122
vt 0.569272 0.841750
vt 0.564352 0.864147
vt 0.562819 0.873533
vt 0.566678 0.852896
vt 0.532380 0.874664
vt 0.536753 0.852877
vt 0.534094 0.869345
vt 0.499965 0.864148
vt 0.536250 0.858646
vt 0.532777 0.864148
vt 0.999219 0.663453
vt 0.949593 0.663453
vt 0.999219 0.674441
vt 0.999219 0.653698
vt 0.945938 0.687820
vt 0.999219 0.646391
vt 0.948936 0.644852
vt 0.999219 0.687606
vt 0.948956 0.626048
vt 0.898539 0.663453
vt 0.941956 0.712367
vt 0.901831 0.603788
vt 0.899962 0.633826
vt 0.893545 0.695759
vt 0.855168 0.627473
vt 0.851638 0.663453
vt 0.848598 0.700452
vt 0.888132 0.728286
vt 0.859423 0.590942
vt 0.804826 0.663453
vt 0.845996 0.737854
vt 0.809740 0.622330
vt 0.803141 0.704882
vt 0.815661 0.581038
vt 0.767448 0.663453
vt 0.802848 0.746561
vt 0.779360 0.578314
vt 0.772499 0.620786
vt 0.764048 0.707731
vt 0.740079 0.580738
vt 0.730036 0.663453
vt 0.762868 0.752041
vt 0.733830 0.621981
vt 0.723464 0.707281
vt 0.693678 0.587912
vt 0.682061 0.663453
vt 0.721193 0.751837
vt 0.689526 0.626158
vt 0.675544 0.703018
vt 0.667753 0.741694
vt 0.643491 0.602317
vt 0.634073 0.663453
vt 0.622700 0.728740
vt 0.599926 0.616859
vt 0.640193 0.633032
vt 0.628308 0.696892
vt 0.599466 0.639855
vt 0.597058 0.663453
vt 0.591110 0.717858
vt 0.558722 0.625618
vt 0.593729 0.691440
vt 0.560579 0.644941
vt 0.562723 0.663453
vt 0.565065 0.708345
vt 0.527241 0.630440
vt 0.562936 0.686608
vt 0.496288 0.638409
vt 0.528080 0.647462
vt 0.530079 0.680764
vt 0.531475 0.696875
vt 0.497383 0.650879
vt 0.529583 0.663453
vt 0.500510 0.686939
vt 0.466344 0.651329
vt 0.497504 0.663453
vt 0.499492 0.675085
vt 0.431901 0.663453
vt 0.465738 0.656980
vt 0.467673 0.670245
vt 0.469942 0.677651
vt 0.465163 0.663453
vt 0.994724 0.864148
vt 0.994724 0.877495
vt 0.952092 0.864147
vt 0.994724 0.854618
vt 0.951740 0.886093
vt 0.952152 0.844502
vt 0.994724 0.845027
vt 0.994724 0.891009
vt 0.952154 0.824815
vt 0.909518 0.864148
vt 0.951247 0.908075
vt 0.909682 0.835396
vt 0.909502 0.806571
vt 0.909565 0.893592
vt 0.870951 0.828096
vt 0.909193 0.923126
vt 0.870277 0.864147
vt 0.871158 0.791666
vt 0.869565 0.933940
vt 0.870165 0.898902
vt 0.832290 0.823197
vt 0.830416 0.939989
vt 0.831035 0.901947
vt 0.831399 0.864148
vt 0.832691 0.781685
vt 0.798347 0.940757
vt 0.799283 0.902400
vt 0.800327 0.864148
vt 0.800356 0.820942
vt 0.768173 0.937252
vt 0.800407 0.776989
vt 0.769227 0.864148
vt 0.768435 0.900739
vt 0.770052 0.821754
vt 0.770935 0.778293
vt 0.727179 0.929301
vt 0.728584 0.785906
vt 0.727261 0.896670
vt 0.728174 0.864148
vt 0.728215 0.825400
vt 0.685285 0.918456
vt 0.688268 0.797033
vt 0.685569 0.890949
vt 0.686710 0.864148
vt 0.687604 0.830483
vt 0.654711 0.910584
vt 0.655859 0.810196
vt 0.653630 0.886682
vt 0.654727 0.836505
vt 0.619386 0.899437
vt 0.624912 0.822739
vt 0.653239 0.864148
vt 0.620322 0.881256
vt 0.623217 0.843023
vt 0.589134 0.890429
vt 0.599277 0.832283
vt 0.621547 0.864148
vt 0.590909 0.876952
vt 0.595962 0.847809
vt 0.561487 0.883122
vt 0.592643 0.864148
vt 0.569272 0.841750
vt 0.562818 0.873533
vt 0.564352 0.864147
vt 0.566678 0.852896
vt 0.532379 0.874664
vt 0.536753 0.852877
vt 0.534093 0.869345
vt 0.532776 0.864148
vt 0.536249 0.858646
vt 0.499964 0.864148
vt 0.999218 0.663453
vt 0.999218 0.674441
vt 0.949592 0.663453
vt 0.999218 0.653698
vt 0.945938 0.687820
vt 0.948935 0.644852
vt 0.999218 0.646391
vt 0.999218 0.687606
vt 0.948956 0.626048
vt 0.898538 0.663453
vt 0.941956 0.712367
vt 0.899961 0.633826
vt 0.893544 0.695759
vt 0.901830 0.603788
vt 0.888131 0.728286
vt 0.851638 0.663453
vt 0.855167 0.627473
vt 0.845995 0.737854
vt 0.848597 0.700452
vt 0.859422 0.590942
vt 0.802848 0.746561
vt 0.803140 0.704882
vt 0.804825 0.663453
vt 0.809739 0.622330
vt 0.764047 0.707731
vt 0.815660 0.581038
vt 0.767448 0.663453
vt 0.762868 0.752041
vt 0.772499 0.620786
vt 0.779360 0.578314
vt 0.723463 0.707281
vt 0.740078 0.580738
vt 0.730035 0.663453
vt 0.721192 0.751837
vt 0.733829 0.621981
vt 0.667753 0.741694
vt 0.693677 0.587912
vt 0.682060 0.663453
vt 0.675543 0.703018
vt 0.689525 0.626158
vt 0.622699 0.728740
vt 0.643491 0.602317
vt 0.634073 0.663453
vt 0.628307 0.696892
vt 0.640192 0.633032
vt 0.591110 0.717858
vt 0.599926 0.616859
vt 0.597057 0.663453
vt 0.593728 0.691440
vt 0.599465 0.639855
vt 0.565064 0.708345
vt 0.558721 0.625618
vt 0.562722 0.663453
vt 0.562935 0.686608
vt 0.560578 0.644941
vt 0.531474 0.696875
vt 0.527240 0.630440
vt 0.530078 0.680764
vt 0.529582 0.663453
vt 0.528080 0.647462
vt 0.500509 0.686939
vt 0.496287 0.638409
vt 0.499491 0.675085
vt 0.497503 0.663453
vt 0.497383 0.650879
vt 0.469941 0.677651
vt 0.466344 0.651329
vt 0.467672 0.670245
vt 0.465162 0.663453
vt 0.465738 0.656980
vt 0.431900 0.663453
vt 0.203244 0.635572
vt 0.203414 0.595659
vt 0.250429 0.629599
vt 0.154146 0.635900
vt 0.251031 0.593022
vt 0.120900 0.630286
vt 0.153775 0.594893
vt 0.291125 0.622878
vt 0.120025 0.591687
vt 0.203623 0.551409
vt 0.291422 0.588612
vt 0.329373 0.613976
vt 0.087518 0.620546
vt 0.153602 0.551409
vt 0.329478 0.583113
vt 0.251358 0.551408
vt 0.051269 0.607205
vt 0.086372 0.585734
vt 0.119545 0.551409
vt 0.362091 0.606804
vt 0.153775 0.507924
vt 0.291576 0.551408
vt 0.050549 0.579208
vt 0.120025 0.511130
vt 0.362013 0.578872
vt 0.203412 0.507158
vt 0.251031 0.509796
vt 0.329697 0.551408
vt 0.014227 0.591454
vt 0.085641 0.551409
vt 0.120900 0.472531
vt 0.394363 0.598846
vt 0.291422 0.514205
vt 0.203244 0.467245
vt 0.250429 0.473218
vt 0.362243 0.551408
vt 0.014227 0.571476
vt 0.050133 0.551409
vt 0.086372 0.517084
vt 0.154145 0.466918
vt 0.394127 0.574813
vt 0.291125 0.479939
vt 0.329373 0.488841
vt 0.329478 0.519704
vt 0.014227 0.551409
vt 0.050549 0.523610
vt 0.087518 0.482272
vt 0.420817 0.590471
vt 0.362013 0.523945
vt 0.362089 0.496012
vt 0.014227 0.531342
vt 0.051269 0.495613
vt 0.420430 0.570473
vt 0.394244 0.551408
vt 0.394363 0.503971
vt 0.014227 0.511364
vt 0.443982 0.581981
vt 0.394127 0.528004
vt 0.420588 0.551408
vt 0.444438 0.565976
vt 0.420817 0.512346
vt 0.420430 0.532344
vt 0.457425 0.579560
vt 0.443982 0.520836
vt 0.444682 0.551408
vt 0.458291 0.564844
vt 0.472236 0.576266
vt 0.444438 0.536840
vt 0.472795 0.563397
vt 0.457425 0.523257
vt 0.458418 0.551408
vt 0.488454 0.572543
vt 0.472236 0.526551
vt 0.458291 0.537972
vt 0.488669 0.561679
vt 0.472795 0.539420
vt 0.472955 0.551408
vt 0.505454 0.567534
vt 0.488454 0.530273
vt 0.488681 0.551408
vt 0.505153 0.559224
vt 0.505454 0.535282
vt 0.488669 0.541138
vt 0.526108 0.559478
vt 0.505153 0.543592
vt 0.525873 0.555456
vt 0.526108 0.543339
vt 0.504798 0.551408
vt 0.546740 0.551408
vt 0.525873 0.547360
vt 0.529269 0.551408
vt 0.048996 0.234248
vt 0.090735 0.219026
vt 0.050577 0.240548
vt 0.007812 0.253084
vt 0.092269 0.225552
vt 0.007812 0.259720
vt 0.129317 0.209548
vt 0.092506 0.232493
vt 0.050997 0.247650
vt 0.167421 0.205114
vt 0.129996 0.216247
vt 0.090883 0.274101
vt 0.007813 0.266412
vt 0.167582 0.211809
vt 0.130659 0.223357
vt 0.050663 0.281335
vt 0.221804 0.207401
vt 0.128705 0.269457
vt 0.091429 0.314486
vt 0.007812 0.289998
vt 0.221603 0.214063
vt 0.167821 0.218928
vt 0.166679 0.267207
vt 0.128714 0.314486
vt 0.052337 0.314486
vt 0.274064 0.215651
vt 0.221421 0.221168
vt 0.165773 0.314486
vt 0.090883 0.354871
vt 0.050663 0.347637
vt 0.007812 0.314486
vt 0.273595 0.222264
vt 0.221024 0.268152
vt 0.219646 0.314486
vt 0.128705 0.359514
vt 0.050997 0.381322
vt 0.007812 0.338974
vt 0.319003 0.224641
vt 0.273139 0.229352
vt 0.273890 0.272229
vt 0.166679 0.361764
vt 0.092506 0.396479
vt 0.007813 0.362560
vt 0.360846 0.234550
vt 0.318377 0.231161
vt 0.317785 0.238166
vt 0.273976 0.314486
vt 0.167821 0.410043
vt 0.130659 0.405614
vt 0.050577 0.388423
vt 0.007812 0.369251
vt 0.360224 0.241057
vt 0.273890 0.356743
vt 0.317801 0.276631
vt 0.221421 0.407804
vt 0.167582 0.417162
vt 0.092269 0.403420
vt 0.007812 0.375888
vt 0.396781 0.241746
vt 0.221024 0.360820
vt 0.359663 0.248023
vt 0.316984 0.314486
vt 0.221605 0.414909
vt 0.129996 0.412724
vt 0.090735 0.409945
vt 0.048996 0.394723
vt 0.396226 0.248227
vt 0.273141 0.399620
vt 0.317801 0.352341
vt 0.360424 0.281564
vt 0.273593 0.406707
vt 0.167421 0.423858
vt 0.129317 0.419423
vt 0.432373 0.255423
vt 0.360424 0.347408
vt 0.359663 0.380949
vt 0.317785 0.390805
vt 0.395740 0.255175
vt 0.221804 0.421571
vt 0.318377 0.397811
vt 0.433098 0.248799
vt 0.360052 0.314486
vt 0.395740 0.373797
vt 0.397368 0.285162
vt 0.274066 0.413320
vt 0.360226 0.387915
vt 0.465977 0.259159
vt 0.397368 0.343810
vt 0.432334 0.262165
vt 0.319003 0.404331
vt 0.396226 0.380744
vt 0.466428 0.252180
vt 0.397731 0.314486
vt 0.435266 0.288830
vt 0.360846 0.394422
vt 0.432334 0.366807
vt 0.396781 0.387225
vt 0.504510 0.255944
vt 0.466389 0.266081
vt 0.436116 0.314486
vt 0.432373 0.373549
vt 0.435266 0.340141
vt 0.503564 0.263094
vt 0.470301 0.291214
vt 0.465977 0.369812
vt 0.433098 0.380172
vt 0.470301 0.337757
vt 0.466389 0.362890
vt 0.529460 0.265404
vt 0.504276 0.270883
vt 0.466428 0.376792
vt 0.471990 0.314486
vt 0.504276 0.358088
vt 0.531401 0.257744
vt 0.507061 0.293775
vt 0.503564 0.365878
vt 0.504510 0.373027
vt 0.507061 0.335196
vt 0.556082 0.269753
vt 0.529675 0.273556
vt 0.529460 0.363568
vt 0.507648 0.314486
vt 0.557976 0.262180
vt 0.555632 0.277605
vt 0.531865 0.295176
vt 0.529675 0.355416
vt 0.531401 0.371227
vt 0.584195 0.274517
vt 0.557384 0.296944
vt 0.531841 0.314486
vt 0.531865 0.333796
vt 0.556082 0.359218
vt 0.586151 0.267328
vt 0.583507 0.282327
vt 0.558367 0.314486
vt 0.557384 0.332027
vt 0.555632 0.351367
vt 0.557976 0.366791
vt 0.613242 0.281415
vt 0.584007 0.298848
vt 0.583505 0.346644
vt 0.584195 0.354455
vt 0.615691 0.274583
vt 0.612505 0.288960
vt 0.584339 0.314486
vt 0.584007 0.330124
vt 0.613242 0.347557
vt 0.586151 0.361643
vt 0.650028 0.292989
vt 0.611797 0.302021
vt 0.612505 0.340012
vt 0.615691 0.354389
vt 0.653073 0.286264
vt 0.649256 0.300250
vt 0.611547 0.314486
vt 0.611797 0.326950
vt 0.650028 0.335983
vt 0.697582 0.301400
vt 0.694502 0.314486
vt 0.648126 0.307310
vt 0.648126 0.321661
vt 0.649256 0.328721
vt 0.653073 0.342707
vt 0.699371 0.308413
vt 0.651902 0.314486
vt 0.699369 0.320558
vt 0.697582 0.327571
vt 0.251524 0.910723
vt 0.033801 0.913463
vt 0.053223 0.990233
vt 0.245967 0.835843
vt 0.260627 0.986853
vt 0.483342 0.837992
vt 0.478366 0.913193
vt 0.021279 0.838013
vt 0.472641 0.989033
vt 0.485545 0.765333
vt 0.243273 0.763462
vt 0.014519 0.765333
vt 0.245964 0.835843
vt 0.021272 0.838013
vt 0.243266 0.763462
vt 0.033787 0.913463
vt 0.483335 0.837992
vt 0.014526 0.765333
vt 0.053211 0.990233
vt 0.478357 0.913193
vt 0.260620 0.986853
vt 0.472634 0.989033
s 1
usemtl Body
f 97/1/1 29/2/2 98/3/3
f 29/2/2 99/4/4 98/3/3
f 29/2/2 14/5/5 99/4/4
f 98/3/3 99/4/4 147/6/6
f 14/5/5 13/7/7 77/8/8
f 98/3/3 147/6/6 146/9/9
f 99/4/4 14/5/5 78/10/10
f 14/5/5 77/8/8 78/10/10
f 13/7/7 23/11/11 77/8/8
f 147/6/6 100/12/12 146/9/9
f 99/4/4 78/10/10 144/13/13
f 23/11/11 25/14/14 89/15/15
f 77/8/8 23/11/11 90/16/16
f 23/11/11 89/15/15 90/16/16
f 147/6/6 101/17/17 100/12/12
f 99/4/4 144/13/13 145/18/18
f 147/6/6 145/18/18 101/17/17
f 147/6/6 99/4/4 145/18/18
f 78/10/10 77/8/8 143/19/19
f 78/10/10 143/19/19 144/13/13
f 25/14/14 128/20/20 89/15/15
f 90/16/16 89/15/15 154/21/21
f 100/12/12 101/17/17 102/22/22
f 145/18/18 144/13/13 74/23/23
f 145/18/18 74/23/23 101/17/17
f 77/8/8 142/24/24 141/25/25
f 77/8/8 141/25/25 143/19/19
f 77/8/8 90/16/16 142/24/24
f 128/20/20 129/26/26 89/15/15
f 154/21/21 4/27/27 153/28/28
f 90/16/16 154/21/21 153/28/28
f 90/16/16 153/28/28 142/24/24
f 102/22/22 101/17/17 103/29/29
f 101/17/17 74/23/23 103/29/29
f 144/13/13 143/19/19 73/30/30
f 144/13/13 73/30/30 74/23/23
f 141/25/25 142/24/24 80/31/31
f 128/20/20 19/32/32 87/33/33
f 128/20/20 87/33/33 129/26/26
f 89/15/15 155/34/34 154/21/21
f 4/27/27 3/35/35 2/36/36
f 153/28/28 2/36/36 104/37/37
f 153/28/28 104/37/37 142/24/24
f 142/24/24 104/37/37 80/31/31
f 153/28/28 4/27/27 2/36/36
f 102/22/22 103/29/29 41/38/38
f 143/19/19 141/25/25 79/39/39
f 141/25/25 80/31/31 79/39/39
f 143/19/19 79/39/39 73/30/30
f 74/23/23 73/30/30 72/40/40
f 74/23/23 72/40/40 103/29/29
f 19/32/32 88/41/41 87/33/33
f 129/26/26 87/33/33 125/42/42
f 89/15/15 129/26/26 156/43/43
f 89/15/15 156/43/43 155/34/34
f 154/21/21 155/34/34 5/44/44
f 155/34/34 156/43/43 5/44/44
f 154/21/21 5/44/44 4/27/27
f 3/35/35 1/45/45 2/36/36
f 104/37/37 2/36/36 105/46/46
f 41/38/38 103/29/29 42/47/47
f 103/29/29 72/40/40 42/47/47
f 80/31/31 81/48/48 79/39/39
f 79/39/39 81/48/48 73/30/30
f 19/32/32 21/49/49 88/41/41
f 87/33/33 151/50/50 152/51/51
f 87/33/33 152/51/51 125/42/42
f 87/33/33 88/41/41 151/50/50
f 129/26/26 124/52/52 156/43/43
f 129/26/26 125/42/42 124/52/52
f 5/44/44 6/53/53 7/54/54
f 5/44/44 7/54/54 4/27/27
f 156/43/43 6/53/53 5/44/44
f 156/43/43 124/52/52 6/53/53
f 4/27/27 7/54/54 3/35/35
f 1/45/45 9/55/55 2/36/36
f 2/36/36 9/55/55 105/46/46
f 104/37/37 82/56/56 80/31/31
f 80/31/31 82/56/56 81/48/48
f 104/37/37 105/46/46 82/56/56
f 72/40/40 73/30/30 71/57/57
f 73/30/30 81/48/48 71/57/57
f 42/47/47 72/40/40 40/58/58
f 21/49/49 36/59/59 135/60/60
f 21/49/49 135/60/60 88/41/41
f 152/51/51 56/61/61 54/62/62
f 152/51/51 151/50/50 56/61/61
f 152/51/51 54/62/62 125/42/42
f 124/52/52 122/63/63 10/64/64
f 124/52/52 10/64/64 6/53/53
f 125/42/42 54/62/62 122/63/63
f 125/42/42 122/63/63 124/52/52
f 7/54/54 6/53/53 8/65/65
f 3/35/35 7/54/54 250/66/66
f 1/45/45 225/67/67 224/68/68
f 9/55/55 109/69/69 107/70/70
f 9/55/55 107/70/70 105/46/46
f 9/55/55 1/45/45 224/68/68
f 9/55/55 224/68/68 109/69/69
f 82/56/56 68/71/71 66/72/72
f 68/71/71 105/46/46 107/70/70
f 82/56/56 66/72/72 81/48/48
f 81/48/48 66/72/72 71/57/57
f 82/56/56 105/46/46 68/71/71
f 72/40/40 71/57/57 39/73/73
f 39/73/73 40/58/58 72/40/40
f 39/73/73 71/57/57 66/72/72
f 36/59/59 97/74/1 135/60/60
f 88/41/41 135/60/60 150/75/74
f 56/61/61 55/76/75 54/62/62
f 10/64/64 11/77/76 12/78/77
f 6/53/53 12/78/77 8/65/65
f 6/53/53 10/64/64 12/78/77
f 3/35/35 226/79/78 1/45/45
f 1/45/45 226/79/78 225/67/67
f 3/35/35 250/66/66 226/79/78
f 7/54/54 8/65/65 249/80/79
f 7/54/54 249/80/79 250/66/66
f 224/68/68 228/81/80 109/69/69
f 97/74/1 98/82/3 135/60/60
f 88/41/41 150/75/74 151/50/50
f 56/61/61 139/83/81 55/76/75
f 151/50/50 150/75/74 139/83/81
f 151/50/50 139/83/81 56/61/61
f 54/62/62 55/76/75 53/84/82
f 11/77/76 10/64/64 123/85/83
f 12/78/77 245/86/84 246/87/85
f 225/67/67 226/79/78 179/88/86
f 8/65/65 12/78/77 248/89/87
f 12/78/77 11/77/76 245/86/84
f 12/78/77 246/87/85 248/89/87
f 8/65/65 248/89/87 249/80/79
f 250/66/66 180/90/88 226/79/78
f 226/79/78 180/90/88 179/88/86
f 224/68/68 230/91/89 228/81/80
f 224/68/68 225/67/67 230/91/89
f 98/82/3 148/92/90 135/60/60
f 150/75/74 91/93/91 139/83/81
f 54/62/62 53/84/82 122/63/63
f 122/63/63 123/85/83 10/64/64
f 122/63/63 53/84/82 123/85/83
f 55/76/75 139/83/81 140/94/92
f 139/83/81 91/93/91 140/94/92
f 11/77/76 123/85/83 121/95/93
f 245/86/84 247/96/94 246/87/85
f 248/89/87 201/97/95 249/80/79
f 250/66/66 187/98/96 180/90/88
f 250/66/66 249/80/79 187/98/96
f 179/88/86 180/90/88 181/99/97
f 225/67/67 179/88/86 177/100/98
f 225/67/67 177/100/98 230/91/89
f 98/82/3 146/101/9 148/92/90
f 135/60/60 148/92/90 149/102/99
f 149/102/99 91/93/91 150/75/74
f 149/102/99 150/75/74 135/60/60
f 149/102/99 148/92/90 91/93/91
f 53/84/82 49/103/100 123/85/83
f 123/85/83 49/103/100 121/95/93
f 53/84/82 55/76/75 49/103/100
f 140/94/92 91/93/91 93/104/101
f 11/77/76 121/95/93 120/105/102
f 11/77/76 120/105/102 245/86/84
f 247/96/94 216/106/103 246/87/85
f 248/89/87 246/87/85 199/107/104
f 246/87/85 216/106/103 199/107/104
f 248/89/87 199/107/104 201/97/95
f 249/80/79 188/108/105 187/98/96
f 249/80/79 201/97/95 188/108/105
f 180/90/88 182/109/106 181/99/97
f 180/90/88 187/98/96 182/109/106
f 177/100/98 179/88/86 175/110/107
f 179/88/86 181/99/97 175/110/107
f 146/101/9 92/111/108 148/92/90
f 91/93/91 92/111/108 93/104/101
f 91/93/91 148/92/90 92/111/108
f 55/76/75 50/112/109 49/103/100
f 55/76/75 140/94/92 50/112/109
f 120/105/102 244/113/110 245/86/84
f 245/86/84 244/113/110 247/96/94
f 216/106/103 217/114/111 199/107/104
f 201/97/95 199/107/104 200/115/112
f 199/107/104 217/114/111 200/115/112
f 188/108/105 189/116/113 187/98/96
f 187/98/96 189/116/113 182/109/106
f 181/99/97 182/109/106 205/117/114
f 175/110/107 181/99/97 197/118/115
f 181/99/97 205/117/114 197/118/115
f 146/101/9 100/119/12 92/111/108
f 93/104/101 92/111/108 94/120/116
f 92/111/108 100/119/12 94/120/116
f 140/94/92 138/121/117 50/112/109
f 140/94/92 93/104/101 138/121/117
f 244/113/110 243/122/118 247/96/94
f 216/106/103 214/123/119 215/124/120
f 214/123/119 247/96/94 243/122/118
f 216/106/103 215/124/120 217/114/111
f 216/106/103 247/96/94 214/123/119
f 201/97/95 200/115/112 202/125/121
f 201/97/95 202/125/121 188/108/105
f 189/116/113 188/108/105 190/126/122
f 188/108/105 202/125/121 190/126/122
f 182/109/106 189/116/113 204/127/123
f 182/109/106 204/127/123 205/117/114
f 197/118/115 205/117/114 185/128/124
f 100/119/12 102/129/22 94/120/116
f 93/104/101 47/130/125 138/121/117
f 215/124/120 193/131/126 217/114/111
f 200/115/112 206/132/127 202/125/121
f 200/115/112 217/114/111 206/132/127
f 190/126/122 208/133/128 169/134/129
f 202/125/121 206/132/127 208/133/128
f 202/125/121 208/133/128 190/126/122
f 189/116/113 190/126/122 170/135/130
f 204/127/123 170/135/130 205/117/114
f 204/127/123 189/116/113 170/135/130
f 190/126/122 169/134/129 170/135/130
f 185/128/124 205/117/114 168/136/131
f 170/135/130 169/134/129 168/136/131
f 170/135/130 168/136/131 205/117/114
f 102/129/22 41/137/38 94/120/116
f 93/104/101 94/120/116 45/138/132
f 45/138/132 47/130/125 93/104/101
f 45/138/132 94/120/116 41/137/38
f 193/131/126 194/139/133 207/140/134
f 206/132/127 217/114/111 207/140/134
f 217/114/111 193/131/126 207/140/134
f 206/132/127 207/140/134 208/133/128
f 185/128/124 168/136/131 183/141/135
f 169/134/129 167/142/136 168/136/131
f 183/141/135 167/142/136 194/139/133
f 183/141/135 168/136/131 167/142/136
f 207/140/134 209/143/137 208/133/128
f 209/143/137 167/142/136 169/134/129
f 209/143/137 194/139/133 167/142/136
f 209/143/137 207/140/134 194/139/133
f 209/143/137 169/134/129 208/133/128
f 259/144/138 253/145/139 160/146/140
f 253/145/139 252/147/141 159/148/142
f 253/145/139 159/148/142 160/146/140
f 252/147/141 251/149/143 158/150/144
f 252/147/141 158/150/144 159/148/142
f 160/146/140 31/151/145 95/152/146
f 159/148/142 158/150/144 31/151/145
f 159/148/142 31/151/145 160/146/140
f 251/149/143 157/153/147 158/150/144
f 95/152/146 31/151/145 96/154/148
f 251/149/143 256/155/149 157/153/147
f 158/150/144 157/153/147 17/156/150
f 158/150/144 17/156/150 31/151/145
f 96/154/148 31/151/145 30/157/151
f 31/151/145 17/156/150 30/157/151
f 256/155/149 257/158/152 166/159/153
f 256/155/149 166/159/153 157/153/147
f 96/154/148 30/157/151 97/160/1
f 17/156/150 18/161/154 16/162/155
f 17/156/150 157/153/147 18/161/154
f 157/153/147 166/159/153 18/161/154
f 17/156/150 16/162/155 30/157/151
f 257/158/152 165/163/156 166/159/153
f 97/160/1 30/157/151 29/164/2
f 30/157/151 16/162/155 29/164/2
f 18/161/154 15/165/157 16/162/155
f 257/158/152 260/166/158 164/167/159
f 257/158/152 164/167/159 165/163/156
f 166/159/153 165/163/156 27/168/160
f 18/161/154 27/168/160 15/165/157
f 18/161/154 166/159/153 27/168/160
f 29/164/2 16/162/155 14/169/5
f 16/162/155 15/165/157 14/169/5
f 260/166/158 255/170/161 163/171/162
f 260/166/158 163/171/162 164/167/159
f 165/163/156 164/167/159 28/172/163
f 165/163/156 28/172/163 27/168/160
f 15/165/157 13/173/7 14/169/5
f 255/170/161 254/174/164 162/175/165
f 255/170/161 162/175/165 163/171/162
f 164/167/159 163/171/162 33/176/166
f 28/172/163 24/177/167 27/168/160
f 15/165/157 27/168/160 24/177/167
f 15/165/157 24/177/167 13/173/7
f 254/174/164 161/178/168 162/175/165
f 164/167/159 33/176/166 126/179/169
f 164/167/159 126/179/169 28/172/163
f 163/171/162 162/175/165 32/180/170
f 163/171/162 32/180/170 33/176/166
f 24/177/167 25/181/14 23/182/11
f 23/182/11 13/173/7 24/177/167
f 254/174/164 258/183/171 161/178/168
f 126/179/169 26/184/172 28/172/163
f 24/177/167 26/184/172 25/181/14
f 24/177/167 28/172/163 26/184/172
f 162/175/165 35/185/173 32/180/170
f 162/175/165 161/178/168 35/185/173
f 33/176/166 32/180/170 22/186/174
f 258/183/171 160/187/140 161/178/168
f 126/179/169 127/188/175 26/184/172
f 26/184/172 127/188/175 25/181/14
f 35/185/173 34/189/176 32/180/170
f 32/180/170 34/189/176 22/186/174
f 33/176/166 22/186/174 20/190/177
f 126/179/169 33/176/166 20/190/177
f 126/179/169 20/190/177 127/188/175
f 258/183/171 259/191/138 160/187/140
f 161/178/168 95/192/146 35/185/173
f 161/178/168 160/187/140 95/192/146
f 25/181/14 127/188/175 128/193/20
f 34/189/176 36/194/59 22/186/174
f 20/190/177 21/195/49 19/196/32
f 19/196/32 128/193/20 127/188/175
f 21/195/49 22/186/174 36/194/59
f 20/190/177 22/186/174 21/195/49
f 20/190/177 19/196/32 127/188/175
f 35/185/173 96/197/148 34/189/176
f 35/185/173 95/192/146 96/197/148
f 36/194/59 34/189/176 97/198/1
f 97/198/1 34/189/176 96/197/148
f 357/199/178 358/200/179 289/201/180
f 358/200/179 359/202/181 289/201/180
f 358/200/179 406/203/182 407/204/183
f 358/200/179 407/204/183 359/202/181
f 289/201/180 359/202/181 275/205/184
f 406/203/182 363/206/185 407/204/183
f 359/202/181 337/207/186 275/205/184
f 363/206/185 362/208/187 361/209/188
f 363/206/185 361/209/188 407/204/183
f 359/202/181 404/210/189 337/207/186
f 275/205/184 337/207/186 338/211/190
f 362/208/187 360/212/191 361/209/188
f 407/204/183 361/209/188 405/213/192
f 359/202/181 407/204/183 405/213/192
f 359/202/181 405/213/192 404/210/189
f 275/205/184 338/211/190 273/214/193
f 337/207/186 403/215/194 338/211/190
f 337/207/186 404/210/189 403/215/194
f 362/208/187 301/216/195 360/212/191
f 361/209/188 360/212/191 331/217/196
f 405/213/192 331/217/196 404/210/189
f 405/213/192 361/209/188 331/217/196
f 273/214/193 338/211/190 286/218/197
f 403/215/194 342/219/198 402/220/199
f 301/216/195 303/221/200 360/212/191
f 404/210/189 333/222/201 403/215/194
f 403/215/194 402/220/199 338/211/190
f 403/215/194 333/222/201 342/219/198
f 404/210/189 331/217/196 333/222/201
f 286/218/197 349/223/202 285/224/203
f 303/221/200 332/225/204 360/212/191
f 331/217/196 332/225/204 333/222/201
f 331/217/196 360/212/191 332/225/204
f 402/220/199 340/226/205 401/227/206
f 402/220/199 401/227/206 338/211/190
f 402/220/199 342/219/198 340/226/205
f 286/218/197 350/228/207 349/223/202
f 338/211/190 401/227/206 350/228/207
f 338/211/190 350/228/207 286/218/197
f 285/224/203 349/223/202 388/229/208
f 303/221/200 297/230/209 332/225/204
f 333/222/201 332/225/204 334/231/210
f 342/219/198 341/232/211 340/226/205
f 333/222/201 341/232/211 342/219/198
f 333/222/201 334/231/210 341/232/211
f 401/227/206 340/226/205 365/233/212
f 350/228/207 414/234/213 349/223/202
f 388/229/208 349/223/202 389/235/214
f 297/230/209 299/236/215 332/225/204
f 332/225/204 299/236/215 334/231/210
f 341/232/211 339/237/216 340/226/205
f 340/226/205 339/237/216 365/233/212
f 401/227/206 365/233/212 413/238/217
f 350/228/207 401/227/206 413/238/217
f 350/228/207 413/238/217 414/234/213
f 388/229/208 348/239/218 282/240/219
f 388/229/208 389/235/214 348/239/218
f 349/223/202 414/234/213 415/241/220
f 299/236/215 327/242/221 334/231/210
f 341/232/211 334/231/210 327/242/221
f 341/232/211 327/242/221 339/237/216
f 365/233/212 364/243/222 263/244/223
f 365/233/212 263/244/223 413/238/217
f 365/233/212 339/237/216 364/243/222
f 282/240/219 347/245/224 281/246/225
f 282/240/219 348/239/218 347/245/224
f 389/235/214 384/247/226 348/239/218
f 349/223/202 415/241/220 416/248/227
f 349/223/202 416/248/227 389/235/214
f 414/234/213 413/238/217 264/249/228
f 413/238/217 263/244/223 264/249/228
f 327/242/221 328/250/229 339/237/216
f 339/237/216 328/250/229 364/243/222
f 281/246/225 347/245/224 395/251/230
f 384/247/226 385/252/231 382/253/232
f 389/235/214 416/248/227 385/252/231
f 389/235/214 385/252/231 384/247/226
f 348/239/218 410/254/233 347/245/224
f 415/241/220 414/234/213 268/255/234
f 414/234/213 264/249/228 268/255/234
f 415/241/220 268/255/234 416/248/227
f 263/244/223 261/256/235 262/257/236
f 328/250/229 368/258/237 364/243/222
f 281/246/225 395/251/230 296/259/238
f 382/253/232 270/260/239 383/261/240
f 385/252/231 270/260/239 382/253/232
f 384/247/226 382/253/232 314/262/241
f 348/239/218 412/263/242 410/254/233
f 384/247/226 314/262/241 412/263/242
f 384/247/226 412/263/242 348/239/218
f 347/245/224 410/254/233 411/264/243
f 347/245/224 411/264/243 395/251/230
f 264/249/228 263/244/223 262/257/236
f 268/255/234 267/265/244 266/266/245
f 268/255/234 266/266/245 416/248/227
f 264/249/228 262/257/236 267/265/244
f 385/252/231 266/266/245 270/260/239
f 385/252/231 416/248/227 266/266/245
f 264/249/228 267/265/244 268/255/234
f 261/256/235 263/244/223 269/267/246
f 364/243/222 368/258/237 269/267/246
f 364/243/222 269/267/246 263/244/223
f 296/259/238 395/251/230 357/268/178
f 383/261/240 270/260/239 272/269/247
f 382/253/232 316/270/248 314/262/241
f 382/253/232 383/261/240 316/270/248
f 412/263/242 313/271/249 410/254/233
f 412/263/242 314/262/241 313/271/249
f 411/264/243 410/254/233 399/272/250
f 410/254/233 313/271/249 399/272/250
f 262/257/236 510/273/251 267/265/244
f 266/266/245 267/265/244 265/274/252
f 261/256/235 484/275/253 485/276/254
f 368/258/237 369/277/255 269/267/246
f 269/267/246 484/275/253 261/256/235
f 269/267/246 369/277/255 484/275/253
f 395/251/230 358/278/179 357/268/178
f 270/260/239 271/279/256 272/269/247
f 266/266/245 265/274/252 271/279/256
f 266/266/245 271/279/256 270/260/239
f 383/261/240 272/269/247 381/280/257
f 316/270/248 315/281/258 314/262/241
f 313/271/249 314/262/241 315/281/258
f 313/271/249 315/281/258 399/272/250
f 411/264/243 399/272/250 351/282/259
f 262/257/236 261/256/235 486/283/260
f 261/256/235 485/276/254 486/283/260
f 262/257/236 486/283/260 510/273/251
f 267/265/244 509/284/261 265/274/252
f 267/265/244 510/273/251 509/284/261
f 369/277/255 489/285/262 484/275/253
f 395/251/230 408/286/263 358/278/179
f 271/279/256 505/287/264 506/288/265
f 383/261/240 381/280/257 309/289/266
f 316/270/248 383/261/240 309/289/266
f 316/270/248 309/289/266 315/281/258
f 272/269/247 380/290/267 381/280/257
f 272/269/247 271/279/256 506/288/265
f 272/269/247 506/288/265 380/290/267
f 411/264/243 351/282/259 409/291/268
f 409/291/268 395/251/230 411/264/243
f 409/291/268 351/282/259 408/286/263
f 409/291/268 408/286/263 395/251/230
f 399/272/250 315/281/258 400/292/269
f 399/272/250 400/292/269 351/282/259
f 485/276/254 439/293/270 486/283/260
f 265/274/252 508/294/271 271/279/256
f 271/279/256 508/294/271 505/287/264
f 265/274/252 509/284/261 508/294/271
f 510/273/251 441/295/272 450/296/273
f 510/273/251 486/283/260 441/295/272
f 486/283/260 439/293/270 441/295/272
f 510/273/251 450/296/273 509/284/261
f 489/285/262 490/297/274 484/275/253
f 484/275/253 490/297/274 485/276/254
f 358/278/179 408/286/263 406/298/182
f 309/289/266 311/299/275 315/281/258
f 315/281/258 311/299/275 400/292/269
f 506/288/265 505/287/264 507/300/276
f 380/290/267 506/288/265 504/301/277
f 506/288/265 507/300/276 504/301/277
f 351/282/259 352/302/278 353/303/279
f 351/282/259 353/303/279 408/286/263
f 408/286/263 353/303/279 406/298/182
f 351/282/259 400/292/269 352/302/278
f 508/294/271 509/284/261 461/304/280
f 439/293/270 440/305/281 441/295/272
f 450/296/273 449/306/282 448/307/283
f 509/284/261 450/296/273 448/307/283
f 509/284/261 448/307/283 461/304/280
f 490/297/274 437/308/284 485/276/254
f 485/276/254 437/308/284 439/293/270
f 311/299/275 398/309/285 400/292/269
f 400/292/269 398/309/285 352/302/278
f 505/287/264 508/294/271 462/310/286
f 508/294/271 461/304/280 462/310/286
f 507/300/276 505/287/264 477/311/287
f 505/287/264 462/310/286 477/311/287
f 504/301/277 507/300/276 503/312/288
f 353/303/279 352/302/278 354/313/289
f 406/298/182 353/303/279 363/314/185
f 353/303/279 354/313/289 363/314/185
f 440/305/281 442/315/290 441/295/272
f 450/296/273 442/315/290 449/306/282
f 450/296/273 441/295/272 442/315/290
f 448/307/283 449/306/282 447/316/291
f 437/308/284 438/317/292 439/293/270
f 439/293/270 438/317/292 440/305/281
f 398/309/285 307/318/293 352/302/278
f 461/304/280 459/319/294 460/320/295
f 461/304/280 460/320/295 462/310/286
f 448/307/283 447/316/291 459/319/294
f 448/307/283 459/319/294 461/304/280
f 477/311/287 462/310/286 476/321/296
f 462/310/286 460/320/295 476/321/296
f 507/300/276 477/311/287 474/322/297
f 507/300/276 474/322/297 503/312/288
f 354/313/289 362/323/187 363/314/185
f 442/315/290 464/324/298 449/306/282
f 438/317/292 458/325/299 440/305/281
f 307/318/293 308/326/300 352/302/278
f 352/302/278 308/326/300 354/313/289
f 447/316/291 467/327/301 459/319/294
f 460/320/295 459/319/294 466/328/302
f 459/319/294 467/327/301 466/328/302
f 460/320/295 466/328/302 476/321/296
f 477/311/287 476/321/296 472/329/303
f 477/311/287 472/329/303 474/322/297
f 362/323/187 354/313/289 301/330/195
f 301/330/195 354/313/289 308/326/300
f 442/315/290 440/305/281 465/331/304
f 440/305/281 458/325/299 465/331/304
f 442/315/290 465/331/304 464/324/298
f 449/306/282 430/332/305 447/316/291
f 464/324/298 465/331/304 430/332/305
f 464/324/298 430/332/305 449/306/282
f 467/327/301 468/333/306 466/328/302
f 466/328/302 468/333/306 476/321/296
f 472/329/303 476/321/296 453/334/307
f 476/321/296 468/333/306 453/334/307
f 458/325/299 445/335/308 465/331/304
f 447/316/291 428/336/309 467/327/301
f 447/316/291 430/332/305 428/336/309
f 468/333/306 467/327/301 469/337/310
f 467/327/301 428/336/309 469/337/310
f 453/334/307 468/333/306 451/338/311
f 468/333/306 469/337/310 451/338/311
f 445/335/308 429/339/312 465/331/304
f 430/332/305 429/339/312 428/336/309
f 430/332/305 465/331/304 429/339/312
f 469/337/310 428/336/309 427/340/313
f 428/336/309 429/339/312 427/340/313
f 469/337/310 427/340/313 451/338/311
f 445/335/308 446/341/314 429/339/312
f 446/341/314 427/340/313 429/339/312
f 427/340/313 446/341/314 451/338/311
f 519/342/315 420/343/316 513/344/317
f 420/343/316 356/345/318 291/346/319
f 513/344/317 419/347/320 511/348/321
f 420/343/316 291/346/319 419/347/320
f 420/343/316 419/347/320 513/344/317
f 356/345/318 355/349/322 291/346/319
f 511/348/321 417/350/323 512/351/324
f 419/347/320 291/346/319 417/350/323
f 419/347/320 417/350/323 511/348/321
f 355/349/322 290/352/325 291/346/319
f 512/351/324 417/350/323 418/353/326
f 355/349/322 357/354/178 290/352/325
f 291/346/319 290/352/325 278/355/327
f 417/350/323 278/355/327 418/353/326
f 417/350/323 291/346/319 278/355/327
f 512/351/324 418/353/326 516/356/328
f 357/354/178 289/357/180 290/352/325
f 278/355/327 276/358/329 277/359/330
f 278/355/327 277/359/330 418/353/326
f 290/352/325 289/357/180 276/358/329
f 290/352/325 276/358/329 278/355/327
f 516/356/328 426/360/331 517/361/332
f 418/353/326 277/359/330 426/360/331
f 418/353/326 426/360/331 516/356/328
f 289/357/180 275/362/184 276/358/329
f 517/361/332 426/360/331 425/363/333
f 277/359/330 276/358/329 274/364/334
f 276/358/329 275/362/184 274/364/334
f 517/361/332 425/363/333 424/365/335
f 426/360/331 287/366/336 425/363/333
f 277/359/330 274/364/334 287/366/336
f 277/359/330 287/366/336 426/360/331
f 275/362/184 273/367/193 274/364/334
f 517/361/332 424/365/335 520/368/337
f 425/363/333 288/369/338 424/365/335
f 425/363/333 287/366/336 288/369/338
f 273/367/193 284/370/339 274/364/334
f 287/366/336 284/370/339 288/369/338
f 287/366/336 274/364/334 284/370/339
f 520/368/337 424/365/335 423/371/340
f 273/367/193 286/372/197 284/370/339
f 288/369/338 284/370/339 283/373/341
f 520/368/337 423/371/340 514/374/342
f 424/365/335 387/375/343 292/376/344
f 424/365/335 288/369/338 387/375/343
f 288/369/338 283/373/341 387/375/343
f 424/365/335 292/376/344 423/371/340
f 286/372/197 285/377/203 284/370/339
f 284/370/339 285/377/203 283/373/341
f 514/374/342 423/371/340 422/378/345
f 387/375/343 283/373/341 386/379/346
f 283/373/341 285/377/203 386/379/346
f 292/376/344 280/380/347 279/381/348
f 387/375/343 386/379/346 280/380/347
f 387/375/343 280/380/347 292/376/344
f 514/374/342 422/378/345 515/382/349
f 423/371/340 292/376/344 293/383/350
f 292/376/344 279/381/348 293/383/350
f 423/371/340 293/383/350 422/378/345
f 285/377/203 388/384/208 386/379/346
f 280/380/347 281/385/225 279/381/348
f 515/382/349 422/378/345 421/386/351
f 293/383/350 279/381/348 294/387/352
f 388/384/208 282/388/219 386/379/346
f 282/388/219 281/385/225 280/380/347
f 280/380/347 386/379/346 282/388/219
f 515/382/349 421/386/351 518/389/353
f 422/378/345 293/383/350 295/390/354
f 293/383/350 294/387/352 295/390/354
f 422/378/345 295/390/354 421/386/351
f 279/381/348 296/391/238 294/387/352
f 279/381/348 281/385/225 296/391/238
f 518/389/353 421/386/351 420/392/316
f 295/390/354 294/387/352 355/393/322
f 296/391/238 357/394/178 294/387/352
f 294/387/352 357/394/178 355/393/322
f 518/389/353 420/392/316 519/395/315
f 421/386/351 295/390/354 356/396/318
f 356/396/318 295/390/354 355/393/322
f 356/396/318 420/392/316 421/386/351
f 45/397/132 46/398/355 47/399/125
f 45/397/132 41/400/38 46/398/355
f 47/399/125 46/398/355 48/401/356
f 41/400/38 42/402/47 43/403/357
f 41/400/38 43/403/357 46/398/355
f 47/399/125 48/401/356 138/404/117
f 42/402/47 44/405/358 43/403/357
f 46/398/355 75/406/359 48/401/356
f 138/404/117 137/407/360 50/408/109
f 138/404/117 48/401/356 137/407/360
f 42/402/47 40/409/58 44/405/358
f 43/403/357 44/405/358 62/410/361
f 46/398/355 76/411/362 75/406/359
f 46/398/355 43/403/357 76/411/362
f 50/408/109 51/412/363 49/413/100
f 48/401/356 136/414/364 137/407/360
f 48/401/356 75/406/359 136/414/364
f 40/409/58 39/415/73 38/416/365
f 40/409/58 38/416/365 44/405/358
f 62/410/361 63/417/366 61/418/367
f 61/418/367 43/403/357 62/410/361
f 61/418/367 63/417/366 76/411/362
f 61/418/367 76/411/362 43/403/357
f 50/408/109 52/419/368 51/412/363
f 50/408/109 137/407/360 52/419/368
f 49/413/100 118/420/369 121/421/93
f 49/413/100 51/412/363 118/420/369
f 75/406/359 134/422/370 136/414/364
f 76/411/362 63/417/366 134/422/370
f 76/411/362 134/422/370 75/406/359
f 39/415/73 37/423/371 38/416/365
f 44/405/358 38/416/365 70/424/372
f 44/405/358 70/424/372 62/410/361
f 137/407/360 83/425/373 52/419/368
f 137/407/360 136/414/364 83/425/373
f 121/421/93 119/426/374 120/427/102
f 121/421/93 118/420/369 119/426/374
f 51/412/363 52/419/368 84/428/375
f 52/419/368 83/425/373 84/428/375
f 63/417/366 62/410/361 64/429/376
f 62/410/361 70/424/372 64/429/376
f 134/422/370 60/430/377 132/431/378
f 134/422/370 132/431/378 136/414/364
f 63/417/366 64/429/376 60/430/377
f 63/417/366 60/430/377 134/422/370
f 136/414/364 132/431/378 83/425/373
f 39/415/73 66/432/72 37/423/371
f 38/416/365 37/423/371 69/433/379
f 70/424/372 38/416/365 69/433/379
f 70/424/372 69/433/379 64/429/376
f 120/427/102 241/434/380 244/435/110
f 120/427/102 119/426/374 241/434/380
f 118/420/369 116/436/381 117/437/382
f 118/420/369 51/412/363 116/436/381
f 51/412/363 84/428/375 116/436/381
f 118/420/369 117/437/382 119/426/374
f 60/430/377 59/438/383 58/439/383
f 60/430/377 58/439/383 132/431/378
f 64/429/376 69/433/379 59/438/383
f 64/429/376 59/438/383 60/430/377
f 83/425/373 132/431/378 133/440/384
f 132/431/378 58/439/383 133/440/384
f 83/425/373 133/440/384 84/428/375
f 66/432/72 67/441/385 65/442/386
f 37/423/371 66/432/72 65/442/386
f 244/435/110 242/443/387 243/444/118
f 244/435/110 241/434/380 242/443/387
f 116/436/381 130/445/388 131/446/389
f 116/436/381 131/446/389 117/437/382
f 84/428/375 133/440/384 130/445/388
f 84/428/375 130/445/388 116/436/381
f 119/426/374 239/447/390 241/434/380
f 119/426/374 117/437/382 239/447/390
f 69/433/379 37/423/371 86/448/391
f 37/423/371 65/442/386 86/448/391
f 69/433/379 86/448/391 59/438/383
f 58/439/383 59/438/383 57/449/392
f 59/438/383 86/448/391 57/449/392
f 67/441/385 66/432/72 68/450/71
f 243/444/118 242/443/387 214/451/119
f 131/446/389 130/445/388 115/452/393
f 133/440/384 58/439/383 114/453/394
f 130/445/388 114/453/394 115/452/393
f 130/445/388 133/440/384 114/453/394
f 241/434/380 239/447/390 240/454/395
f 241/434/380 240/454/395 242/443/387
f 117/437/382 237/455/396 239/447/390
f 117/437/382 131/446/389 237/455/396
f 65/442/386 67/441/385 85/456/397
f 86/448/391 65/442/386 85/456/397
f 86/448/391 85/456/397 57/449/392
f 68/450/71 106/457/398 67/441/385
f 214/451/119 212/458/399 213/459/400
f 58/439/383 57/449/392 112/460/401
f 57/449/392 85/456/397 112/460/401
f 58/439/383 112/460/401 114/453/394
f 115/452/393 114/453/394 113/461/402
f 114/453/394 112/460/401 113/461/402
f 240/454/395 239/447/390 238/462/403
f 239/447/390 237/455/396 238/462/403
f 242/443/387 212/458/399 214/451/119
f 131/446/389 115/452/393 235/463/404
f 131/446/389 235/463/404 237/455/396
f 68/450/71 107/464/70 106/457/398
f 67/441/385 106/457/398 111/465/405
f 112/460/401 85/456/397 111/465/405
f 85/456/397 67/441/385 111/465/405
f 112/460/401 111/465/405 113/461/402
f 213/459/400 215/466/120 214/451/119
f 240/454/395 218/467/406 242/443/387
f 242/443/387 218/467/406 212/458/399
f 240/454/395 238/462/403 218/467/406
f 115/452/393 113/461/402 234/468/402
f 115/452/393 234/468/402 235/463/404
f 237/455/396 235/463/404 236/469/407
f 237/455/396 236/469/407 238/462/403
f 107/464/70 108/470/408 106/457/398
f 111/465/405 106/457/398 110/471/409
f 113/461/402 111/465/405 110/471/409
f 113/461/402 110/471/409 234/468/402
f 106/457/398 108/470/408 110/471/409
f 213/459/400 212/458/399 219/472/410
f 212/458/399 218/467/406 219/472/410
f 215/466/120 213/459/400 191/473/411
f 235/463/404 234/468/402 233/474/412
f 235/463/404 233/474/412 236/469/407
f 238/462/403 223/475/413 218/467/406
f 218/467/406 223/475/413 219/472/410
f 107/464/70 109/476/69 108/470/408
f 110/471/409 108/470/408 232/477/414
f 110/471/409 232/477/414 234/468/402
f 215/466/120 191/473/411 193/478/126
f 213/459/400 219/472/410 210/479/415
f 213/459/400 210/479/415 191/473/411
f 233/474/412 234/468/402 231/480/416
f 234/468/402 232/477/414 231/480/416
f 236/469/407 172/481/417 238/462/403
f 238/462/403 172/481/417 223/475/413
f 109/476/69 227/482/418 108/470/408
f 108/470/408 227/482/418 232/477/414
f 193/478/126 191/473/411 192/483/419
f 219/472/410 222/484/420 210/479/415
f 223/475/413 172/481/417 222/484/420
f 223/475/413 222/484/420 219/472/410
f 233/474/412 174/485/421 236/469/407
f 236/469/407 174/485/421 172/481/417
f 231/480/416 232/477/414 229/486/422
f 232/477/414 227/482/418 229/486/422
f 109/476/69 228/487/80 227/482/418
f 227/482/418 228/487/80 229/486/422
f 193/478/126 192/483/419 194/488/133
f 191/473/411 210/479/415 211/489/423
f 210/479/415 222/484/420 211/489/423
f 191/473/411 211/489/423 192/483/419
f 233/474/412 221/490/424 174/485/421
f 233/474/412 231/480/416 221/490/424
f 172/481/417 173/491/425 171/492/426
f 172/481/417 171/492/426 222/484/420
f 222/484/420 171/492/426 211/489/423
f 172/481/417 174/485/421 173/491/425
f 228/487/80 230/493/89 229/486/422
f 194/488/133 184/494/427 183/495/135
f 194/488/133 192/483/419 184/494/427
f 231/480/416 178/496/428 221/490/424
f 231/480/416 229/486/422 178/496/428
f 171/492/426 173/491/425 196/497/429
f 211/489/423 195/498/430 192/483/419
f 171/492/426 196/497/429 195/498/430
f 171/492/426 195/498/430 211/489/423
f 192/483/419 195/498/430 184/494/427
f 174/485/421 220/499/431 173/491/425
f 174/485/421 221/490/424 220/499/431
f 230/493/89 177/500/98 229/486/422
f 229/486/422 177/500/98 178/496/428
f 183/495/135 184/494/427 185/501/124
f 196/497/429 186/502/432 195/498/430
f 184/494/427 186/502/432 185/501/124
f 184/494/427 195/498/430 186/502/432
f 173/491/425 220/499/431 203/503/433
f 173/491/425 203/503/433 196/497/429
f 221/490/424 176/504/434 220/499/431
f 178/496/428 177/500/98 176/504/434
f 178/496/428 176/504/434 221/490/424
f 220/499/431 176/504/434 203/503/433
f 185/501/124 186/502/432 197/505/115
f 196/497/429 203/503/433 198/506/435
f 186/502/432 198/506/435 197/505/115
f 186/502/432 196/497/429 198/506/435
f 203/503/433 176/504/434 198/506/435
f 177/500/98 175/507/107 176/504/434
f 175/507/107 197/505/115 198/506/435
f 198/506/435 176/504/434 175/507/107
f 308/508/300 307/509/293 306/510/436
f 308/508/300 306/510/436 301/511/195
f 307/509/293 305/512/437 306/510/436
f 301/511/195 302/513/438 303/514/200
f 301/511/195 306/510/436 302/513/438
f 307/509/293 398/515/285 305/512/437
f 303/514/200 302/513/438 304/516/439
f 306/510/436 305/512/437 335/517/440
f 398/515/285 311/518/275 397/519/441
f 398/515/285 397/519/441 305/512/437
f 303/514/200 304/516/439 297/520/209
f 302/513/438 321/521/442 323/522/443
f 306/510/436 335/517/440 336/523/444
f 302/513/438 323/522/443 304/516/439
f 302/513/438 336/523/444 321/521/442
f 302/513/438 306/510/436 336/523/444
f 311/518/275 309/524/266 310/525/445
f 397/519/441 312/526/446 343/527/447
f 311/518/275 310/525/445 312/526/446
f 311/518/275 312/526/446 397/519/441
f 305/512/437 397/519/441 396/528/448
f 397/519/441 343/527/447 396/528/448
f 305/512/437 396/528/448 335/517/440
f 297/520/209 298/529/449 299/530/215
f 297/520/209 304/516/439 298/529/449
f 323/522/443 321/521/442 322/531/450
f 321/521/442 336/523/444 322/531/450
f 309/524/266 381/532/257 378/533/451
f 309/524/266 378/533/451 310/525/445
f 312/526/446 344/534/452 343/527/447
f 312/526/446 310/525/445 344/534/452
f 396/528/448 394/535/453 335/517/440
f 336/523/444 394/535/453 322/531/450
f 336/523/444 335/517/440 394/535/453
f 299/530/215 298/529/449 300/536/454
f 304/516/439 330/537/455 298/529/449
f 304/516/439 323/522/443 330/537/455
f 381/532/257 380/538/267 376/539/456
f 381/532/257 376/539/456 378/533/451
f 343/527/447 393/540/457 392/541/458
f 343/527/447 344/534/452 393/540/457
f 396/528/448 343/527/447 392/541/458
f 396/528/448 392/541/458 394/535/453
f 310/525/445 378/533/451 379/542/459
f 310/525/445 379/542/459 344/534/452
f 322/531/450 324/543/460 323/522/443
f 323/522/443 324/543/460 330/537/455
f 299/530/215 300/536/454 327/544/221
f 298/529/449 329/545/461 300/536/454
f 330/537/455 324/543/460 329/545/461
f 330/537/455 329/545/461 298/529/449
f 380/538/267 504/546/277 502/547/462
f 380/538/267 502/547/462 376/539/456
f 393/540/457 318/548/463 392/541/458
f 394/535/453 392/541/458 317/549/464
f 322/531/450 317/549/464 324/543/460
f 322/531/450 394/535/453 317/549/464
f 392/541/458 318/548/463 317/549/464
f 378/533/451 376/539/456 377/550/465
f 378/533/451 377/550/465 379/542/459
f 344/534/452 379/542/459 391/551/466
f 344/534/452 391/551/466 393/540/457
f 327/544/221 325/552/467 326/553/468
f 300/536/454 325/552/467 327/544/221
f 329/545/461 346/554/469 300/536/454
f 300/536/454 346/554/469 325/552/467
f 504/546/277 503/555/288 501/556/470
f 504/546/277 501/556/470 502/547/462
f 324/543/460 319/557/463 329/545/461
f 317/549/464 318/548/463 319/557/463
f 317/549/464 319/557/463 324/543/460
f 329/545/461 319/557/463 346/554/469
f 376/539/456 502/547/462 500/558/471
f 376/539/456 500/558/471 377/550/465
f 379/542/459 377/550/465 390/559/472
f 379/542/459 390/559/472 391/551/466
f 393/540/457 391/551/466 374/560/473
f 393/540/457 374/560/473 318/548/463
f 326/553/468 328/561/229 327/544/221
f 325/552/467 345/562/474 326/553/468
f 325/552/467 346/554/469 345/562/474
f 503/555/288 474/563/297 501/556/470
f 319/557/463 318/548/463 320/564/475
f 346/554/469 319/557/463 320/564/475
f 346/554/469 320/564/475 345/562/474
f 502/547/462 501/556/470 499/565/476
f 502/547/462 499/565/476 500/558/471
f 377/550/465 500/558/471 498/566/477
f 377/550/465 498/566/477 390/559/472
f 391/551/466 390/559/472 372/567/478
f 391/551/466 372/567/478 374/560/473
f 328/561/229 326/553/468 366/568/479
f 474/563/297 472/569/303 473/570/480
f 318/548/463 374/560/473 375/571/481
f 320/564/475 318/548/463 375/571/481
f 320/564/475 375/571/481 345/562/474
f 501/556/470 474/563/297 475/572/482
f 474/563/297 473/570/480 475/572/482
f 499/565/476 497/573/483 500/558/471
f 500/558/471 497/573/483 498/566/477
f 390/559/472 498/566/477 496/574/484
f 390/559/472 496/574/484 372/567/478
f 328/561/229 366/568/479 368/575/237
f 326/553/468 371/576/485 366/568/479
f 345/562/474 375/571/481 371/576/485
f 345/562/474 371/576/485 326/553/468
f 472/569/303 453/577/307 454/578/486
f 472/569/303 454/578/486 473/570/480
f 374/560/473 372/567/478 373/579/487
f 375/571/481 374/560/473 373/579/487
f 375/571/481 373/579/487 371/576/485
f 501/556/470 475/572/482 479/580/488
f 499/565/476 501/556/470 479/580/488
f 499/565/476 479/580/488 497/573/483
f 498/566/477 497/573/483 495/581/489
f 498/566/477 495/581/489 496/574/484
f 368/575/237 366/568/479 367/582/490
f 453/577/307 451/583/311 452/584/491
f 453/577/307 452/584/491 454/578/486
f 473/570/480 478/585/492 475/572/482
f 475/572/482 478/585/492 479/580/488
f 372/567/478 496/574/484 494/586/487
f 372/567/478 494/586/487 373/579/487
f 371/576/485 370/587/493 366/568/479
f 373/579/487 494/586/487 370/587/493
f 373/579/487 370/587/493 371/576/485
f 366/568/479 370/587/493 367/582/490
f 497/573/483 479/580/488 483/588/494
f 479/580/488 478/585/492 483/588/494
f 495/581/489 493/589/495 496/574/484
f 496/574/484 493/589/495 494/586/487
f 368/575/237 367/582/490 369/590/255
f 451/583/311 444/591/496 452/584/491
f 454/578/486 452/584/491 470/592/497
f 473/570/480 454/578/486 471/593/498
f 454/578/486 470/592/497 471/593/498
f 473/570/480 471/593/498 478/585/492
f 370/587/493 491/594/499 367/582/490
f 370/587/493 494/586/487 491/594/499
f 497/573/483 433/595/500 495/581/489
f 497/573/483 483/588/494 433/595/500
f 493/589/495 492/596/501 494/586/487
f 494/586/487 492/596/501 491/594/499
f 369/590/255 367/582/490 487/597/502
f 367/582/490 491/594/499 487/597/502
f 451/583/311 446/598/314 444/591/496
f 452/584/491 456/599/503 470/592/497
f 452/584/491 444/591/496 456/599/503
f 471/593/498 482/600/504 478/585/492
f 483/588/494 482/600/504 433/595/500
f 483/588/494 478/585/492 482/600/504
f 471/593/498 470/592/497 482/600/504
f 495/581/489 434/601/505 493/589/495
f 495/581/489 433/595/500 434/601/505
f 492/596/501 488/602/506 491/594/499
f 491/594/499 488/602/506 487/597/502
f 369/590/255 487/597/502 489/603/262
f 487/597/502 488/602/506 489/603/262
f 446/598/314 445/604/308 444/591/496
f 456/599/503 443/605/507 455/606/508
f 444/591/496 445/604/308 443/605/507
f 444/591/496 443/605/507 456/599/503
f 470/592/497 431/607/509 482/600/504
f 456/599/503 455/606/508 431/607/509
f 456/599/503 431/607/509 470/592/497
f 482/600/504 431/607/509 433/595/500
f 493/589/495 481/608/510 492/596/501
f 493/589/495 434/601/505 481/608/510
f 488/602/506 490/609/274 489/603/262
f 445/604/308 458/610/299 443/605/507
f 455/606/508 443/605/507 457/611/511
f 443/605/507 458/610/299 457/611/511
f 431/607/509 432/612/512 433/595/500
f 433/595/500 432/612/512 434/601/505
f 431/607/509 455/606/508 432/612/512
f 492/596/501 435/613/513 488/602/506
f 492/596/501 481/608/510 435/613/513
f 490/609/274 488/602/506 437/614/284
f 488/602/506 435/613/513 437/614/284
f 458/610/299 438/615/292 457/611/511
f 434/601/505 432/612/512 480/616/514
f 434/601/505 480/616/514 481/608/510
f 455/606/508 457/611/511 463/617/515
f 432/612/512 463/617/515 480/616/514
f 432/612/512 455/606/508 463/617/515
f 435/613/513 436/618/516 437/614/284
f 436/618/516 438/615/292 437/614/284
f 436/618/516 481/608/510 480/616/514
f 436/618/516 463/617/515 457/611/511
f 436/618/516 435/613/513 481/608/510
f 436/618/516 457/611/511 438/615/292
f 436/618/516 480/616/514 463/617/515
f 544/627/529 542/628/530 543/629/531
f 544/627/529 550/630/532 542/628/530
f 544/627/529 543/629/531 545/631/533
f 544/627/529 549/632/534 550/630/532
f 544/627/529 545/631/533 547/633/535
f 544/627/529 548/634/536 549/632/534
f 544/627/529 547/633/535 548/634/536
f 542/628/530 795/635/537 543/629/531
f 542/628/530 550/630/532 797/636/538
f 542/628/530 796/637/539 795/635/537
f 542/628/530 797/636/538 796/637/539
f 545/631/533 546/638/540 547/633/535
f 545/631/533 543/629/531 578/639/541
f 545/631/533 578/639/541 546/638/540
f 549/632/534 548/634/536 539/640/542
f 549/632/534 537/641/543 550/630/532
f 549/632/534 539/640/542 538/642/544
f 549/632/534 538/642/544 537/641/543
f 795/635/537 796/637/539 791/643/545
f 795/635/537 579/644/546 543/629/531
f 795/635/537 791/643/545 769/645/547
f 795/635/537 769/645/547 579/644/546
f 543/629/531 579/644/546 578/639/541
f 797/636/538 550/630/532 786/646/548
f 797/636/538 793/647/549 796/637/539
f 797/636/538 786/646/548 785/648/550
f 797/636/538 785/648/550 793/647/549
f 786/646/548 550/630/532 537/641/543
f 547/633/535 546/638/540 524/649/526
f 547/633/535 552/650/551 548/634/536
f 547/633/535 524/649/526 552/650/551
f 539/640/542 548/634/536 557/651/552
f 548/634/536 552/650/551 557/651/552
f 791/643/545 771/652/553 769/645/547
f 791/643/545 796/637/539 792/653/554
f 791/643/545 789/654/555 771/652/553
f 791/643/545 792/653/554 789/654/555
f 796/637/539 793/647/549 792/653/554
f 579/644/546 580/655/556 578/639/541
f 579/644/546 769/645/547 581/656/557
f 579/644/546 581/656/557 580/655/556
f 785/648/550 788/657/558 793/647/549
f 546/638/540 523/658/520 524/649/526
f 546/638/540 578/639/541 799/659/559
f 546/638/540 799/659/559 523/658/520
f 552/650/551 558/660/560 557/651/552
f 552/650/551 524/649/526 551/661/561
f 552/650/551 551/661/561 558/660/560
f 771/652/553 789/654/555 777/662/562
f 771/652/553 772/663/563 769/645/547
f 771/652/553 777/662/562 778/664/564
f 771/652/553 778/664/564 772/663/563
f 792/653/554 793/647/549 794/665/565
f 792/653/554 790/666/566 789/654/555
f 792/653/554 794/665/565 790/666/566
f 793/647/549 788/657/558 794/665/565
f 581/656/557 585/667/567 580/655/556
f 581/656/557 769/645/547 770/668/568
f 581/656/557 584/669/569 585/667/567
f 581/656/557 770/668/568 584/669/569
f 769/645/547 772/663/563 770/668/568
f 799/659/559 527/670/518 523/658/520
f 524/649/526 522/671/525 551/661/561
f 777/662/562 751/672/570 778/664/564
f 777/662/562 789/654/555 731/673/571
f 777/662/562 749/674/572 751/672/570
f 777/662/562 731/673/571 749/674/572
f 790/666/566 794/665/565 735/675/573
f 790/666/566 732/676/574 789/654/555
f 790/666/566 735/675/573 732/676/574
f 789/654/555 732/676/574 731/673/571
f 788/657/558 740/677/575 794/665/565
f 794/665/565 740/677/575 735/675/573
f 585/667/567 584/669/569 583/678/576
f 772/663/563 773/679/577 770/668/568
f 772/663/563 778/664/564 779/680/578
f 772/663/563 779/680/578 773/679/577
f 751/672/570 749/674/572 750/681/579
f 751/672/570 760/682/580 778/664/564
f 751/672/570 750/681/579 752/683/581
f 751/672/570 752/683/581 760/682/580
f 778/664/564 760/682/580 779/680/578
f 732/676/574 733/684/582 731/673/571
f 732/676/574 735/675/573 734/685/583
f 732/676/574 734/685/583 733/684/582
f 749/674/572 733/684/582 750/681/579
f 749/674/572 731/673/571 733/684/582
f 740/677/575 736/686/584 735/675/573
f 740/677/575 739/687/585 736/686/584
f 735/675/573 736/686/584 734/685/583
f 584/669/569 582/688/586 583/678/576
f 584/669/569 770/668/568 775/689/587
f 584/669/569 776/690/588 582/688/586
f 584/669/569 775/689/587 776/690/588
f 770/668/568 773/679/577 775/689/587
f 752/683/581 758/691/589 760/682/580
f 752/683/581 750/681/579 753/692/590
f 752/683/581 754/693/591 758/691/589
f 752/683/581 753/692/590 754/693/591
f 779/680/578 780/694/592 773/679/577
f 779/680/578 760/682/580 759/695/593
f 779/680/578 759/695/593 780/694/592
f 760/682/580 758/691/589 759/695/593
f 733/684/582 734/685/583 727/696/594
f 733/684/582 727/696/594 750/681/579
f 750/681/579 727/696/594 753/692/590
f 739/687/585 729/697/595 736/686/584
f 739/687/585 723/698/596 729/697/595
f 583/678/576 582/688/586 566/699/597
f 583/678/576 566/699/597 565/700/598
f 583/678/576 565/700/598 798/701/599
f 776/690/588 775/689/587 774/702/600
f 776/690/588 766/703/601 582/688/586
f 776/690/588 774/702/600 767/704/602
f 776/690/588 767/704/602 766/703/601
f 773/679/577 780/694/592 774/702/600
f 773/679/577 774/702/600 775/689/587
f 754/693/591 757/705/603 758/691/589
f 754/693/591 753/692/590 762/706/604
f 754/693/591 763/707/605 757/705/603
f 754/693/591 762/706/604 763/707/605
f 759/695/593 747/708/606 780/694/592
f 759/695/593 758/691/589 756/709/607
f 759/695/593 756/709/607 747/708/606
f 758/691/589 757/705/603 756/709/607
f 734/685/583 728/710/608 727/696/594
f 734/685/583 736/686/584 728/710/608
f 736/686/584 729/697/595 728/710/608
f 723/698/596 730/711/609 729/697/595
f 723/698/596 722/712/610 730/711/609
f 566/699/597 582/688/586 567/713/611
f 567/713/611 582/688/586 766/703/601
f 565/700/598 573/714/612 798/701/599
f 767/704/602 774/702/600 782/715/613
f 782/715/613 780/694/592 747/708/606
f 782/715/613 774/702/600 780/694/592
f 753/692/590 761/716/614 762/706/604
f 753/692/590 727/696/594 725/717/615
f 753/692/590 725/717/615 761/716/614
f 763/707/605 755/718/616 757/705/603
f 763/707/605 762/706/604 643/719/617
f 763/707/605 764/720/618 755/718/616
f 763/707/605 643/719/617 642/721/619
f 763/707/605 642/721/619 764/720/618
f 757/705/603 755/718/616 756/709/607
f 728/710/608 729/697/595 726/722/620
f 728/710/608 726/722/620 727/696/594
f 727/696/594 726/722/620 725/717/615
f 729/697/595 730/711/609 726/722/620
f 722/712/610 684/723/621 730/711/609
f 722/712/610 664/724/622 684/723/621
f 573/714/612 574/725/623 798/701/599
f 573/714/612 572/726/624 574/725/623
f 747/708/606 756/709/607 748/727/625
f 761/716/614 632/728/626 762/706/604
f 761/716/614 725/717/615 681/729/627
f 761/716/614 633/730/628 632/728/626
f 761/716/614 681/729/627 633/730/628
f 762/706/604 632/728/626 643/719/617
f 642/721/619 628/731/629 764/720/618
f 642/721/619 643/719/617 641/732/630
f 642/721/619 629/733/631 628/731/629
f 642/721/619 641/732/630 629/733/631
f 755/718/616 743/734/632 756/709/607
f 755/718/616 764/720/618 744/735/633
f 755/718/616 744/735/633 743/734/632
f 743/734/632 748/727/625 756/709/607
f 744/735/633 764/720/618 628/731/629
f 726/722/620 730/711/609 683/736/634
f 726/722/620 683/736/634 725/717/615
f 725/717/615 683/736/634 681/729/627
f 730/711/609 684/723/621 683/736/634
f 664/724/622 685/737/635 684/723/621
f 664/724/622 663/738/636 685/737/635
f 684/723/621 685/737/635 683/736/634
f 572/726/624 575/739/637 574/725/623
f 633/730/628 634/740/638 632/728/626
f 633/730/628 681/729/627 680/741/639
f 633/730/628 635/742/640 634/740/638
f 633/730/628 680/741/639 635/742/640
f 643/719/617 640/743/641 641/732/630
f 643/719/617 632/728/626 640/743/641
f 632/728/626 634/740/638 640/743/641
f 629/733/631 641/732/630 630/744/642
f 663/738/636 662/745/643 685/737/635
f 683/736/634 682/746/644 681/729/627
f 683/736/634 685/737/635 682/746/644
f 681/729/627 682/746/644 680/741/639
f 575/739/637 576/747/645 574/725/623
f 575/739/637 577/748/646 576/747/645
f 635/742/640 637/749/647 634/740/638
f 635/742/640 680/741/639 675/750/648
f 635/742/640 636/751/649 637/749/647
f 635/742/640 675/750/648 636/751/649
f 640/743/641 639/752/650 641/732/630
f 640/743/641 634/740/638 638/753/651
f 640/743/641 638/753/651 639/752/650
f 634/740/638 637/749/647 638/753/651
f 641/732/630 639/752/650 630/744/642
f 662/745/643 677/754/652 685/737/635
f 662/745/643 670/755/653 677/754/652
f 685/737/635 677/754/652 682/746/644
f 577/748/646 525/756/524 576/747/645
f 577/748/646 526/757/519 525/756/524
f 680/741/639 676/758/654 675/750/648
f 680/741/639 682/746/644 676/758/654
f 682/746/644 677/754/652 676/758/654
f 636/751/649 647/759/655 637/749/647
f 636/751/649 675/750/648 672/760/656
f 636/751/649 646/761/657 647/759/655
f 636/751/649 672/760/656 646/761/657
f 638/753/651 651/762/658 639/752/650
f 638/753/651 637/749/647 650/763/659
f 638/753/651 650/763/659 651/762/658
f 637/749/647 647/759/655 650/763/659
f 630/744/642 639/752/650 654/764/660
f 639/752/650 651/762/658 654/764/660
f 670/755/653 678/765/661 677/754/652
f 670/755/653 669/766/662 678/765/661
f 677/754/652 678/765/661 676/758/654
f 675/750/648 674/767/663 672/760/656
f 675/750/648 676/758/654 674/767/663
f 676/758/654 678/765/661 674/767/663
f 646/761/657 645/768/664 647/759/655
f 646/761/657 672/760/656 671/769/665
f 646/761/657 644/770/666 645/768/664
f 646/761/657 671/769/665 644/770/666
f 650/763/659 649/771/667 651/762/658
f 650/763/659 647/759/655 648/772/668
f 650/763/659 648/772/668 649/771/667
f 648/772/668 647/759/655 645/768/664
f 654/764/660 651/762/658 655/773/669
f 655/773/669 651/762/658 649/771/667
f 669/766/662 679/774/670 678/765/661
f 678/765/661 679/774/670 674/767/663
f 672/760/656 673/775/671 671/769/665
f 672/760/656 674/767/663 673/775/671
f 673/775/671 674/767/663 679/774/670
f 561/776/672 559/777/673 560/778/674
f 561/776/672 567/779/611 559/777/673
f 561/776/672 560/778/674 562/780/675
f 561/776/672 566/781/597 567/779/611
f 561/776/672 562/780/675 563/782/676
f 561/776/672 564/783/677 566/781/597
f 561/776/672 563/782/676 564/783/677
f 559/777/673 587/784/678 560/778/674
f 559/777/673 567/779/611 765/785/679
f 559/777/673 765/785/679 587/784/678
f 562/780/675 591/786/680 563/782/676
f 562/780/675 560/778/674 586/787/681
f 562/780/675 586/787/681 591/786/680
f 560/778/674 587/784/678 586/787/681
f 566/781/597 564/783/677 565/788/598
f 567/779/611 766/789/601 765/785/679
f 563/782/676 591/786/680 605/790/682
f 563/782/676 568/791/683 564/783/677
f 563/782/676 605/790/682 568/791/683
f 587/784/678 589/792/684 586/787/681
f 587/784/678 765/785/679 588/793/685
f 587/784/678 588/793/685 589/792/684
f 565/788/598 564/783/677 570/794/686
f 565/788/598 570/794/686 573/795/612
f 564/783/677 568/791/683 570/794/686
f 766/789/601 768/796/687 765/785/679
f 766/789/601 767/797/602 768/796/687
f 765/785/679 768/796/687 588/793/685
f 591/786/680 603/798/688 605/790/682
f 591/786/680 586/787/681 590/799/689
f 591/786/680 590/799/689 603/798/688
f 586/787/681 589/792/684 590/799/689
f 573/795/612 570/794/686 571/800/690
f 573/795/612 571/800/690 572/801/624
f 568/791/683 605/790/682 604/802/691
f 568/791/683 569/803/692 570/794/686
f 568/791/683 604/802/691 569/803/692
f 569/803/692 571/800/690 570/794/686
f 767/797/602 781/804/693 768/796/687
f 767/797/602 782/805/613 781/804/693
f 588/793/685 595/806/694 589/792/684
f 588/793/685 768/796/687 594/807/695
f 588/793/685 594/807/695 595/806/694
f 768/796/687 781/804/693 594/807/695
f 603/798/688 590/799/689 600/808/696
f 603/798/688 602/809/697 605/790/682
f 603/798/688 600/808/696 601/810/698
f 603/798/688 601/810/698 602/809/697
f 602/809/697 604/802/691 605/790/682
f 782/805/613 746/811/699 781/804/693
f 782/805/613 747/812/606 746/811/699
f 589/792/684 595/806/694 597/813/700
f 589/792/684 597/813/700 590/799/689
f 590/799/689 597/813/700 600/808/696
f 594/807/695 781/804/693 592/814/701
f 594/807/695 593/815/702 595/806/694
f 594/807/695 592/814/701 593/815/702
f 781/804/693 746/811/699 592/814/701
f 601/810/698 600/808/696 599/816/703
f 747/812/606 748/817/625 746/811/699
f 597/813/700 595/806/694 596/818/704
f 597/813/700 598/819/705 600/808/696
f 597/813/700 596/818/704 598/819/705
f 600/808/696 598/819/705 599/816/703
f 595/806/694 593/815/702 596/818/704
f 592/814/701 746/811/699 745/820/706
f 592/814/701 624/821/707 593/815/702
f 592/814/701 745/820/706 624/821/707
f 746/811/699 748/817/625 745/820/706
f 598/819/705 622/822/708 599/816/703
f 598/819/705 596/818/704 623/823/709
f 598/819/705 623/823/709 622/822/708
f 593/815/702 624/821/707 625/824/710
f 593/815/702 625/824/710 596/818/704
f 596/818/704 625/824/710 623/823/709
f 748/817/625 743/825/632 745/820/706
f 599/816/703 622/822/708 621/826/711
f 624/821/707 614/827/712 625/824/710
f 624/821/707 745/820/706 742/828/713
f 624/821/707 742/828/713 614/827/712
f 745/820/706 743/825/632 742/828/713
f 623/823/709 612/829/714 622/822/708
f 623/823/709 625/824/710 613/830/715
f 623/823/709 613/830/715 612/829/714
f 625/824/710 614/827/712 613/830/715
f 621/826/711 622/822/708 620/831/716
f 621/826/711 620/831/716 619/832/717
f 622/822/708 612/829/714 620/831/716
f 743/825/632 744/833/633 742/828/713
f 614/827/712 606/834/718 613/830/715
f 614/827/712 742/828/713 741/835/719
f 614/827/712 741/835/719 606/834/718
f 742/828/713 744/833/633 741/835/719
f 619/832/717 620/831/716 618/836/720
f 619/832/717 618/836/720 616/837/721
f 612/829/714 613/830/715 608/838/722
f 612/829/714 611/839/723 620/831/716
f 612/829/714 608/838/722 611/839/723
f 620/831/716 611/839/723 618/836/720
f 613/830/715 606/834/718 608/838/722
f 744/833/633 628/840/629 741/835/719
f 616/837/721 618/836/720 617/841/724
f 616/837/721 617/841/724 615/842/725
f 611/839/723 608/838/722 609/843/726
f 611/839/723 610/844/727 618/836/720
f 611/839/723 609/843/726 610/844/727
f 618/836/720 610/844/727 617/841/724
f 606/834/718 741/835/719 607/845/728
f 606/834/718 607/845/728 608/838/722
f 608/838/722 607/845/728 609/843/726
f 628/840/629 627/846/729 741/835/719
f 628/840/629 626/847/730 627/846/729
f 628/840/629 629/848/631 626/847/730
f 607/845/728 626/847/730 609/843/726
f 607/845/728 741/835/719 627/846/729
f 607/845/728 627/846/729 626/847/730
f 609/843/726 626/847/730 610/844/727
f 615/842/725 617/841/724 653/849/731
f 615/842/725 653/849/731 652/850/732
f 629/848/631 631/851/733 626/847/730
f 629/848/631 630/852/642 631/851/733
f 631/851/733 610/844/727 626/847/730
f 631/851/733 617/841/724 610/844/727
f 631/851/733 653/849/731 617/841/724
f 631/851/733 630/852/642 653/849/731
f 652/850/732 653/849/731 654/853/660
f 652/850/732 654/853/660 655/854/669
f 654/853/660 653/849/731 630/852/642
f 810/855/734 811/856/735 809/857/736
f 810/855/734 812/858/737 811/856/735
f 810/855/734 809/857/736 817/859/738
f 810/855/734 813/860/739 812/858/737
f 810/855/734 817/859/738 816/861/740
f 810/855/734 815/862/741 813/860/739
f 810/855/734 816/861/740 815/862/741
f 811/856/735 1027/863/742 809/857/736
f 811/856/735 812/858/737 836/864/743
f 811/856/735 838/865/744 1027/863/742
f 811/856/735 836/864/743 838/865/744
f 817/859/738 804/866/745 816/861/740
f 817/859/738 809/857/736 1028/867/746
f 817/859/738 1016/868/747 804/866/745
f 817/859/738 1028/867/746 1016/868/747
f 813/860/739 815/862/741 818/869/748
f 813/860/739 814/870/749 812/858/737
f 813/860/739 818/869/748 529/871/528
f 813/860/739 529/871/528 814/870/749
f 812/858/737 814/870/749 836/864/743
f 1027/863/742 838/865/744 1001/872/750
f 1027/863/742 1026/873/751 809/857/736
f 1027/863/742 1001/872/750 1023/874/752
f 1027/863/742 1023/874/752 1026/873/751
f 809/857/736 1026/873/751 1028/867/746
f 816/861/740 804/866/745 805/875/753
f 816/861/740 807/876/754 815/862/741
f 816/861/740 805/875/753 807/876/754
f 1016/868/747 1028/867/746 1017/877/755
f 818/869/748 551/878/561 529/871/528
f 818/869/748 815/862/741 821/879/756
f 818/869/748 558/880/560 551/878/561
f 818/869/748 821/879/756 558/880/560
f 821/879/756 815/862/741 807/876/754
f 814/870/749 1030/881/757 836/864/743
f 814/870/749 529/871/528 530/882/523
f 814/870/749 530/882/523 1030/881/757
f 838/865/744 839/883/758 1001/872/750
f 838/865/744 836/864/743 837/884/759
f 838/865/744 837/884/759 839/883/758
f 1023/874/752 1022/885/760 1026/873/751
f 1023/874/752 1001/872/750 1003/886/761
f 1023/874/752 1021/887/762 1022/885/760
f 1023/874/752 1003/886/761 1021/887/762
f 1028/867/746 1025/888/763 1017/877/755
f 1028/867/746 1026/873/751 1025/888/763
f 1026/873/751 1022/885/760 1025/888/763
f 551/878/561 522/889/525 529/871/528
f 530/882/523 532/890/521 1030/881/757
f 837/884/759 840/891/764 839/883/758
f 1001/872/750 1002/892/765 1003/886/761
f 1001/872/750 839/883/758 1000/893/766
f 1001/872/750 1000/893/766 1002/892/765
f 1021/887/762 1020/894/767 1022/885/760
f 1021/887/762 1003/886/761 1009/895/768
f 1021/887/762 963/896/769 1020/894/767
f 1021/887/762 1009/895/768 965/897/770
f 1021/887/762 965/897/770 963/896/769
f 1017/877/755 1025/888/763 1019/898/771
f 840/891/764 842/899/772 839/883/758
f 840/891/764 841/900/773 842/899/772
f 839/883/758 842/899/772 1000/893/766
f 1002/892/765 1008/901/774 1003/886/761
f 1002/892/765 1000/893/766 1004/902/775
f 1002/892/765 1010/903/776 1008/901/774
f 1002/892/765 1004/902/775 1010/903/776
f 1003/886/761 1008/901/774 1009/895/768
f 1022/885/760 1020/894/767 1024/904/777
f 1022/885/760 1024/904/777 1025/888/763
f 1025/888/763 1024/904/777 1019/898/771
f 965/897/770 964/905/778 963/896/769
f 965/897/770 1009/895/768 983/906/779
f 965/897/770 983/906/779 964/905/778
f 841/900/773 843/907/780 842/899/772
f 841/900/773 828/908/781 843/907/780
f 841/900/773 829/909/782 828/908/781
f 841/900/773 1029/910/783 829/909/782
f 1000/893/766 1005/911/784 1004/902/775
f 1000/893/766 842/899/772 1005/911/784
f 1010/903/776 991/912/785 1008/901/774
f 1010/903/776 1004/902/775 1011/913/786
f 1010/903/776 990/914/787 991/912/785
f 1010/903/776 1011/913/786 990/914/787
f 1020/894/767 966/915/788 1024/904/777
f 1020/894/767 963/896/769 966/915/788
f 1019/898/771 1024/904/777 971/916/789
f 1024/904/777 966/915/788 971/916/789
f 1009/895/768 982/917/790 983/906/779
f 1009/895/768 1008/901/774 982/917/790
f 1008/901/774 991/912/785 982/917/790
f 964/905/778 962/918/791 963/896/769
f 964/905/778 983/906/779 981/919/792
f 964/905/778 958/920/793 962/918/791
f 964/905/778 981/919/792 958/920/793
f 983/906/779 982/917/790 981/919/792
f 963/896/769 962/918/791 966/915/788
f 843/907/780 828/908/781 830/921/794
f 843/907/780 1007/922/795 842/899/772
f 843/907/780 830/921/794 997/923/796
f 843/907/780 997/923/796 1007/922/795
f 842/899/772 1007/922/795 1005/911/784
f 1029/910/783 833/924/797 829/909/782
f 1029/910/783 834/925/798 833/924/797
f 1004/902/775 1006/926/799 1011/913/786
f 1004/902/775 1005/911/784 1006/926/799
f 1005/911/784 1007/922/795 1006/926/799
f 990/914/787 986/927/800 991/912/785
f 990/914/787 1011/913/786 979/928/801
f 990/914/787 987/929/802 986/927/800
f 990/914/787 979/928/801 987/929/802
f 971/916/789 966/915/788 967/930/803
f 971/916/789 967/930/803 970/931/804
f 966/915/788 962/918/791 967/930/803
f 958/920/793 981/919/792 984/932/805
f 958/920/793 959/933/806 962/918/791
f 958/920/793 984/932/805 957/934/807
f 958/920/793 956/935/808 959/933/806
f 958/920/793 957/934/807 956/935/808
f 962/918/791 959/933/806 967/930/803
f 982/917/790 991/912/785 980/936/809
f 982/917/790 980/936/809 981/919/792
f 981/919/792 980/936/809 984/932/805
f 991/912/785 986/927/800 980/936/809
f 997/923/796 999/937/810 1007/922/795
f 1007/922/795 999/937/810 1006/926/799
f 834/925/798 572/938/624 833/924/797
f 834/925/798 575/939/637 572/938/624
f 834/925/798 835/940/811 575/939/637
f 1011/913/786 1013/941/812 979/928/801
f 1011/913/786 1006/926/799 1013/941/812
f 1013/941/812 1006/926/799 999/937/810
f 987/929/802 988/942/813 986/927/800
f 987/929/802 979/928/801 978/943/814
f 987/929/802 989/944/815 988/942/813
f 987/929/802 978/943/814 975/945/816
f 987/929/802 975/945/816 989/944/815
f 970/931/804 967/930/803 960/946/817
f 970/931/804 960/946/817 955/947/818
f 959/933/806 956/935/808 960/946/817
f 959/933/806 960/946/817 967/930/803
f 957/934/807 984/932/805 993/948/819
f 957/934/807 921/949/820 956/935/808
f 957/934/807 993/948/819 920/950/821
f 957/934/807 920/950/821 921/949/820
f 980/936/809 986/927/800 985/951/822
f 980/936/809 985/951/822 984/932/805
f 986/927/800 988/942/813 985/951/822
f 835/940/811 577/952/646 575/939/637
f 835/940/811 531/953/527 577/952/646
f 975/945/816 974/954/823 989/944/815
f 955/947/818 960/946/817 961/955/824
f 955/947/818 961/955/824 953/956/825
f 956/935/808 921/949/820 961/955/824
f 956/935/808 961/955/824 960/946/817
f 993/948/819 884/957/826 920/950/821
f 993/948/819 984/932/805 992/958/827
f 993/948/819 882/959/828 884/957/826
f 993/948/819 992/958/827 882/959/828
f 984/932/805 985/951/822 992/958/827
f 988/942/813 989/944/815 994/960/829
f 988/942/813 994/960/829 985/951/822
f 985/951/822 994/960/829 992/958/827
f 531/953/527 526/961/519 577/952/646
f 974/954/823 995/962/830 989/944/815
f 974/954/823 878/963/831 995/962/830
f 989/944/815 995/962/830 994/960/829
f 953/956/825 961/955/824 923/964/832
f 953/956/825 923/964/832 908/965/833
f 961/955/824 921/949/820 923/964/832
f 920/950/821 884/957/826 918/966/834
f 920/950/821 919/967/835 921/949/820
f 920/950/821 918/966/834 919/967/835
f 882/959/828 992/958/827 892/968/836
f 882/959/828 883/969/837 884/957/826
f 882/959/828 892/968/836 889/970/838
f 882/959/828 889/970/838 883/969/837
f 992/958/827 994/960/829 892/968/836
f 878/963/831 893/971/839 995/962/830
f 878/963/831 879/972/840 893/971/839
f 994/960/829 893/971/839 892/968/836
f 994/960/829 995/962/830 893/971/839
f 908/965/833 923/964/832 922/973/841
f 908/965/833 922/973/841 906/974/842
f 921/949/820 919/967/835 922/973/841
f 921/949/820 922/973/841 923/964/832
f 918/966/834 884/957/826 885/975/843
f 918/966/834 915/976/844 919/967/835
f 918/966/834 885/975/843 914/977/845
f 918/966/834 914/977/845 915/976/844
f 884/957/826 883/969/837 885/975/843
f 889/970/838 892/968/836 891/978/846
f 889/970/838 888/979/847 883/969/837
f 889/970/838 891/978/846 890/980/848
f 889/970/838 890/980/848 888/979/847
f 893/971/839 879/972/840 891/978/846
f 893/971/839 891/978/846 892/968/836
f 906/974/842 922/973/841 907/981/849
f 919/967/835 915/976/844 917/982/850
f 919/967/835 917/982/850 922/973/841
f 922/973/841 917/982/850 907/981/849
f 914/977/845 885/975/843 887/983/851
f 914/977/845 912/984/852 915/976/844
f 914/977/845 887/983/851 913/985/853
f 914/977/845 913/985/853 912/984/852
f 883/969/837 888/979/847 886/986/854
f 883/969/837 886/986/854 885/975/843
f 885/975/843 886/986/854 887/983/851
f 890/980/848 891/978/846 881/987/855
f 890/980/848 897/988/856 888/979/847
f 890/980/848 881/987/855 899/989/857
f 890/980/848 899/989/857 897/988/856
f 881/987/855 891/978/846 879/972/840
f 917/982/850 911/990/858 907/981/849
f 917/982/850 915/976/844 916/991/859
f 917/982/850 916/991/859 911/990/858
f 915/976/844 912/984/852 916/991/859
f 913/985/853 887/983/851 895/992/860
f 913/985/853 673/993/671 912/984/852
f 913/985/853 895/992/860 671/994/665
f 913/985/853 671/994/665 673/993/671
f 886/986/854 888/979/847 896/995/861
f 886/986/854 894/996/862 887/983/851
f 886/986/854 896/995/861 894/996/862
f 887/983/851 894/996/862 895/992/860
f 888/979/847 897/988/856 896/995/861
f 899/989/857 655/997/669 897/988/856
f 911/990/858 916/991/859 669/998/662
f 912/984/852 673/993/671 679/999/670
f 912/984/852 679/999/670 916/991/859
f 916/991/859 679/999/670 669/998/662
f 671/994/665 895/992/860 644/1000/666
f 894/996/862 896/995/861 648/1001/668
f 894/996/862 645/1002/664 895/992/860
f 894/996/862 648/1001/668 645/1002/664
f 645/1002/664 644/1000/666 895/992/860
f 655/997/669 649/1003/667 897/988/856
f 649/1003/667 648/1001/668 896/995/861
f 649/1003/667 896/995/861 897/988/856
f 823/1004/863 824/1005/864 822/1006/865
f 823/1004/863 825/1007/866 824/1005/864
f 823/1004/863 822/1006/865 830/1008/794
f 823/1004/863 826/1009/867 825/1007/866
f 823/1004/863 830/1008/794 828/1010/781
f 823/1004/863 827/1011/868 826/1009/867
f 823/1004/863 828/1010/781 827/1011/868
f 824/1005/864 845/1012/869 822/1006/865
f 824/1005/864 825/1007/866 844/1013/870
f 824/1005/864 844/1013/870 845/1012/869
f 830/1008/794 822/1006/865 996/1014/871
f 830/1008/794 996/1014/871 997/1015/796
f 822/1006/865 845/1012/869 996/1014/871
f 826/1009/867 827/1011/868 831/1016/872
f 826/1009/867 849/1017/873 825/1007/866
f 826/1009/867 831/1016/872 859/1018/874
f 826/1009/867 859/1018/874 849/1017/873
f 825/1007/866 849/1017/873 844/1013/870
f 828/1010/781 829/1019/782 827/1011/868
f 997/1015/796 996/1014/871 998/1020/875
f 997/1015/796 998/1020/875 999/1021/810
f 845/1012/869 844/1013/870 846/1022/876
f 845/1012/869 847/1023/877 996/1014/871
f 845/1012/869 846/1022/876 847/1023/877
f 996/1014/871 847/1023/877 998/1020/875
f 831/1016/872 604/1024/691 859/1018/874
f 831/1016/872 827/1011/868 832/1025/878
f 831/1016/872 569/1026/692 604/1024/691
f 831/1016/872 832/1025/878 569/1026/692
f 827/1011/868 829/1019/782 832/1025/878
f 849/1017/873 848/1027/879 844/1013/870
f 849/1017/873 859/1018/874 858/1028/880
f 849/1017/873 858/1028/880 848/1027/879
f 844/1013/870 848/1027/879 846/1022/876
f 999/1021/810 998/1020/875 1012/1029/881
f 999/1021/810 1012/1029/881 1013/1030/812
f 847/1023/877 846/1022/876 850/1031/882
f 847/1023/877 852/1032/883 998/1020/875
f 847/1023/877 850/1031/882 852/1032/883
f 998/1020/875 852/1032/883 1012/1029/881
f 604/1024/691 602/1033/697 859/1018/874
f 859/1018/874 602/1033/697 858/1028/880
f 569/1026/692 832/1025/878 571/1034/690
f 829/1019/782 833/1035/797 832/1025/878
f 832/1025/878 833/1035/797 571/1034/690
f 848/1027/879 855/1036/884 846/1022/876
f 848/1027/879 858/1028/880 857/1037/885
f 848/1027/879 857/1037/885 855/1036/884
f 846/1022/876 855/1036/884 850/1031/882
f 1013/1030/812 1012/1029/881 977/1038/886
f 1013/1030/812 977/1038/886 979/1039/801
f 852/1032/883 850/1031/882 851/1040/887
f 852/1032/883 853/1041/888 1012/1029/881
f 852/1032/883 851/1040/887 853/1041/888
f 1012/1029/881 853/1041/888 977/1038/886
f 602/1033/697 601/1042/698 858/1028/880
f 858/1028/880 601/1042/698 857/1037/885
f 833/1035/797 572/1043/624 571/1034/690
f 855/1036/884 854/1044/889 850/1031/882
f 855/1036/884 857/1037/885 856/1045/890
f 855/1036/884 856/1045/890 854/1044/889
f 850/1031/882 854/1044/889 851/1040/887
f 979/1039/801 977/1038/886 978/1046/814
f 853/1041/888 851/1040/887 875/1047/891
f 853/1041/888 976/1048/892 977/1038/886
f 853/1041/888 875/1047/891 976/1048/892
f 977/1038/886 976/1048/892 978/1046/814
f 601/1042/698 599/1049/703 857/1037/885
f 857/1037/885 599/1049/703 856/1045/890
f 854/1044/889 874/1050/893 851/1040/887
f 854/1044/889 856/1045/890 873/1051/894
f 854/1044/889 873/1051/894 874/1050/893
f 851/1040/887 874/1050/893 875/1047/891
f 976/1048/892 975/1052/816 978/1046/814
f 976/1048/892 875/1047/891 973/1053/895
f 976/1048/892 973/1053/895 975/1052/816
f 599/1049/703 872/1054/896 856/1045/890
f 599/1049/703 621/1055/711 872/1054/896
f 856/1045/890 872/1054/896 873/1051/894
f 874/1050/893 868/1056/897 875/1047/891
f 874/1050/893 873/1051/894 867/1057/898
f 874/1050/893 867/1057/898 868/1056/897
f 875/1047/891 868/1056/897 973/1053/895
f 975/1052/816 973/1053/895 974/1058/823
f 621/1055/711 871/1059/899 872/1054/896
f 621/1055/711 619/1060/717 871/1059/899
f 873/1051/894 866/1061/900 867/1057/898
f 873/1051/894 872/1054/896 866/1061/900
f 872/1054/896 871/1059/899 866/1061/900
f 868/1056/897 972/1062/901 973/1053/895
f 868/1056/897 867/1057/898 860/1063/902
f 868/1056/897 860/1063/902 972/1062/901
f 973/1053/895 972/1062/901 974/1058/823
f 619/1060/717 869/1064/903 871/1059/899
f 619/1060/717 616/1065/721 869/1064/903
f 866/1061/900 861/1066/904 867/1057/898
f 866/1061/900 871/1059/899 864/1067/905
f 866/1061/900 864/1067/905 861/1066/904
f 871/1059/899 869/1064/903 864/1067/905
f 867/1057/898 861/1066/904 860/1063/902
f 972/1062/901 878/1068/831 974/1058/823
f 972/1062/901 860/1063/902 862/1069/906
f 972/1062/901 877/1070/907 878/1068/831
f 972/1062/901 862/1069/906 877/1070/907
f 860/1063/902 861/1066/904 862/1069/906
f 616/1065/721 870/1071/908 869/1064/903
f 616/1065/721 615/1072/725 870/1071/908
f 864/1067/905 863/1073/909 861/1066/904
f 864/1067/905 869/1064/903 865/1074/910
f 864/1067/905 865/1074/910 863/1073/909
f 869/1064/903 870/1071/908 865/1074/910
f 861/1066/904 863/1073/909 862/1069/906
f 878/1068/831 877/1070/907 876/1075/911
f 878/1068/831 876/1075/911 879/1076/840
f 862/1069/906 863/1073/909 876/1075/911
f 862/1069/906 876/1075/911 877/1070/907
f 863/1073/909 865/1074/910 876/1075/911
f 615/1072/725 898/1077/912 870/1071/908
f 615/1072/725 652/1078/732 898/1077/912
f 879/1076/840 876/1075/911 880/1079/913
f 879/1076/840 880/1079/913 881/1080/855
f 880/1079/913 876/1075/911 865/1074/910
f 880/1079/913 870/1071/908 898/1077/912
f 880/1079/913 898/1077/912 881/1080/855
f 880/1079/913 865/1074/910 870/1071/908
f 652/1078/732 899/1081/857 898/1077/912
f 652/1078/732 655/1082/669 899/1081/857
f 899/1081/857 881/1080/855 898/1077/912
f 534/1083/914 535/1084/915 533/1085/916
f 534/1083/914 536/1086/917 535/1084/915
f 534/1083/914 533/1085/916 706/1087/918
f 534/1083/914 537/1088/543 536/1086/917
f 534/1083/914 706/1087/918 783/1089/919
f 534/1083/914 783/1089/919 537/1088/543
f 535/1084/915 707/1090/920 533/1085/916
f 535/1084/915 536/1086/917 541/1091/921
f 535/1084/915 708/1092/922 707/1090/920
f 535/1084/915 541/1091/921 708/1092/922
f 533/1085/916 707/1090/920 706/1087/918
f 783/1089/919 786/1093/548 537/1088/543
f 783/1089/919 706/1087/918 711/1094/923
f 783/1089/919 784/1095/924 786/1093/548
f 783/1089/919 711/1094/923 784/1095/924
f 536/1086/917 540/1096/925 541/1091/921
f 536/1086/917 537/1088/543 538/1097/544
f 536/1086/917 538/1097/544 540/1096/925
f 708/1092/922 709/1098/926 707/1090/920
f 708/1092/922 541/1091/921 713/1099/927
f 708/1092/922 715/1100/928 709/1098/926
f 708/1092/922 713/1099/927 715/1100/928
f 706/1087/918 710/1101/929 711/1094/923
f 706/1087/918 707/1090/920 710/1101/929
f 707/1090/920 709/1098/926 710/1101/929
f 786/1093/548 784/1095/924 785/1102/550
f 538/1097/544 539/1103/542 540/1096/925
f 541/1091/921 556/1104/930 713/1099/927
f 541/1091/921 540/1096/925 556/1104/930
f 715/1100/928 717/1105/931 709/1098/926
f 715/1100/928 713/1099/927 714/1106/932
f 715/1100/928 716/1107/933 717/1105/931
f 715/1100/928 714/1106/932 716/1107/933
f 711/1094/923 710/1101/929 720/1108/934
f 711/1094/923 719/1109/935 784/1095/924
f 711/1094/923 720/1108/934 719/1109/935
f 785/1102/550 784/1095/924 787/1110/936
f 785/1102/550 787/1110/936 788/1111/558
f 784/1095/924 719/1109/935 787/1110/936
f 539/1103/542 555/1112/937 540/1096/925
f 539/1103/542 557/1113/552 555/1112/937
f 540/1096/925 555/1112/937 556/1104/930
f 709/1098/926 717/1105/931 718/1114/938
f 709/1098/926 718/1114/938 710/1101/929
f 710/1101/929 718/1114/938 720/1108/934
f 713/1099/927 712/1115/939 714/1106/932
f 713/1099/927 556/1104/930 712/1115/939
f 716/1107/933 699/1116/940 717/1105/931
f 788/1111/558 787/1110/936 737/1117/941
f 788/1111/558 737/1117/941 740/1118/575
f 719/1109/935 720/1108/934 693/1119/942
f 719/1109/935 692/1120/943 787/1110/936
f 719/1109/935 693/1119/942 692/1120/943
f 787/1110/936 692/1120/943 737/1117/941
f 557/1113/552 553/1121/944 555/1112/937
f 557/1113/552 558/1122/560 553/1121/944
f 718/1114/938 717/1105/931 698/1123/945
f 718/1114/938 696/1124/946 720/1108/934
f 718/1114/938 698/1123/945 696/1124/946
f 720/1108/934 696/1124/946 693/1119/942
f 717/1105/931 699/1116/940 698/1123/945
f 556/1104/930 554/1125/947 712/1115/939
f 556/1104/930 555/1112/937 554/1125/947
f 554/1125/947 555/1112/937 553/1121/944
f 740/1118/575 737/1117/941 739/1126/585
f 692/1120/943 693/1119/942 694/1127/948
f 692/1120/943 738/1128/949 737/1117/941
f 692/1120/943 694/1127/948 738/1128/949
f 737/1117/941 738/1128/949 739/1126/585
f 696/1124/946 698/1123/945 697/1129/950
f 696/1124/946 695/1130/951 693/1119/942
f 696/1124/946 697/1129/950 695/1130/951
f 693/1119/942 695/1130/951 694/1127/948
f 699/1116/940 700/1131/952 698/1123/945
f 699/1116/940 701/1132/953 700/1131/952
f 698/1123/945 700/1131/952 697/1129/950
f 738/1128/949 723/1133/596 739/1126/585
f 738/1128/949 694/1127/948 724/1134/954
f 738/1128/949 724/1134/954 723/1133/596
f 695/1130/951 697/1129/950 689/1135/955
f 695/1130/951 688/1136/956 694/1127/948
f 695/1130/951 689/1135/955 688/1136/956
f 694/1127/948 688/1136/956 724/1134/954
f 701/1132/953 703/1137/957 700/1131/952
f 701/1132/953 702/1138/958 703/1137/957
f 723/1133/596 724/1134/954 722/1139/610
f 697/1129/950 690/1140/959 689/1135/955
f 697/1129/950 700/1131/952 690/1140/959
f 700/1131/952 703/1137/957 690/1140/959
f 688/1136/956 721/1141/960 724/1134/954
f 688/1136/956 689/1135/955 687/1142/961
f 688/1136/956 687/1142/961 721/1141/960
f 724/1134/954 721/1141/960 722/1139/610
f 702/1138/958 705/1143/962 703/1137/957
f 702/1138/958 704/1144/963 705/1143/962
f 690/1140/959 686/1145/964 689/1135/955
f 690/1140/959 703/1137/957 691/1146/965
f 690/1140/959 691/1146/965 686/1145/964
f 703/1137/957 705/1143/962 691/1146/965
f 689/1135/955 686/1145/964 687/1142/961
f 721/1141/960 664/1147/622 722/1139/610
f 721/1141/960 687/1142/961 658/1148/966
f 721/1141/960 658/1148/966 664/1147/622
f 704/1144/963 665/1149/967 705/1143/962
f 704/1144/963 666/1150/968 665/1149/967
f 691/1146/965 657/1151/969 686/1145/964
f 691/1146/965 705/1143/962 660/1152/970
f 691/1146/965 660/1152/970 657/1151/969
f 705/1143/962 665/1149/967 660/1152/970
f 687/1142/961 656/1153/971 658/1148/966
f 687/1142/961 686/1145/964 656/1153/971
f 656/1153/971 657/1151/969 658/1148/966
f 656/1153/971 686/1145/964 657/1151/969
f 664/1147/622 658/1148/966 659/1154/972
f 664/1147/622 659/1154/972 663/1155/636
f 657/1151/969 660/1152/970 659/1154/972
f 657/1151/969 659/1154/972 658/1148/966
f 666/1150/968 667/1156/973 665/1149/967
f 666/1150/968 668/1157/974 667/1156/973
f 663/1155/636 659/1154/972 661/1158/975
f 663/1155/636 661/1158/975 662/1159/643
f 661/1158/975 659/1154/972 660/1152/970
f 661/1158/975 660/1152/970 665/1149/967
f 661/1158/975 667/1156/973 662/1159/643
f 661/1158/975 665/1149/967 667/1156/973
f 668/1157/974 670/1160/653 667/1156/973
f 668/1157/974 669/1161/662 670/1160/653
f 670/1160/653 662/1159/643 667/1156/973
f 800/1162/976 801/1163/977 802/1164/978
f 800/1162/976 804/1165/745 801/1163/977
f 800/1162/976 802/1164/978 808/1166/979
f 800/1162/976 805/1167/753 804/1165/745
f 800/1162/976 808/1166/979 806/1168/980
f 800/1162/976 806/1168/980 805/1167/753
f 801/1163/977 803/1169/981 802/1164/978
f 801/1163/977 804/1165/745 1014/1170/982
f 801/1163/977 940/1171/983 803/1169/981
f 801/1163/977 1014/1170/982 940/1171/983
f 808/1166/979 820/1172/984 806/1168/980
f 808/1166/979 802/1164/978 942/1173/985
f 808/1166/979 946/1174/986 820/1172/984
f 808/1166/979 942/1173/985 946/1174/986
f 805/1167/753 806/1168/980 807/1175/754
f 804/1165/745 1016/1176/747 1014/1170/982
f 803/1169/981 940/1171/983 941/1177/987
f 803/1169/981 941/1177/987 802/1164/978
f 802/1164/978 941/1177/987 942/1173/985
f 820/1172/984 946/1174/986 712/1178/939
f 820/1172/984 819/1179/988 806/1168/980
f 820/1172/984 712/1178/939 554/1180/947
f 820/1172/984 554/1180/947 819/1179/988
f 806/1168/980 819/1179/988 807/1175/754
f 1016/1176/747 1015/1181/989 1014/1170/982
f 1016/1176/747 1017/1182/755 1015/1181/989
f 940/1171/983 944/1183/990 941/1177/987
f 940/1171/983 1014/1170/982 945/1184/991
f 940/1171/983 945/1184/991 944/1183/990
f 1014/1170/982 1015/1181/989 945/1184/991
f 942/1173/985 947/1185/992 946/1174/986
f 942/1173/985 941/1177/987 943/1186/993
f 942/1173/985 943/1186/993 947/1185/992
f 941/1177/987 944/1183/990 943/1186/993
f 712/1178/939 946/1174/986 714/1187/932
f 946/1174/986 947/1185/992 714/1187/932
f 554/1180/947 553/1188/944 819/1179/988
f 807/1175/754 819/1179/988 821/1189/756
f 819/1179/988 553/1188/944 821/1189/756
f 1017/1182/755 1018/1190/994 1015/1181/989
f 1017/1182/755 1019/1191/771 1018/1190/994
f 945/1184/991 950/1192/995 944/1183/990
f 945/1184/991 1015/1181/989 951/1193/996
f 945/1184/991 951/1193/996 950/1192/995
f 1015/1181/989 1018/1190/994 951/1193/996
f 943/1186/993 948/1194/997 947/1185/992
f 943/1186/993 944/1183/990 949/1195/998
f 943/1186/993 949/1195/998 948/1194/997
f 944/1183/990 950/1192/995 949/1195/998
f 714/1187/932 947/1185/992 716/1196/933
f 947/1185/992 948/1194/997 716/1196/933
f 553/1188/944 558/1197/560 821/1189/756
f 1019/1191/771 968/1198/999 1018/1190/994
f 1019/1191/771 971/1199/789 968/1198/999
f 951/1193/996 931/1200/1000 950/1192/995
f 951/1193/996 1018/1190/994 933/1201/1001
f 951/1193/996 933/1201/1001 931/1200/1000
f 1018/1190/994 968/1198/999 933/1201/1001
f 949/1195/998 936/1202/1002 948/1194/997
f 949/1195/998 950/1192/995 934/1203/1003
f 949/1195/998 934/1203/1003 936/1202/1002
f 950/1192/995 931/1200/1000 934/1203/1003
f 716/1196/933 948/1194/997 699/1204/940
f 948/1194/997 936/1202/1002 699/1204/940
f 971/1199/789 970/1205/804 968/1198/999
f 933/1201/1001 932/1206/1004 931/1200/1000
f 933/1201/1001 968/1198/999 969/1207/1005
f 933/1201/1001 969/1207/1005 932/1206/1004
f 968/1198/999 970/1205/804 969/1207/1005
f 934/1203/1003 935/1208/1006 936/1202/1002
f 934/1203/1003 931/1200/1000 930/1209/1007
f 934/1203/1003 930/1209/1007 935/1208/1006
f 931/1200/1000 932/1206/1004 930/1209/1007
f 699/1204/940 936/1202/1002 937/1210/1008
f 699/1204/940 937/1210/1008 701/1211/953
f 936/1202/1002 935/1208/1006 937/1210/1008
f 970/1205/804 955/1212/818 969/1207/1005
f 932/1206/1004 927/1213/1009 930/1209/1007
f 932/1206/1004 969/1207/1005 954/1214/1010
f 932/1206/1004 954/1214/1010 927/1213/1009
f 969/1207/1005 955/1212/818 954/1214/1010
f 701/1211/953 937/1210/1008 938/1215/1011
f 701/1211/953 938/1215/1011 702/1216/958
f 935/1208/1006 930/1209/1007 926/1217/1012
f 935/1208/1006 928/1218/1013 937/1210/1008
f 935/1208/1006 926/1217/1012 928/1218/1013
f 937/1210/1008 928/1218/1013 938/1215/1011
f 930/1209/1007 927/1213/1009 926/1217/1012
f 955/1212/818 953/1219/825 954/1214/1010
f 702/1216/958 938/1215/1011 939/1220/1014
f 702/1216/958 939/1220/1014 704/1221/963
f 928/1218/1013 926/1217/1012 924/1222/1015
f 928/1218/1013 929/1223/1016 938/1215/1011
f 928/1218/1013 924/1222/1015 929/1223/1016
f 938/1215/1011 929/1223/1016 939/1220/1014
f 927/1213/1009 954/1214/1010 952/1224/1017
f 927/1213/1009 925/1225/1018 926/1217/1012
f 927/1213/1009 952/1224/1017 925/1225/1018
f 926/1217/1012 925/1225/1018 924/1222/1015
f 954/1214/1010 953/1219/825 952/1224/1017
f 704/1221/963 939/1220/1014 909/1226/1019
f 704/1221/963 909/1226/1019 666/1227/968
f 929/1223/1016 924/1222/1015 901/1228/1020
f 929/1223/1016 904/1229/1021 939/1220/1014
f 929/1223/1016 901/1228/1020 904/1229/1021
f 939/1220/1014 904/1229/1021 909/1226/1019
f 925/1225/1018 952/1224/1017 902/1230/1022
f 925/1225/1018 903/1231/1023 924/1222/1015
f 925/1225/1018 902/1230/1022 903/1231/1023
f 903/1231/1023 902/1230/1022 901/1228/1020
f 903/1231/1023 901/1228/1020 924/1222/1015
f 953/1219/825 908/1232/833 952/1224/1017
f 952/1224/1017 908/1232/833 902/1230/1022
f 666/1227/968 909/1226/1019 910/1233/1024
f 666/1227/968 910/1233/1024 668/1234/974
f 904/1229/1021 901/1228/1020 900/1235/1025
f 904/1229/1021 905/1236/1026 909/1226/1019
f 904/1229/1021 900/1235/1025 905/1236/1026
f 902/1230/1022 908/1232/833 900/1235/1025
f 902/1230/1022 900/1235/1025 901/1228/1020
f 909/1226/1019 905/1236/1026 910/1233/1024
f 668/1234/974 910/1233/1024 911/1237/858
f 668/1234/974 911/1237/858 669/1238/662
f 908/1232/833 906/1239/842 900/1235/1025
f 900/1235/1025 906/1239/842 905/1236/1026
f 910/1233/1024 907/1240/849 911/1237/858
f 910/1233/1024 905/1236/1026 907/1240/849
f 907/1240/849 905/1236/1026 906/1239/842
f 1045/1241/1027 1052/1242/1028 1043/1243/1029
f 1052/1242/1028 1051/1244/1030 1050/1245/1031
f 1052/1242/1028 1050/1245/1031 1043/1243/1029
f 1051/1244/1030 1049/1246/1032 1050/1245/1031
f 1043/1243/1029 1160/1247/1033 1060/1248/1034
f 1050/1245/1031 1049/1246/1032 1160/1247/1033
f 1050/1245/1031 1160/1247/1033 1043/1243/1029
f 1051/1244/1030 1035/1249/1035 1049/1246/1032
f 1060/1248/1034 1160/1247/1033 1062/1250/1036
f 1051/1244/1030 1036/1251/1037 1035/1249/1035
f 1049/1246/1032 1159/1252/1038 1160/1247/1033
f 1062/1250/1036 1160/1247/1033 1158/1253/1039
f 1160/1247/1033 1159/1252/1038 1158/1253/1039
f 1036/1251/1037 1037/1254/1040 1035/1249/1035
f 1049/1246/1032 1068/1255/1041 1159/1252/1038
f 1049/1246/1032 1035/1249/1035 1068/1255/1041
f 1062/1250/1036 1158/1253/1039 1143/1256/1042
f 1036/1251/1037 1038/1257/1043 1037/1254/1040
f 1159/1252/1038 1157/1258/1044 1158/1253/1039
f 1035/1249/1035 1070/1259/1045 1068/1255/1041
f 1035/1249/1035 1037/1254/1040 1070/1259/1045
f 1143/1256/1042 1158/1253/1039 1187/1260/1046
f 1158/1253/1039 1157/1258/1044 1187/1260/1046
f 1038/1257/1043 1031/1261/1047 1037/1254/1040
f 1159/1252/1038 1067/1262/1048 1157/1258/1044
f 1159/1252/1038 1068/1255/1041 1067/1262/1048
f 1070/1259/1045 1069/1263/1049 1068/1255/1041
f 1068/1255/1041 1069/1263/1049 1067/1262/1048
f 1143/1256/1042 1187/1260/1046 1083/1264/1050
f 1031/1261/1047 1032/1265/1051 1033/1266/1052
f 1037/1254/1040 1031/1261/1047 1033/1266/1052
f 1037/1254/1040 1033/1266/1052 1070/1259/1045
f 1157/1258/1044 1186/1267/1053 1187/1260/1046
f 1069/1263/1049 1146/1268/1054 1067/1262/1048
f 1083/1264/1050 1187/1260/1046 1166/1269/1055
f 1187/1260/1046 1186/1267/1053 1166/1269/1055
f 1032/1265/1051 1034/1270/1056 1033/1266/1052
f 1070/1259/1045 1033/1266/1052 1063/1271/1057
f 1033/1266/1052 1034/1270/1056 1063/1271/1057
f 1070/1259/1045 1063/1271/1057 1069/1263/1049
f 1157/1258/1044 1145/1272/1058 1186/1267/1053
f 1067/1262/1048 1146/1268/1054 1145/1272/1058
f 1067/1262/1048 1145/1272/1058 1157/1258/1044
f 1083/1264/1050 1166/1269/1055 1084/1273/1059
f 1032/1265/1051 1047/1274/1060 1034/1270/1056
f 1063/1271/1057 1064/1275/1061 1065/1276/1062
f 1063/1271/1057 1065/1276/1062 1069/1263/1049
f 1069/1263/1049 1065/1276/1062 1146/1268/1054
f 1063/1271/1057 1034/1270/1056 1064/1275/1061
f 1186/1267/1053 1165/1277/1063 1166/1269/1055
f 1145/1272/1058 1146/1268/1054 1077/1278/1064
f 1084/1273/1059 1166/1269/1055 1164/1279/1065
f 1166/1269/1055 1165/1277/1063 1164/1279/1065
f 1047/1274/1060 1048/1280/1066 1034/1270/1056
f 1034/1270/1056 1048/1280/1066 1064/1275/1061
f 1065/1276/1062 1064/1275/1061 1066/1281/1067
f 1186/1267/1053 1078/1282/1068 1165/1277/1063
f 1145/1272/1058 1077/1278/1064 1078/1282/1068
f 1145/1272/1058 1078/1282/1068 1186/1267/1053
f 1146/1268/1054 1065/1276/1062 1139/1283/1069
f 1065/1276/1062 1066/1281/1067 1139/1283/1069
f 1146/1268/1054 1139/1283/1069 1077/1278/1064
f 1084/1273/1059 1164/1279/1065 1091/1284/1070
f 1047/1274/1060 1053/1285/1071 1054/1286/1072
f 1047/1274/1060 1054/1286/1072 1048/1280/1066
f 1064/1275/1061 1155/1287/1073 1066/1281/1067
f 1064/1275/1061 1048/1280/1066 1155/1287/1073
f 1165/1277/1063 1163/1288/1074 1164/1279/1065
f 1165/1277/1063 1078/1282/1068 1163/1288/1074
f 1139/1283/1069 1066/1281/1067 1140/1289/1075
f 1077/1278/1064 1075/1290/1076 1076/1291/1077
f 1078/1282/1068 1077/1278/1064 1076/1291/1077
f 1078/1282/1068 1076/1291/1077 1163/1288/1074
f 1091/1284/1070 1164/1279/1065 1172/1292/1078
f 1164/1279/1065 1163/1288/1074 1172/1292/1078
f 1054/1286/1072 1201/1293/1079 1048/1280/1066
f 1048/1280/1066 1201/1293/1079 1155/1287/1073
f 1139/1283/1069 1140/1289/1075 1072/1294/1080
f 1077/1278/1064 1072/1294/1080 1075/1290/1076
f 1077/1278/1064 1139/1283/1069 1072/1294/1080
f 1066/1281/1067 1155/1287/1073 1156/1295/1081
f 1066/1281/1067 1156/1295/1081 1140/1289/1075
f 1076/1291/1077 1075/1290/1076 1099/1296/1082
f 1091/1284/1070 1172/1292/1078 1092/1297/1083
f 1163/1288/1074 1171/1298/1084 1172/1292/1078
f 1076/1291/1077 1171/1298/1084 1163/1288/1074
f 1076/1291/1077 1099/1296/1082 1171/1298/1084
f 1201/1293/1079 1200/1299/1085 1155/1287/1073
f 1155/1287/1073 1200/1299/1085 1156/1295/1081
f 1072/1294/1080 1073/1300/1086 1071/1301/1087
f 1140/1289/1075 1074/1302/1088 1072/1294/1080
f 1072/1294/1080 1071/1301/1087 1075/1290/1076
f 1072/1294/1080 1074/1302/1088 1073/1300/1086
f 1092/1297/1083 1172/1292/1078 1170/1303/1089
f 1172/1292/1078 1171/1298/1084 1170/1303/1089
f 1099/1296/1082 1100/1304/1090 1101/1305/1091
f 1200/1299/1085 1199/1306/1092 1156/1295/1081
f 1140/1289/1075 1156/1295/1081 1185/1307/1093
f 1156/1295/1081 1199/1306/1092 1185/1307/1093
f 1071/1301/1087 1098/1308/1094 1096/1309/1095
f 1075/1290/1076 1100/1304/1090 1099/1296/1082
f 1075/1290/1076 1071/1301/1087 1096/1309/1095
f 1071/1301/1087 1073/1300/1086 1098/1308/1094
f 1075/1290/1076 1096/1309/1095 1100/1304/1090
f 1074/1302/1088 1161/1310/1096 1162/1311/1097
f 1074/1302/1088 1140/1289/1075 1161/1310/1096
f 1140/1289/1075 1185/1307/1093 1161/1310/1096
f 1074/1302/1088 1162/1311/1097 1073/1300/1086
f 1092/1297/1083 1170/1303/1089 1106/1312/1098
f 1171/1298/1084 1169/1313/1099 1170/1303/1089
f 1099/1296/1082 1101/1305/1091 1169/1313/1099
f 1099/1296/1082 1169/1313/1099 1171/1298/1084
f 1199/1306/1092 1198/1314/1100 1185/1307/1093
f 1185/1307/1093 1198/1314/1100 1161/1310/1096
f 1098/1308/1094 1097/1315/1101 1096/1309/1095
f 1100/1304/1090 1102/1316/1102 1101/1305/1091
f 1162/1311/1097 1167/1317/1103 1073/1300/1086
f 1073/1300/1086 1167/1317/1103 1098/1308/1094
f 1106/1312/1098 1170/1303/1089 1176/1318/1104
f 1170/1303/1089 1169/1313/1099 1176/1318/1104
f 1198/1314/1100 1197/1319/1105 1161/1310/1096
f 1161/1310/1096 1197/1319/1105 1162/1311/1097
f 1097/1315/1101 1095/1320/1106 1096/1309/1095
f 1100/1304/1090 1095/1320/1106 1102/1316/1102
f 1100/1304/1090 1096/1309/1095 1095/1320/1106
f 1101/1305/1091 1102/1316/1102 1114/1321/1107
f 1167/1317/1103 1168/1322/1108 1098/1308/1094
f 1098/1308/1094 1168/1322/1108 1097/1315/1101
f 1106/1312/1098 1176/1318/1104 1105/1323/1109
f 1169/1313/1099 1175/1324/1110 1176/1318/1104
f 1101/1305/1091 1114/1321/1107 1175/1324/1110
f 1101/1305/1091 1175/1324/1110 1169/1313/1099
f 1197/1319/1105 1196/1325/1111 1162/1311/1097
f 1162/1311/1097 1196/1325/1111 1167/1317/1103
f 1095/1320/1106 1110/1326/1112 1108/1327/1113
f 1095/1320/1106 1108/1327/1113 1102/1316/1102
f 1095/1320/1106 1097/1315/1101 1110/1326/1112
f 1168/1322/1108 1177/1328/1114 1097/1315/1101
f 1097/1315/1101 1177/1328/1114 1110/1326/1112
f 1105/1323/1109 1176/1318/1104 1174/1329/1115
f 1176/1318/1104 1175/1324/1110 1174/1329/1115
f 1114/1321/1107 1113/1330/1116 1112/1331/1117
f 1102/1316/1102 1108/1327/1113 1113/1330/1116
f 1102/1316/1102 1113/1330/1116 1114/1321/1107
f 1196/1325/1111 1195/1332/1118 1167/1317/1103
f 1167/1317/1103 1195/1332/1118 1168/1322/1108
f 1177/1328/1114 1178/1333/1119 1110/1326/1112
f 1105/1323/1109 1174/1329/1115 1123/1334/1120
f 1175/1324/1110 1173/1335/1121 1174/1329/1115
f 1114/1321/1107 1112/1331/1117 1173/1335/1121
f 1114/1321/1107 1173/1335/1121 1175/1324/1110
f 1108/1327/1113 1109/1336/1122 1107/1337/1123
f 1108/1327/1113 1107/1337/1123 1113/1330/1116
f 1110/1326/1112 1178/1333/1119 1109/1336/1122
f 1110/1326/1112 1109/1336/1122 1108/1327/1113
f 1195/1332/1118 1194/1338/1124 1168/1322/1108
f 1168/1322/1108 1194/1338/1124 1177/1328/1114
f 1123/1334/1120 1174/1329/1115 1181/1339/1125
f 1174/1329/1115 1173/1335/1121 1181/1339/1125
f 1112/1331/1117 1113/1330/1116 1111/1340/1126
f 1113/1330/1116 1107/1337/1123 1111/1340/1126
f 1178/1333/1119 1179/1341/1127 1109/1336/1122
f 1194/1338/1124 1193/1342/1128 1177/1328/1114
f 1177/1328/1114 1193/1342/1128 1178/1333/1119
f 1123/1334/1120 1181/1339/1125 1151/1343/1129
f 1173/1335/1121 1180/1344/1130 1181/1339/1125
f 1173/1335/1121 1112/1331/1117 1180/1344/1130
f 1107/1337/1123 1122/1345/1131 1121/1346/1132
f 1107/1337/1123 1121/1346/1132 1111/1340/1126
f 1109/1336/1122 1179/1341/1127 1122/1345/1131
f 1109/1336/1122 1122/1345/1131 1107/1337/1123
f 1193/1342/1128 1192/1347/1133 1178/1333/1119
f 1178/1333/1119 1192/1347/1133 1179/1341/1127
f 1151/1343/1129 1181/1339/1125 1190/1348/1134
f 1181/1339/1125 1180/1344/1130 1190/1348/1134
f 1112/1331/1117 1111/1340/1126 1126/1349/1135
f 1112/1331/1117 1126/1349/1135 1180/1344/1130
f 1121/1346/1132 1148/1350/1136 1147/1351/1137
f 1122/1345/1131 1148/1350/1136 1121/1346/1132
f 1192/1347/1133 1191/1352/1138 1179/1341/1127
f 1151/1343/1129 1190/1348/1134 1127/1353/1139
f 1111/1340/1126 1125/1354/1140 1126/1349/1135
f 1121/1346/1132 1147/1351/1137 1125/1354/1140
f 1121/1346/1132 1125/1354/1140 1111/1340/1126
f 1180/1344/1130 1189/1355/1141 1190/1348/1134
f 1180/1344/1130 1126/1349/1135 1189/1355/1141
f 1122/1345/1131 1179/1341/1127 1188/1356/1142
f 1179/1341/1127 1191/1352/1138 1188/1356/1142
f 1122/1345/1131 1188/1356/1142 1148/1350/1136
f 1127/1353/1139 1190/1348/1134 1183/1357/1143
f 1190/1348/1134 1189/1355/1141 1183/1357/1143
f 1147/1351/1137 1148/1350/1136 1131/1358/1144
f 1125/1354/1140 1153/1359/1145 1154/1360/1146
f 1125/1354/1140 1154/1360/1146 1126/1349/1135
f 1126/1349/1135 1154/1360/1146 1189/1355/1141
f 1125/1354/1140 1147/1351/1137 1153/1359/1145
f 1191/1352/1138 1137/1361/1147 1188/1356/1142
f 1127/1353/1139 1183/1357/1143 1128/1362/1148
f 1148/1350/1136 1188/1356/1142 1184/1363/1149
f 1188/1356/1142 1137/1361/1147 1184/1363/1149
f 1148/1350/1136 1184/1363/1149 1131/1358/1144
f 1154/1360/1146 1153/1359/1145 1136/1364/1150
f 1189/1355/1141 1135/1365/1151 1183/1357/1143
f 1154/1360/1146 1136/1364/1150 1135/1365/1151
f 1154/1360/1146 1135/1365/1151 1189/1355/1141
f 1147/1351/1137 1131/1358/1144 1133/1366/1152
f 1147/1351/1137 1133/1366/1152 1153/1359/1145
f 1128/1362/1148 1183/1357/1143 1182/1367/1153
f 1183/1357/1143 1135/1365/1151 1182/1367/1153
f 1137/1361/1147 1128/1368/1148 1184/1363/1149
f 1136/1364/1150 1132/1369/1154 1135/1365/1151
f 1135/1365/1151 1132/1369/1154 1182/1367/1153
f 1131/1358/1144 1132/1369/1154 1133/1366/1152
f 1153/1359/1145 1134/1370/1155 1136/1364/1150
f 1134/1370/1155 1133/1366/1152 1132/1369/1154
f 1134/1370/1155 1153/1359/1145 1133/1366/1152
f 1134/1370/1155 1132/1369/1154 1136/1364/1150
f 1128/1368/1148 1182/1371/1153 1184/1363/1149
f 1182/1371/1153 1131/1358/1144 1184/1363/1149
f 1131/1358/1144 1182/1371/1153 1132/1369/1154
f 1207/1372/1156 1239/1373/1157 1209/1374/1158
f 1239/1373/1157 1238/1375/1159 1237/1376/1160
f 1239/1373/1157 1237/1376/1160 1209/1374/1158
f 1238/1375/1159 1236/1377/1161 1237/1376/1160
f 1209/1374/1158 1237/1376/1160 1223/1378/1162
f 1238/1375/1159 1214/1379/1163 1236/1377/1161
f 1237/1376/1160 1236/1377/1161 1243/1380/1164
f 1237/1376/1160 1243/1380/1164 1223/1378/1162
f 1238/1375/1159 1215/1381/1165 1214/1379/1163
f 1236/1377/1161 1242/1382/1166 1243/1380/1164
f 1223/1378/1162 1243/1380/1164 1225/1383/1167
f 1215/1381/1165 1216/1384/1168 1214/1379/1163
f 1236/1377/1161 1221/1385/1169 1242/1382/1166
f 1236/1377/1161 1214/1379/1163 1221/1385/1169
f 1243/1380/1164 1242/1382/1166 1241/1386/1170
f 1243/1380/1164 1241/1386/1170 1225/1383/1167
f 1215/1381/1165 1217/1387/1171 1216/1384/1168
f 1214/1379/1163 1220/1388/1172 1221/1385/1169
f 1214/1379/1163 1216/1384/1168 1220/1388/1172
f 1242/1382/1166 1240/1389/1173 1241/1386/1170
f 1225/1383/1167 1241/1386/1170 1255/1390/1174
f 1217/1387/1171 1210/1391/1175 1216/1384/1168
f 1221/1385/1169 1220/1388/1172 1219/1392/1176
f 1242/1382/1166 1219/1392/1176 1240/1389/1173
f 1242/1382/1166 1221/1385/1169 1219/1392/1176
f 1241/1386/1170 1240/1389/1173 1335/1393/1177
f 1241/1386/1170 1335/1393/1177 1255/1390/1174
f 1210/1391/1175 1211/1394/1178 1212/1395/1179
f 1216/1384/1168 1210/1391/1175 1212/1395/1179
f 1216/1384/1168 1212/1395/1179 1220/1388/1172
f 1219/1392/1176 1220/1388/1172 1218/1396/1180
f 1240/1389/1173 1334/1397/1181 1335/1393/1177
f 1240/1389/1173 1219/1392/1176 1334/1397/1181
f 1255/1390/1174 1335/1393/1177 1265/1398/1182
f 1211/1394/1178 1213/1399/1183 1212/1395/1179
f 1220/1388/1172 1212/1395/1179 1230/1400/1184
f 1212/1395/1179 1213/1399/1183 1230/1400/1184
f 1220/1388/1172 1230/1400/1184 1218/1396/1180
f 1219/1392/1176 1218/1396/1180 1251/1401/1185
f 1219/1392/1176 1251/1401/1185 1334/1397/1181
f 1335/1393/1177 1334/1397/1181 1342/1402/1186
f 1335/1393/1177 1342/1402/1186 1265/1398/1182
f 1211/1394/1178 1234/1403/1187 1235/1404/1188
f 1211/1394/1178 1235/1404/1188 1213/1399/1183
f 1230/1400/1184 1231/1405/1189 1232/1406/1190
f 1230/1400/1184 1232/1406/1190 1218/1396/1180
f 1230/1400/1184 1213/1399/1183 1231/1405/1189
f 1251/1401/1185 1218/1396/1180 1250/1407/1191
f 1218/1396/1180 1232/1406/1190 1250/1407/1191
f 1334/1397/1181 1341/1408/1192 1342/1402/1186
f 1334/1397/1181 1251/1401/1185 1341/1408/1192
f 1265/1398/1182 1342/1402/1186 1264/1409/1193
f 1234/1403/1187 1249/1410/1194 1248/1411/1195
f 1234/1403/1187 1248/1411/1195 1235/1404/1188
f 1213/1399/1183 1235/1404/1188 1244/1412/1196
f 1213/1399/1183 1244/1412/1196 1231/1405/1189
f 1232/1406/1190 1231/1405/1189 1233/1413/1197
f 1250/1407/1191 1266/1414/1198 1251/1401/1185
f 1251/1401/1185 1266/1414/1198 1341/1408/1192
f 1342/1402/1186 1341/1408/1192 1340/1415/1199
f 1342/1402/1186 1340/1415/1199 1264/1409/1193
f 1248/1411/1195 1246/1416/1200 1235/1404/1188
f 1235/1404/1188 1246/1416/1200 1244/1412/1196
f 1232/1406/1190 1233/1413/1197 1253/1417/1201
f 1232/1406/1190 1253/1417/1201 1250/1407/1191
f 1231/1405/1189 1244/1412/1196 1245/1418/1202
f 1231/1405/1189 1245/1418/1202 1233/1413/1197
f 1266/1414/1198 1267/1419/1203 1268/1420/1204
f 1250/1407/1191 1253/1417/1201 1267/1419/1203
f 1250/1407/1191 1267/1419/1203 1266/1414/1198
f 1341/1408/1192 1339/1421/1205 1340/1415/1199
f 1266/1414/1198 1268/1420/1204 1339/1421/1205
f 1266/1414/1198 1339/1421/1205 1341/1408/1192
f 1264/1409/1193 1340/1415/1199 1279/1422/1206
f 1246/1416/1200 1247/1423/1207 1244/1412/1196
f 1244/1412/1196 1247/1423/1207 1245/1418/1202
f 1233/1413/1197 1252/1424/1208 1253/1417/1201
f 1267/1419/1203 1269/1425/1209 1268/1420/1204
f 1339/1421/1205 1344/1426/1210 1345/1427/1211
f 1339/1421/1205 1345/1427/1211 1340/1415/1199
f 1340/1415/1199 1345/1427/1211 1279/1422/1206
f 1339/1421/1205 1268/1420/1204 1344/1426/1210
f 1247/1423/1207 1372/1428/1212 1245/1418/1202
f 1233/1413/1197 1245/1418/1202 1336/1429/1213
f 1245/1418/1202 1372/1428/1212 1336/1429/1213
f 1233/1413/1197 1336/1429/1213 1252/1424/1208
f 1253/1417/1201 1252/1424/1208 1272/1430/1214
f 1267/1419/1203 1253/1417/1201 1272/1430/1214
f 1267/1419/1203 1272/1430/1214 1269/1425/1209
f 1345/1427/1211 1344/1426/1210 1351/1431/1215
f 1279/1422/1206 1345/1427/1211 1286/1432/1216
f 1345/1427/1211 1351/1431/1215 1286/1432/1216
f 1268/1420/1204 1269/1425/1209 1280/1433/1217
f 1268/1420/1204 1280/1433/1217 1344/1426/1210
f 1372/1428/1212 1371/1434/1218 1336/1429/1213
f 1252/1424/1208 1270/1435/1219 1272/1430/1214
f 1351/1431/1215 1350/1436/1220 1349/1437/1221
f 1344/1426/1210 1280/1433/1217 1350/1436/1220
f 1344/1426/1210 1350/1436/1220 1351/1431/1215
f 1286/1432/1216 1351/1431/1215 1287/1438/1222
f 1351/1431/1215 1349/1437/1221 1287/1438/1222
f 1269/1425/1209 1281/1439/1223 1280/1433/1217
f 1371/1434/1218 1370/1440/1224 1337/1441/1225
f 1252/1424/1208 1336/1429/1213 1337/1441/1225
f 1336/1429/1213 1371/1434/1218 1337/1441/1225
f 1252/1424/1208 1337/1441/1225 1270/1435/1219
f 1272/1430/1214 1270/1435/1219 1271/1442/1226
f 1350/1436/1220 1348/1443/1227 1349/1437/1221
f 1287/1438/1222 1349/1437/1221 1330/1444/1228
f 1269/1425/1209 1272/1430/1214 1273/1445/1229
f 1272/1430/1214 1271/1442/1226 1273/1445/1229
f 1269/1425/1209 1273/1445/1229 1281/1439/1223
f 1280/1433/1217 1281/1439/1223 1297/1446/1230
f 1350/1436/1220 1280/1433/1217 1297/1446/1230
f 1350/1436/1220 1297/1446/1230 1348/1443/1227
f 1370/1440/1224 1369/1447/1231 1338/1448/1232
f 1270/1435/1219 1337/1441/1225 1338/1448/1232
f 1337/1441/1225 1370/1440/1224 1338/1448/1232
f 1270/1435/1219 1338/1448/1232 1271/1442/1226
f 1349/1437/1221 1348/1443/1227 1363/1449/1233
f 1349/1437/1221 1363/1449/1233 1330/1444/1228
f 1273/1445/1229 1271/1442/1226 1274/1450/1234
f 1281/1439/1223 1296/1451/1235 1297/1446/1230
f 1369/1447/1231 1368/1452/1236 1343/1453/1237
f 1271/1442/1226 1338/1448/1232 1343/1453/1237
f 1338/1448/1232 1369/1447/1231 1343/1453/1237
f 1271/1442/1226 1343/1453/1237 1274/1450/1234
f 1348/1443/1227 1362/1454/1238 1363/1449/1233
f 1330/1444/1228 1363/1449/1233 1298/1455/1239
f 1273/1445/1229 1274/1450/1234 1275/1456/1240
f 1273/1445/1229 1275/1456/1240 1281/1439/1223
f 1296/1451/1235 1294/1457/1241 1295/1458/1242
f 1348/1443/1227 1297/1446/1230 1295/1458/1242
f 1297/1446/1230 1296/1451/1235 1295/1458/1242
f 1348/1443/1227 1295/1458/1242 1362/1454/1238
f 1368/1452/1236 1367/1459/1243 1346/1460/1244
f 1343/1453/1237 1346/1460/1244 1274/1450/1234
f 1343/1453/1237 1368/1452/1236 1346/1460/1244
f 1363/1449/1233 1362/1454/1238 1355/1461/1245
f 1363/1449/1233 1355/1461/1245 1298/1455/1239
f 1275/1456/1240 1274/1450/1234 1293/1462/1246
f 1274/1450/1234 1346/1460/1244 1293/1462/1246
f 1281/1439/1223 1275/1456/1240 1291/1463/1247
f 1296/1451/1235 1291/1463/1247 1294/1457/1241
f 1296/1451/1235 1281/1439/1223 1291/1463/1247
f 1275/1456/1240 1293/1462/1246 1291/1463/1247
f 1295/1458/1242 1294/1457/1241 1333/1464/1248
f 1295/1458/1242 1333/1464/1248 1362/1454/1238
f 1367/1459/1243 1366/1465/1249 1347/1466/1250
f 1346/1460/1244 1347/1466/1250 1293/1462/1246
f 1346/1460/1244 1367/1459/1243 1347/1466/1250
f 1355/1461/1245 1354/1467/1251 1353/1468/1252
f 1362/1454/1238 1333/1464/1248 1354/1467/1251
f 1362/1454/1238 1354/1467/1251 1355/1461/1245
f 1298/1455/1239 1355/1461/1245 1299/1469/1253
f 1355/1461/1245 1353/1468/1252 1299/1469/1253
f 1291/1463/1247 1292/1470/1254 1290/1471/1255
f 1291/1463/1247 1290/1471/1255 1294/1457/1241
f 1293/1462/1246 1292/1470/1254 1291/1463/1247
f 1293/1462/1246 1347/1466/1250 1292/1470/1254
f 1366/1465/1249 1365/1472/1256 1361/1473/1257
f 1347/1466/1250 1361/1473/1257 1292/1470/1254
f 1347/1466/1250 1366/1465/1249 1361/1473/1257
f 1333/1464/1248 1294/1457/1241 1332/1474/1258
f 1354/1467/1251 1352/1475/1259 1353/1468/1252
f 1299/1469/1253 1353/1468/1252 1324/1476/1260
f 1290/1471/1255 1327/1477/1261 1326/1478/1262
f 1290/1471/1255 1292/1470/1254 1327/1477/1261
f 1294/1457/1241 1326/1478/1262 1332/1474/1258
f 1294/1457/1241 1290/1471/1255 1326/1478/1262
f 1292/1470/1254 1361/1473/1257 1327/1477/1261
f 1365/1472/1256 1364/1479/1263 1356/1480/1264
f 1361/1473/1257 1356/1480/1264 1327/1477/1261
f 1361/1473/1257 1365/1472/1256 1356/1480/1264
f 1333/1464/1248 1332/1474/1258 1302/1481/1265
f 1354/1467/1251 1333/1464/1248 1302/1481/1265
f 1354/1467/1251 1302/1481/1265 1352/1475/1259
f 1353/1468/1252 1352/1475/1259 1360/1482/1266
f 1353/1468/1252 1360/1482/1266 1324/1476/1260
f 1326/1478/1262 1313/1483/1267 1311/1484/1268
f 1326/1478/1262 1327/1477/1261 1313/1483/1267
f 1327/1477/1261 1356/1480/1264 1313/1483/1267
f 1326/1478/1262 1311/1484/1268 1332/1474/1258
f 1364/1479/1263 1314/1485/1269 1357/1486/1270
f 1356/1480/1264 1357/1486/1270 1313/1483/1267
f 1356/1480/1264 1364/1479/1263 1357/1486/1270
f 1302/1481/1265 1303/1487/1271 1304/1488/1272
f 1302/1481/1265 1304/1488/1272 1352/1475/1259
f 1332/1474/1258 1311/1484/1268 1303/1487/1271
f 1332/1474/1258 1303/1487/1271 1302/1481/1265
f 1360/1482/1266 1318/1489/1273 1359/1490/1274
f 1352/1475/1259 1304/1488/1272 1318/1489/1273
f 1352/1475/1259 1318/1489/1273 1360/1482/1266
f 1324/1476/1260 1360/1482/1266 1316/1491/1275
f 1316/1491/1275 1360/1482/1266 1359/1490/1274
f 1314/1485/1269 1316/1492/1275 1358/1493/1276
f 1314/1485/1269 1358/1493/1276 1357/1486/1270
f 1313/1483/1267 1312/1494/1277 1311/1484/1268
f 1357/1486/1270 1358/1493/1276 1312/1494/1277
f 1357/1486/1270 1312/1494/1277 1313/1483/1267
f 1303/1487/1271 1305/1495/1278 1304/1488/1272
f 1318/1489/1273 1319/1496/1279 1320/1497/1280
f 1318/1489/1273 1320/1497/1280 1359/1490/1274
f 1304/1488/1272 1305/1495/1278 1319/1496/1279
f 1304/1488/1272 1319/1496/1279 1318/1489/1273
f 1316/1492/1275 1359/1498/1274 1358/1493/1276
f 1311/1484/1268 1312/1494/1277 1310/1499/1281
f 1303/1487/1271 1310/1499/1281 1305/1495/1278
f 1303/1487/1271 1311/1484/1268 1310/1499/1281
f 1320/1497/1280 1319/1496/1279 1321/1500/1282
f 1319/1496/1279 1305/1495/1278 1321/1500/1282
f 1359/1498/1274 1322/1501/1283 1358/1493/1276
f 1312/1494/1277 1322/1501/1283 1310/1499/1281
f 1312/1494/1277 1358/1493/1276 1322/1501/1283
f 1359/1498/1274 1320/1497/1280 1322/1501/1283
f 1305/1495/1278 1323/1502/1284 1321/1500/1282
f 1323/1502/1284 1310/1499/1281 1322/1501/1283
f 1323/1502/1284 1322/1501/1283 1320/1497/1280
f 1323/1502/1284 1305/1495/1278 1310/1499/1281
f 1323/1502/1284 1320/1497/1280 1321/1500/1282
f 1386/1503/1285 1385/1504/1286 1394/1505/1287
f 1385/1504/1286 1393/1506/1288 1394/1505/1287
f 1385/1504/1286 1502/1507/1289 1393/1506/1288
f 1394/1505/1287 1393/1506/1288 1392/1508/1290
f 1385/1504/1286 1403/1509/1291 1502/1507/1289
f 1393/1506/1288 1391/1510/1292 1392/1508/1290
f 1393/1506/1288 1502/1507/1289 1391/1510/1292
f 1403/1509/1291 1404/1511/1293 1502/1507/1289
f 1392/1508/1290 1391/1510/1292 1377/1512/1294
f 1404/1511/1293 1501/1513/1295 1502/1507/1289
f 1392/1508/1290 1377/1512/1294 1379/1514/1296
f 1391/1510/1292 1502/1507/1289 1500/1515/1297
f 1502/1507/1289 1501/1513/1295 1500/1515/1297
f 1404/1511/1293 1486/1516/1298 1501/1513/1295
f 1377/1512/1294 1378/1517/1299 1379/1514/1296
f 1391/1510/1292 1500/1515/1297 1411/1518/1300
f 1391/1510/1292 1411/1518/1300 1377/1512/1294
f 1486/1516/1298 1529/1519/1301 1501/1513/1295
f 1378/1517/1299 1380/1520/1302 1379/1514/1296
f 1500/1515/1297 1501/1513/1295 1499/1521/1303
f 1501/1513/1295 1529/1519/1301 1499/1521/1303
f 1411/1518/1300 1409/1522/1304 1410/1523/1305
f 1500/1515/1297 1499/1521/1303 1409/1522/1304
f 1500/1515/1297 1409/1522/1304 1411/1518/1300
f 1377/1512/1294 1411/1518/1300 1412/1524/1306
f 1411/1518/1300 1410/1523/1305 1412/1524/1306
f 1377/1512/1294 1412/1524/1306 1378/1517/1299
f 1486/1516/1298 1428/1525/1307 1529/1519/1301
f 1380/1520/1302 1378/1517/1299 1373/1526/1308
f 1499/1521/1303 1529/1519/1301 1528/1527/1309
f 1409/1522/1304 1487/1528/1310 1488/1268/1311
f 1409/1522/1304 1488/1268/1311 1410/1523/1305
f 1499/1521/1303 1528/1527/1309 1487/1528/1310
f 1499/1521/1303 1487/1528/1310 1409/1522/1304
f 1412/1524/1306 1374/1529/1312 1378/1517/1299
f 1378/1517/1299 1374/1529/1312 1373/1526/1308
f 1428/1525/1307 1508/1530/1313 1529/1519/1301
f 1529/1519/1301 1508/1530/1313 1528/1527/1309
f 1488/1268/1311 1487/1528/1310 1419/1531/1314
f 1410/1523/1305 1405/1532/1315 1412/1524/1306
f 1412/1524/1306 1405/1532/1315 1374/1529/1312
f 1373/1526/1308 1374/1529/1312 1375/1533/1316
f 1428/1525/1307 1426/1534/1317 1508/1530/1313
f 1528/1527/1309 1508/1530/1313 1506/1535/1318
f 1488/1268/1311 1406/1536/1319 1410/1523/1305
f 1410/1523/1305 1406/1536/1319 1405/1532/1315
f 1487/1528/1310 1417/1537/1320 1419/1531/1314
f 1528/1527/1309 1417/1537/1320 1487/1528/1310
f 1528/1527/1309 1506/1535/1318 1417/1537/1320
f 1374/1529/1312 1376/1538/1321 1375/1533/1316
f 1374/1529/1312 1405/1532/1315 1376/1538/1321
f 1426/1534/1317 1507/1539/1322 1508/1530/1313
f 1508/1530/1313 1507/1539/1322 1506/1535/1318
f 1488/1268/1311 1481/1540/1323 1406/1536/1319
f 1488/1268/1311 1419/1531/1314 1481/1540/1323
f 1417/1537/1320 1418/1541/1324 1419/1531/1314
f 1375/1533/1316 1376/1538/1321 1389/1542/1325
f 1405/1532/1315 1406/1536/1319 1407/1543/1326
f 1405/1532/1315 1407/1543/1326 1376/1538/1321
f 1426/1534/1317 1436/1544/1327 1507/1539/1322
f 1506/1535/1318 1507/1539/1322 1505/1545/1328
f 1417/1537/1320 1505/1545/1328 1418/1541/1324
f 1417/1537/1320 1506/1535/1318 1505/1545/1328
f 1481/1540/1323 1408/1546/1329 1406/1536/1319
f 1406/1536/1319 1408/1546/1329 1407/1543/1326
f 1419/1531/1314 1418/1541/1324 1420/1547/1330
f 1389/1542/1325 1376/1538/1321 1390/1548/1331
f 1376/1538/1321 1407/1543/1326 1390/1548/1331
f 1436/1544/1327 1514/1549/1332 1507/1539/1322
f 1507/1539/1322 1514/1549/1332 1505/1545/1328
f 1481/1540/1323 1482/1550/1333 1408/1546/1329
f 1419/1531/1314 1414/1551/1334 1481/1540/1323
f 1481/1540/1323 1414/1551/1334 1482/1550/1333
f 1419/1531/1314 1420/1547/1330 1414/1551/1334
f 1418/1541/1324 1444/1552/1335 1420/1547/1330
f 1389/1542/1325 1390/1548/1331 1395/1553/1336
f 1407/1543/1326 1408/1546/1329 1497/1554/1337
f 1407/1543/1326 1497/1554/1337 1390/1548/1331
f 1436/1544/1327 1434/1555/1338 1514/1549/1332
f 1505/1545/1328 1514/1549/1332 1512/1556/1339
f 1418/1541/1324 1512/1556/1339 1444/1552/1335
f 1418/1541/1324 1505/1545/1328 1512/1556/1339
f 1482/1550/1333 1414/1551/1334 1413/1557/1340
f 1420/1547/1330 1444/1552/1335 1442/1558/1341
f 1389/1542/1325 1395/1553/1336 1396/1559/1342
f 1408/1546/1329 1498/1560/1343 1497/1554/1337
f 1408/1546/1329 1482/1550/1333 1498/1560/1343
f 1390/1548/1331 1497/1554/1337 1543/1561/1344
f 1390/1548/1331 1543/1561/1344 1395/1553/1336
f 1434/1555/1338 1513/1562/1345 1514/1549/1332
f 1514/1549/1332 1513/1562/1345 1512/1556/1339
f 1414/1551/1334 1415/1563/1346 1413/1557/1340
f 1420/1547/1330 1416/1564/1347 1414/1551/1334
f 1414/1551/1334 1416/1564/1347 1415/1563/1346
f 1444/1552/1335 1443/1565/1348 1442/1558/1341
f 1482/1550/1333 1527/1566/1349 1498/1560/1343
f 1497/1554/1337 1498/1560/1343 1542/1567/1350
f 1497/1554/1337 1542/1567/1350 1543/1561/1344
f 1434/1555/1338 1445/1568/1351 1513/1562/1345
f 1512/1556/1339 1513/1562/1345 1511/1569/1352
f 1444/1552/1335 1511/1569/1352 1443/1565/1348
f 1444/1552/1335 1512/1556/1339 1511/1569/1352
f 1413/1557/1340 1415/1563/1346 1503/1570/1353
f 1420/1547/1330 1442/1558/1341 1438/1571/1354
f 1420/1547/1330 1438/1571/1354 1416/1564/1347
f 1482/1550/1333 1413/1557/1340 1504/1572/1355
f 1413/1557/1340 1503/1570/1353 1504/1572/1355
f 1482/1550/1333 1504/1572/1355 1527/1566/1349
f 1498/1560/1343 1527/1566/1349 1541/1573/1356
f 1498/1560/1343 1541/1573/1356 1542/1567/1350
f 1445/1568/1351 1518/1574/1357 1513/1562/1345
f 1513/1562/1345 1518/1574/1357 1511/1569/1352
f 1443/1565/1348 1441/1575/1358 1442/1558/1341
f 1415/1563/1346 1416/1564/1347 1437/1576/1359
f 1416/1564/1347 1438/1571/1354 1437/1576/1359
f 1503/1570/1353 1415/1563/1346 1510/1577/1360
f 1415/1563/1346 1437/1576/1359 1510/1577/1360
f 1504/1572/1355 1503/1570/1353 1539/1578/1361
f 1527/1566/1349 1504/1572/1355 1540/1579/1362
f 1540/1579/1362 1541/1573/1356 1527/1566/1349
f 1540/1579/1362 1504/1572/1355 1539/1578/1361
f 1445/1568/1351 1447/1580/1363 1518/1574/1357
f 1511/1569/1352 1518/1574/1357 1516/1581/1364
f 1511/1569/1352 1516/1581/1364 1443/1565/1348
f 1441/1575/1358 1443/1565/1348 1453/1582/1365
f 1443/1565/1348 1516/1581/1364 1453/1582/1365
f 1442/1558/1341 1440/1583/1366 1438/1571/1354
f 1442/1558/1341 1441/1575/1358 1440/1583/1366
f 1437/1576/1359 1438/1571/1354 1439/1584/1367
f 1438/1571/1354 1440/1583/1366 1439/1584/1367
f 1510/1577/1360 1437/1576/1359 1509/1585/1368
f 1437/1576/1359 1439/1584/1367 1509/1585/1368
f 1503/1570/1353 1510/1577/1360 1538/1586/1369
f 1503/1570/1353 1538/1586/1369 1539/1578/1361
f 1447/1580/1363 1517/1587/1370 1518/1574/1357
f 1518/1574/1357 1517/1587/1370 1516/1581/1364
f 1453/1582/1365 1454/1588/1371 1455/1589/1372
f 1441/1575/1358 1453/1582/1365 1455/1589/1372
f 1440/1583/1366 1450/1590/1373 1449/1591/1374
f 1440/1583/1366 1449/1591/1374 1439/1584/1367
f 1441/1575/1358 1455/1589/1372 1450/1590/1373
f 1441/1575/1358 1450/1590/1373 1440/1583/1366
f 1509/1585/1368 1439/1584/1367 1520/1592/1375
f 1439/1584/1367 1449/1591/1374 1520/1592/1375
f 1510/1577/1360 1509/1585/1368 1537/1593/1376
f 1510/1577/1360 1537/1593/1376 1538/1586/1369
f 1447/1580/1363 1466/1594/1377 1517/1587/1370
f 1516/1581/1364 1517/1587/1370 1515/1595/1378
f 1453/1582/1365 1515/1595/1378 1454/1588/1371
f 1453/1582/1365 1516/1581/1364 1515/1595/1378
f 1455/1589/1372 1454/1588/1371 1456/1596/1379
f 1450/1590/1373 1451/1597/1380 1449/1591/1374
f 1520/1592/1375 1449/1591/1374 1519/1598/1381
f 1449/1591/1374 1451/1597/1380 1519/1598/1381
f 1509/1585/1368 1520/1592/1375 1536/1599/1382
f 1509/1585/1368 1536/1599/1382 1537/1593/1376
f 1466/1594/1377 1523/1600/1383 1517/1587/1370
f 1517/1587/1370 1523/1600/1383 1515/1595/1378
f 1455/1589/1372 1452/1601/1384 1450/1590/1373
f 1450/1590/1373 1452/1601/1384 1451/1597/1380
f 1455/1589/1372 1456/1596/1379 1452/1601/1384
f 1454/1588/1371 1467/1602/1385 1456/1596/1379
f 1519/1598/1381 1451/1597/1380 1521/1603/1386
f 1520/1592/1375 1519/1598/1381 1535/1604/1387
f 1520/1592/1375 1535/1604/1387 1536/1599/1382
f 1466/1594/1377 1493/1605/1388 1523/1600/1383
f 1515/1595/1378 1523/1600/1383 1522/1606/1389
f 1454/1588/1371 1522/1606/1389 1467/1602/1385
f 1454/1588/1371 1515/1595/1378 1522/1606/1389
f 1452/1601/1384 1463/1607/1390 1451/1597/1380
f 1451/1597/1380 1463/1607/1390 1521/1603/1386
f 1456/1596/1379 1467/1602/1385 1468/1608/1391
f 1519/1598/1381 1521/1603/1386 1534/1609/1392
f 1519/1598/1381 1534/1609/1392 1535/1604/1387
f 1493/1605/1388 1532/1610/1393 1523/1600/1383
f 1523/1600/1383 1532/1610/1393 1522/1606/1389
f 1452/1601/1384 1464/1611/1394 1463/1607/1390
f 1456/1596/1379 1464/1611/1394 1452/1601/1384
f 1456/1596/1379 1468/1608/1391 1464/1611/1394
f 1467/1602/1385 1495/1612/1395 1468/1608/1391
f 1521/1603/1386 1463/1607/1390 1530/1613/1396
f 1534/1609/1392 1521/1603/1386 1533/1614/1397
f 1521/1603/1386 1530/1613/1396 1533/1614/1397
f 1493/1605/1388 1469/1615/1398 1532/1610/1393
f 1522/1606/1389 1532/1610/1393 1531/1616/1399
f 1467/1602/1385 1531/1616/1399 1495/1612/1395
f 1467/1602/1385 1522/1606/1389 1531/1616/1399
f 1464/1611/1394 1489/1617/1400 1463/1607/1390
f 1463/1607/1390 1489/1617/1400 1530/1613/1396
f 1468/1608/1391 1495/1612/1395 1496/1618/1401
f 1533/1614/1397 1530/1613/1396 1479/1619/1402
f 1469/1615/1398 1525/1620/1403 1532/1610/1393
f 1532/1610/1393 1525/1620/1403 1531/1616/1399
f 1464/1611/1394 1490/1621/1404 1489/1617/1400
f 1468/1608/1391 1490/1621/1404 1464/1611/1394
f 1468/1608/1391 1496/1618/1401 1490/1621/1404
f 1495/1612/1395 1478/1622/1405 1496/1618/1401
f 1530/1613/1396 1489/1617/1400 1526/1623/1406
f 1530/1613/1396 1526/1623/1406 1479/1619/1402
f 1469/1615/1398 1471/1624/1407 1525/1620/1403
f 1531/1616/1399 1525/1620/1403 1477/1625/1408
f 1495/1612/1395 1477/1625/1408 1478/1622/1405
f 1495/1612/1395 1531/1616/1399 1477/1625/1408
f 1490/1621/1404 1473/1626/1409 1489/1617/1400
f 1489/1617/1400 1473/1626/1409 1526/1623/1406
f 1496/1618/1401 1478/1622/1405 1476/1627/1410
f 1479/1619/1402 1526/1623/1406 1471/1628/1407
f 1471/1624/1407 1524/1629/1411 1525/1620/1403
f 1525/1620/1403 1524/1629/1411 1477/1625/1408
f 1490/1621/1404 1474/1630/1412 1473/1626/1409
f 1496/1618/1401 1474/1630/1412 1490/1621/1404
f 1496/1618/1401 1476/1627/1410 1474/1630/1412
f 1478/1622/1405 1477/1625/1408 1475/1631/1413
f 1474/1630/1412 1475/1631/1413 1473/1626/1409
f 1476/1627/1410 1475/1631/1413 1474/1630/1412
f 1476/1627/1410 1478/1622/1405 1475/1631/1413
f 1477/1625/1408 1524/1629/1411 1475/1631/1413
f 1526/1623/1406 1473/1626/1409 1524/1632/1411
f 1524/1632/1411 1471/1628/1407 1526/1623/1406
f 1524/1632/1411 1473/1626/1409 1475/1631/1413
f 1550/1633/1414 1551/1634/1415 1581/1635/1416
f 1551/1634/1415 1580/1636/1417 1581/1635/1416
f 1551/1634/1415 1566/1637/1418 1580/1636/1417
f 1581/1635/1416 1580/1636/1417 1579/1638/1419
f 1566/1637/1418 1585/1639/1420 1580/1636/1417
f 1579/1638/1419 1580/1636/1417 1578/1640/1421
f 1580/1636/1417 1585/1639/1420 1578/1640/1421
f 1566/1637/1418 1567/1641/1422 1585/1639/1420
f 1579/1638/1419 1578/1640/1421 1556/1642/1423
f 1567/1641/1422 1584/1643/1424 1585/1639/1420
f 1579/1638/1419 1556/1642/1423 1558/1644/1425
f 1578/1640/1421 1585/1639/1420 1583/1645/1426
f 1585/1639/1420 1584/1643/1424 1583/1645/1426
f 1567/1641/1422 1597/1646/1427 1584/1643/1424
f 1556/1642/1423 1557/1647/1428 1558/1644/1425
f 1578/1640/1421 1583/1645/1426 1560/1648/1429
f 1578/1640/1421 1560/1648/1429 1556/1642/1423
f 1597/1646/1427 1677/1649/1430 1584/1643/1424
f 1557/1647/1428 1559/1650/1431 1558/1644/1425
f 1583/1645/1426 1584/1643/1424 1582/1651/1432
f 1584/1643/1424 1677/1649/1430 1582/1651/1432
f 1560/1648/1429 1561/1652/1433 1562/1653/1434
f 1560/1648/1429 1562/1653/1434 1556/1642/1423
f 1583/1645/1426 1561/1652/1433 1560/1648/1429
f 1583/1645/1426 1582/1651/1432 1561/1652/1433
f 1556/1642/1423 1562/1653/1434 1557/1647/1428
f 1597/1646/1427 1604/1654/1435 1677/1649/1430
f 1559/1650/1431 1557/1647/1428 1552/1655/1436
f 1582/1651/1432 1677/1649/1430 1676/1656/1437
f 1582/1651/1432 1676/1656/1437 1561/1652/1433
f 1562/1653/1434 1561/1652/1433 1563/1657/1438
f 1604/1654/1435 1684/1658/1439 1677/1649/1430
f 1677/1649/1430 1684/1658/1439 1676/1656/1437
f 1557/1647/1428 1553/1659/1440 1552/1655/1436
f 1557/1647/1428 1562/1653/1434 1553/1659/1440
f 1561/1652/1433 1592/1660/1441 1563/1657/1438
f 1561/1652/1433 1676/1656/1437 1592/1660/1441
f 1604/1654/1435 1606/1661/1442 1684/1658/1439
f 1552/1655/1436 1553/1659/1440 1554/1662/1443
f 1562/1653/1434 1575/1663/1444 1553/1659/1440
f 1562/1653/1434 1563/1657/1438 1575/1663/1444
f 1676/1656/1437 1684/1658/1439 1682/1664/1445
f 1676/1656/1437 1682/1664/1445 1592/1660/1441
f 1606/1661/1442 1683/1665/1446 1684/1658/1439
f 1684/1658/1439 1683/1665/1446 1682/1664/1445
f 1554/1662/1443 1553/1659/1440 1555/1666/1447
f 1553/1659/1440 1575/1663/1444 1555/1666/1447
f 1563/1657/1438 1574/1667/1448 1575/1663/1444
f 1592/1660/1441 1593/1668/1449 1563/1657/1438
f 1563/1657/1438 1593/1668/1449 1574/1667/1448
f 1606/1661/1442 1620/1669/1450 1683/1665/1446
f 1682/1664/1445 1683/1665/1446 1681/1670/1451
f 1554/1662/1443 1555/1666/1447 1576/1671/1452
f 1575/1663/1444 1574/1667/1448 1573/1672/1453
f 1575/1663/1444 1573/1672/1453 1555/1666/1447
f 1592/1660/1441 1611/1673/1454 1593/1668/1449
f 1682/1664/1445 1611/1673/1454 1592/1660/1441
f 1682/1664/1445 1681/1670/1451 1611/1673/1454
f 1620/1669/1450 1687/1674/1455 1683/1665/1446
f 1683/1665/1446 1687/1674/1455 1681/1670/1451
f 1554/1662/1443 1576/1671/1452 1577/1675/1456
f 1574/1667/1448 1572/1676/1457 1573/1672/1453
f 1555/1666/1447 1573/1672/1453 1587/1677/1458
f 1555/1666/1447 1587/1677/1458 1576/1671/1452
f 1593/1668/1449 1611/1673/1454 1609/1678/1459
f 1620/1669/1450 1631/1679/1460 1687/1674/1455
f 1681/1670/1451 1687/1674/1455 1686/1680/1461
f 1577/1675/1456 1576/1671/1452 1590/1681/1462
f 1574/1667/1448 1595/1682/1463 1572/1676/1457
f 1593/1668/1449 1595/1682/1463 1574/1667/1448
f 1593/1668/1449 1609/1678/1459 1595/1682/1463
f 1573/1672/1453 1572/1676/1457 1586/1683/1464
f 1573/1672/1453 1586/1683/1464 1587/1677/1458
f 1611/1673/1454 1610/1684/1465 1609/1678/1459
f 1681/1670/1451 1610/1684/1465 1611/1673/1454
f 1681/1670/1451 1686/1680/1461 1610/1684/1465
f 1631/1679/1460 1693/1685/1466 1687/1674/1455
f 1687/1674/1455 1693/1685/1466 1686/1680/1461
f 1577/1675/1456 1590/1681/1462 1591/1686/1467
f 1576/1671/1452 1587/1677/1458 1589/1687/1468
f 1576/1671/1452 1589/1687/1468 1590/1681/1462
f 1595/1682/1463 1594/1688/1469 1572/1676/1457
f 1586/1683/1464 1588/1689/1470 1587/1677/1458
f 1587/1677/1458 1588/1689/1470 1589/1687/1468
f 1609/1678/1459 1610/1684/1465 1608/1690/1471
f 1631/1679/1460 1629/1691/1472 1693/1685/1466
f 1686/1680/1461 1693/1685/1466 1691/1692/1473
f 1595/1682/1463 1613/1693/1474 1594/1688/1469
f 1609/1678/1459 1613/1693/1474 1595/1682/1463
f 1609/1678/1459 1608/1690/1471 1613/1693/1474
f 1572/1676/1457 1594/1688/1469 1678/1694/1475
f 1572/1676/1457 1678/1694/1475 1586/1683/1464
f 1588/1689/1470 1586/1683/1464 1714/1695/1476
f 1586/1683/1464 1678/1694/1475 1714/1695/1476
f 1610/1684/1465 1623/1696/1477 1608/1690/1471
f 1686/1680/1461 1623/1696/1477 1610/1684/1465
f 1686/1680/1461 1691/1692/1473 1623/1696/1477
f 1629/1691/1472 1692/1697/1478 1693/1685/1466
f 1693/1685/1466 1692/1697/1478 1691/1692/1473
f 1613/1693/1474 1614/1698/1479 1612/1699/1480
f 1594/1688/1469 1613/1693/1474 1612/1699/1480
f 1678/1694/1475 1594/1688/1469 1680/1700/1481
f 1594/1688/1469 1612/1699/1480 1680/1700/1481
f 1714/1695/1476 1678/1694/1475 1713/1701/1482
f 1678/1694/1475 1680/1700/1481 1713/1701/1482
f 1608/1690/1471 1623/1696/1477 1622/1702/1483
f 1629/1691/1472 1672/1703/1484 1692/1697/1478
f 1691/1692/1473 1692/1697/1478 1690/1704/1485
f 1614/1698/1479 1613/1693/1474 1615/1705/1486
f 1608/1690/1471 1615/1705/1486 1613/1693/1474
f 1608/1690/1471 1622/1702/1483 1615/1705/1486
f 1612/1699/1480 1614/1698/1479 1679/1706/1487
f 1612/1699/1480 1679/1706/1487 1680/1700/1481
f 1713/1701/1482 1680/1700/1481 1712/1707/1488
f 1680/1700/1481 1679/1706/1487 1712/1707/1488
f 1623/1696/1477 1636/1708/1489 1622/1702/1483
f 1691/1692/1473 1636/1708/1489 1623/1696/1477
f 1691/1692/1473 1690/1704/1485 1636/1708/1489
f 1672/1703/1484 1705/1709/1490 1692/1697/1478
f 1692/1697/1478 1705/1709/1490 1690/1704/1485
f 1615/1705/1486 1616/1710/1491 1617/1711/1492
f 1615/1705/1486 1617/1711/1492 1614/1698/1479
f 1615/1705/1486 1622/1702/1483 1616/1710/1491
f 1679/1706/1487 1614/1698/1479 1685/1712/1493
f 1614/1698/1479 1617/1711/1492 1685/1712/1493
f 1712/1707/1488 1679/1706/1487 1711/1713/1494
f 1679/1706/1487 1685/1712/1493 1711/1713/1494
f 1636/1708/1489 1637/1714/1495 1638/1715/1496
f 1636/1708/1489 1690/1704/1485 1637/1714/1495
f 1636/1708/1489 1638/1715/1496 1622/1702/1483
f 1672/1703/1484 1643/1716/1497 1705/1709/1490
f 1616/1710/1491 1633/1717/1498 1632/1718/1499
f 1616/1710/1491 1632/1718/1499 1617/1711/1492
f 1622/1702/1483 1638/1715/1496 1633/1717/1498
f 1622/1702/1483 1633/1717/1498 1616/1710/1491
f 1685/1712/1493 1617/1711/1492 1689/1719/1500
f 1617/1711/1492 1632/1718/1499 1689/1719/1500
f 1711/1713/1494 1685/1712/1493 1710/1720/1501
f 1685/1712/1493 1689/1719/1500 1710/1720/1501
f 1690/1704/1485 1705/1709/1490 1704/1721/1502
f 1690/1704/1485 1704/1721/1502 1637/1714/1495
f 1643/1716/1497 1697/1722/1503 1705/1709/1490
f 1705/1709/1490 1697/1722/1503 1704/1721/1502
f 1638/1715/1496 1637/1714/1495 1639/1723/1504
f 1638/1715/1496 1639/1723/1504 1633/1717/1498
f 1632/1718/1499 1633/1717/1498 1634/1724/1505
f 1689/1719/1500 1632/1718/1499 1688/1725/1506
f 1632/1718/1499 1634/1724/1505 1688/1725/1506
f 1710/1720/1501 1689/1719/1500 1709/1726/1507
f 1689/1719/1500 1688/1725/1506 1709/1726/1507
f 1643/1716/1497 1641/1727/1508 1697/1722/1503
f 1704/1721/1502 1697/1722/1503 1695/1728/1509
f 1637/1714/1495 1674/1729/1510 1639/1723/1504
f 1704/1721/1502 1674/1729/1510 1637/1714/1495
f 1704/1721/1502 1695/1728/1509 1674/1729/1510
f 1633/1717/1498 1635/1730/1511 1634/1724/1505
f 1633/1717/1498 1639/1723/1504 1635/1730/1511
f 1688/1725/1506 1634/1724/1505 1703/1731/1512
f 1709/1726/1507 1688/1725/1506 1708/1732/1513
f 1688/1725/1506 1703/1731/1512 1708/1732/1513
f 1641/1727/1508 1696/1733/1514 1697/1722/1503
f 1697/1722/1503 1696/1733/1514 1695/1728/1509
f 1674/1729/1510 1675/1734/1515 1639/1723/1504
f 1635/1730/1511 1668/1735/1516 1634/1724/1505
f 1634/1724/1505 1668/1735/1516 1703/1731/1512
f 1708/1732/1513 1703/1731/1512 1707/1736/1517
f 1641/1727/1508 1666/1737/1518 1696/1733/1514
f 1695/1728/1509 1696/1733/1514 1694/1738/1519
f 1674/1729/1510 1647/1739/1520 1675/1734/1515
f 1695/1728/1509 1647/1739/1520 1674/1729/1510
f 1695/1728/1509 1694/1738/1519 1647/1739/1520
f 1639/1723/1504 1669/1740/1521 1635/1730/1511
f 1635/1730/1511 1669/1740/1521 1668/1735/1516
f 1639/1723/1504 1675/1734/1515 1669/1740/1521
f 1703/1731/1512 1668/1735/1516 1699/1741/1522
f 1703/1731/1512 1699/1741/1522 1707/1736/1517
f 1666/1737/1518 1702/1742/1523 1696/1733/1514
f 1696/1733/1514 1702/1742/1523 1694/1738/1519
f 1647/1739/1520 1646/1743/1524 1645/1744/1525
f 1647/1739/1520 1645/1744/1525 1675/1734/1515
f 1647/1739/1520 1694/1738/1519 1646/1743/1524
f 1669/1740/1521 1653/1745/1526 1652/1746/1527
f 1669/1740/1521 1652/1746/1527 1668/1735/1516
f 1675/1734/1515 1645/1744/1525 1653/1745/1526
f 1675/1734/1515 1653/1745/1526 1669/1740/1521
f 1668/1735/1516 1652/1746/1527 1699/1741/1522
f 1707/1736/1517 1699/1741/1522 1706/1747/1528
f 1666/1737/1518 1657/1748/1529 1702/1742/1523
f 1694/1738/1519 1702/1742/1523 1660/1749/1530
f 1694/1738/1519 1660/1749/1530 1646/1743/1524
f 1645/1744/1525 1646/1743/1524 1644/1750/1531
f 1653/1745/1526 1654/1751/1532 1652/1746/1527
f 1699/1741/1522 1652/1746/1527 1698/1752/1533
f 1652/1746/1527 1654/1751/1532 1698/1752/1533
f 1699/1741/1522 1698/1752/1533 1706/1747/1528
f 1657/1748/1529 1700/1753/1534 1702/1742/1523
f 1702/1742/1523 1700/1753/1534 1660/1749/1530
f 1645/1744/1525 1655/1754/1535 1653/1745/1526
f 1653/1745/1526 1655/1754/1535 1654/1751/1532
f 1645/1744/1525 1644/1750/1531 1655/1754/1535
f 1646/1743/1524 1662/1755/1536 1644/1750/1531
f 1646/1743/1524 1660/1749/1530 1662/1755/1536
f 1698/1752/1533 1654/1751/1532 1701/1756/1537
f 1706/1747/1528 1698/1752/1533 1656/1757/1538
f 1698/1752/1533 1701/1756/1537 1656/1757/1538
f 1700/1753/1534 1661/1758/1539 1660/1749/1530
f 1660/1749/1530 1661/1758/1539 1662/1755/1536
f 1655/1754/1535 1664/1759/1540 1654/1751/1532
f 1654/1751/1532 1664/1759/1540 1701/1756/1537
f 1644/1750/1531 1662/1755/1536 1663/1760/1541
f 1662/1755/1536 1661/1758/1539 1663/1760/1541
f 1656/1757/1538 1701/1756/1537 1657/1761/1529
f 1655/1754/1535 1665/1762/1542 1664/1759/1540
f 1665/1762/1542 1655/1754/1535 1644/1750/1531
f 1665/1762/1542 1661/1758/1539 1664/1759/1540
f 1665/1762/1542 1663/1760/1541 1661/1758/1539
f 1663/1760/1541 1665/1762/1542 1644/1750/1531
f 1701/1756/1537 1664/1759/1540 1700/1763/1534
f 1700/1763/1534 1657/1761/1529 1701/1756/1537
f 1700/1763/1534 1664/1759/1540 1661/1758/1539
f 1039/1764/1543 1040/1765/1544 1041/1766/1545
f 1039/1764/1543 1046/1767/1546 1040/1765/1544
f 1041/1766/1545 1040/1765/1544 1042/1768/1547
f 1046/1767/1546 1045/1769/1027 1044/1770/1548
f 1046/1767/1546 1044/1770/1548 1040/1765/1544
f 1041/1766/1545 1042/1768/1547 1053/1771/1071
f 1045/1769/1027 1043/1772/1029 1044/1770/1548
f 1040/1765/1544 1058/1773/1549 1042/1768/1547
f 1040/1765/1544 1044/1770/1548 1058/1773/1549
f 1053/1771/1071 1042/1768/1547 1054/1774/1072
f 1043/1772/1029 1060/1775/1034 1059/1776/1550
f 1044/1770/1548 1043/1772/1029 1059/1776/1550
f 1044/1770/1548 1059/1776/1550 1058/1773/1549
f 1042/1768/1547 1058/1773/1549 1056/1777/1551
f 1042/1768/1547 1056/1777/1551 1054/1774/1072
f 1060/1775/1034 1061/1778/1552 1059/1776/1550
f 1058/1773/1549 1057/1779/1553 1056/1777/1551
f 1059/1776/1550 1061/1778/1552 1057/1779/1553
f 1059/1776/1550 1057/1779/1553 1058/1773/1549
f 1054/1774/1072 1056/1777/1551 1201/1780/1079
f 1060/1775/1034 1062/1781/1036 1061/1778/1552
f 1057/1779/1553 1055/1782/1554 1056/1777/1551
f 1056/1777/1551 1055/1782/1554 1201/1780/1079
f 1062/1781/1036 1143/1783/1042 1144/1784/1555
f 1062/1781/1036 1144/1784/1555 1061/1778/1552
f 1057/1779/1553 1142/1785/1556 1055/1782/1554
f 1061/1778/1552 1144/1784/1555 1142/1785/1556
f 1061/1778/1552 1142/1785/1556 1057/1779/1553
f 1201/1780/1079 1055/1782/1554 1200/1786/1085
f 1143/1783/1042 1085/1787/1557 1144/1784/1555
f 1142/1785/1556 1141/1788/1558 1055/1782/1554
f 1055/1782/1554 1141/1788/1558 1200/1786/1085
f 1143/1783/1042 1083/1789/1050 1085/1787/1557
f 1144/1784/1555 1082/1790/1559 1142/1785/1556
f 1142/1785/1556 1082/1790/1559 1141/1788/1558
f 1144/1784/1555 1085/1787/1557 1082/1790/1559
f 1200/1786/1085 1141/1788/1558 1199/1791/1092
f 1083/1789/1050 1084/1792/1059 1085/1787/1557
f 1082/1790/1559 1081/1793/1560 1080/1794/1561
f 1141/1788/1558 1082/1790/1559 1080/1794/1561
f 1141/1788/1558 1080/1794/1561 1199/1791/1092
f 1084/1792/1059 1086/1795/1562 1085/1787/1557
f 1082/1790/1559 1086/1795/1562 1081/1793/1560
f 1082/1790/1559 1085/1787/1557 1086/1795/1562
f 1080/1794/1561 1081/1793/1560 1079/1796/1563
f 1199/1791/1092 1080/1794/1561 1198/1797/1100
f 1084/1792/1059 1091/1798/1070 1086/1795/1562
f 1081/1793/1560 1087/1799/1564 1079/1796/1563
f 1080/1794/1561 1197/1800/1105 1198/1797/1100
f 1080/1794/1561 1079/1796/1563 1197/1800/1105
f 1091/1798/1070 1092/1801/1083 1093/1802/1565
f 1086/1795/1562 1091/1798/1070 1093/1802/1565
f 1086/1795/1562 1093/1802/1565 1081/1793/1560
f 1087/1799/1564 1088/1803/1566 1089/1804/1567
f 1081/1793/1560 1093/1802/1565 1088/1803/1566
f 1081/1793/1560 1088/1803/1566 1087/1799/1564
f 1079/1796/1563 1196/1805/1111 1197/1800/1105
f 1079/1796/1563 1087/1799/1564 1196/1805/1111
f 1092/1801/1083 1094/1806/1568 1093/1802/1565
f 1093/1802/1565 1094/1806/1568 1088/1803/1566
f 1089/1804/1567 1088/1803/1566 1090/1807/1569
f 1088/1803/1566 1094/1806/1568 1090/1807/1569
f 1087/1799/1564 1195/1808/1118 1196/1805/1111
f 1087/1799/1564 1089/1804/1567 1195/1808/1118
f 1092/1801/1083 1106/1809/1098 1094/1806/1568
f 1090/1807/1569 1117/1810/1570 1118/1811/1571
f 1089/1804/1567 1090/1807/1569 1118/1811/1571
f 1195/1808/1118 1089/1804/1567 1194/1812/1124
f 1089/1804/1567 1118/1811/1571 1194/1812/1124
f 1106/1809/1098 1105/1813/1109 1104/1814/1572
f 1090/1807/1569 1094/1806/1568 1104/1814/1572
f 1094/1806/1568 1106/1809/1098 1104/1814/1572
f 1090/1807/1569 1104/1814/1572 1117/1810/1570
f 1118/1811/1571 1117/1810/1570 1116/1815/1573
f 1194/1812/1124 1118/1811/1571 1193/1816/1128
f 1118/1811/1571 1116/1815/1573 1193/1816/1128
f 1105/1813/1109 1103/1817/1574 1104/1814/1572
f 1104/1814/1572 1103/1817/1574 1117/1810/1570
f 1116/1815/1573 1117/1810/1570 1115/1818/1575
f 1117/1810/1570 1103/1817/1574 1115/1818/1575
f 1193/1816/1128 1116/1815/1573 1192/1819/1133
f 1105/1813/1109 1123/1820/1120 1103/1817/1574
f 1115/1818/1575 1119/1821/1576 1116/1815/1573
f 1192/1819/1133 1116/1815/1573 1120/1822/1577
f 1116/1815/1573 1119/1821/1576 1120/1822/1577
f 1123/1820/1120 1124/1823/1578 1103/1817/1574
f 1115/1818/1575 1103/1817/1574 1124/1823/1578
f 1115/1818/1575 1124/1823/1578 1119/1821/1576
f 1192/1819/1133 1120/1822/1577 1191/1824/1138
f 1123/1820/1120 1151/1825/1129 1124/1823/1578
f 1119/1821/1576 1149/1826/1579 1120/1822/1577
f 1191/1824/1138 1120/1822/1577 1150/1827/1580
f 1120/1822/1577 1149/1826/1579 1150/1827/1580
f 1151/1825/1129 1152/1828/1581 1124/1823/1578
f 1119/1821/1576 1152/1828/1581 1149/1826/1579
f 1119/1821/1576 1124/1823/1578 1152/1828/1581
f 1191/1824/1138 1150/1827/1580 1137/1829/1147
f 1151/1825/1129 1127/1830/1139 1152/1828/1581
f 1149/1826/1579 1138/1831/1582 1150/1827/1580
f 1150/1827/1580 1138/1831/1582 1137/1829/1147
f 1127/1830/1139 1128/1832/1148 1129/1833/1583
f 1152/1828/1581 1127/1830/1139 1129/1833/1583
f 1152/1828/1581 1129/1833/1583 1149/1826/1579
f 1137/1829/1147 1138/1831/1582 1128/1832/1148
f 1129/1833/1583 1128/1832/1148 1130/1834/1584
f 1130/1834/1584 1138/1831/1582 1149/1826/1579
f 1130/1834/1584 1149/1826/1579 1129/1833/1583
f 1130/1834/1584 1128/1832/1148 1138/1831/1582
f 1202/1835/1585 1203/1836/1586 1204/1837/1587
f 1202/1835/1585 1206/1838/1588 1203/1836/1586
f 1204/1837/1587 1203/1836/1586 1205/1839/1589
f 1206/1838/1588 1207/1840/1156 1208/1841/1590
f 1206/1838/1588 1208/1841/1590 1203/1836/1586
f 1204/1837/1587 1205/1839/1589 1249/1842/1194
f 1207/1840/1156 1209/1843/1158 1208/1841/1590
f 1203/1836/1586 1229/1844/1591 1205/1839/1589
f 1203/1836/1586 1208/1841/1590 1229/1844/1591
f 1249/1842/1194 1205/1839/1589 1248/1845/1195
f 1209/1843/1158 1223/1846/1162 1222/1847/1592
f 1208/1841/1590 1209/1843/1158 1222/1847/1592
f 1208/1841/1590 1222/1847/1592 1229/1844/1591
f 1205/1839/1589 1229/1844/1591 1227/1848/1593
f 1205/1839/1589 1227/1848/1593 1248/1845/1195
f 1223/1846/1162 1224/1849/1594 1222/1847/1592
f 1222/1847/1592 1224/1849/1594 1229/1844/1591
f 1227/1848/1593 1228/1850/1595 1226/1851/1596
f 1229/1844/1591 1224/1849/1594 1228/1850/1595
f 1229/1844/1591 1228/1850/1595 1227/1848/1593
f 1248/1845/1195 1227/1848/1593 1246/1852/1200
f 1227/1848/1593 1226/1851/1596 1246/1852/1200
f 1223/1846/1162 1225/1853/1167 1224/1849/1594
f 1228/1850/1595 1257/1854/1597 1226/1851/1596
f 1246/1852/1200 1226/1851/1596 1247/1855/1207
f 1225/1853/1167 1254/1856/1598 1224/1849/1594
f 1228/1850/1595 1224/1849/1594 1254/1856/1598
f 1228/1850/1595 1254/1856/1598 1257/1854/1597
f 1226/1851/1596 1257/1854/1597 1256/1857/1599
f 1226/1851/1596 1256/1857/1599 1247/1855/1207
f 1225/1853/1167 1255/1858/1174 1254/1856/1598
f 1257/1854/1597 1258/1859/1600 1256/1857/1599
f 1247/1855/1207 1256/1857/1599 1372/1860/1212
f 1255/1858/1174 1265/1861/1182 1254/1856/1598
f 1257/1854/1597 1263/1862/1601 1258/1859/1600
f 1254/1856/1598 1265/1861/1182 1263/1862/1601
f 1254/1856/1598 1263/1862/1601 1257/1854/1597
f 1256/1857/1599 1258/1859/1600 1260/1863/1602
f 1256/1857/1599 1260/1863/1602 1372/1860/1212
f 1265/1861/1182 1264/1864/1193 1263/1862/1601
f 1258/1859/1600 1259/1865/1603 1260/1863/1602
f 1372/1860/1212 1260/1863/1602 1371/1866/1218
f 1264/1864/1193 1262/1867/1604 1263/1862/1601
f 1258/1859/1600 1262/1867/1604 1259/1865/1603
f 1258/1859/1600 1263/1862/1601 1262/1867/1604
f 1260/1863/1602 1259/1865/1603 1261/1868/1605
f 1260/1863/1602 1261/1868/1605 1371/1866/1218
f 1264/1864/1193 1279/1869/1206 1262/1867/1604
f 1259/1865/1603 1277/1870/1606 1261/1868/1605
f 1371/1866/1218 1261/1868/1605 1370/1871/1224
f 1279/1869/1206 1278/1872/1607 1262/1867/1604
f 1259/1865/1603 1278/1872/1607 1277/1870/1606
f 1259/1865/1603 1262/1867/1604 1278/1872/1607
f 1261/1868/1605 1277/1870/1606 1276/1873/1608
f 1370/1871/1224 1261/1868/1605 1369/1874/1231
f 1261/1868/1605 1276/1873/1608 1369/1874/1231
f 1279/1869/1206 1286/1875/1216 1278/1872/1607
f 1277/1870/1606 1282/1876/1609 1276/1873/1608
f 1369/1874/1231 1276/1873/1608 1368/1877/1236
f 1286/1875/1216 1287/1878/1222 1288/1879/1610
f 1277/1870/1606 1278/1872/1607 1288/1879/1610
f 1278/1872/1607 1286/1875/1216 1288/1879/1610
f 1277/1870/1606 1288/1879/1610 1282/1876/1609
f 1276/1873/1608 1282/1876/1609 1284/1880/1611
f 1276/1873/1608 1284/1880/1611 1368/1877/1236
f 1287/1878/1222 1289/1881/1612 1288/1879/1610
f 1288/1879/1610 1289/1881/1612 1282/1876/1609
f 1284/1880/1611 1282/1876/1609 1283/1882/1613
f 1282/1876/1609 1289/1881/1612 1283/1882/1613
f 1368/1877/1236 1284/1880/1611 1367/1883/1243
f 1287/1878/1222 1330/1884/1228 1289/1881/1612
f 1283/1882/1613 1285/1885/1614 1284/1880/1611
f 1284/1880/1611 1285/1885/1614 1367/1883/1243
f 1330/1884/1228 1331/1886/1615 1289/1881/1612
f 1289/1881/1612 1331/1886/1615 1283/1882/1613
f 1285/1885/1614 1283/1882/1613 1328/1887/1616
f 1283/1882/1613 1331/1886/1615 1328/1887/1616
f 1367/1883/1243 1285/1885/1614 1366/1888/1249
f 1330/1884/1228 1298/1889/1239 1331/1886/1615
f 1328/1887/1616 1329/1890/1617 1285/1885/1614
f 1285/1885/1614 1329/1890/1617 1366/1888/1249
f 1298/1889/1239 1299/1891/1253 1300/1892/1618
f 1331/1886/1615 1298/1889/1239 1300/1892/1618
f 1331/1886/1615 1300/1892/1618 1328/1887/1616
f 1329/1890/1617 1328/1887/1616 1306/1893/1619
f 1366/1888/1249 1329/1890/1617 1365/1894/1256
f 1329/1890/1617 1306/1893/1619 1365/1894/1256
f 1299/1891/1253 1301/1895/1620 1300/1892/1618
f 1328/1887/1616 1307/1896/1621 1306/1893/1619
f 1328/1887/1616 1300/1892/1618 1307/1896/1621
f 1365/1894/1256 1306/1893/1619 1364/1897/1263
f 1299/1891/1253 1324/1898/1260 1301/1895/1620
f 1300/1892/1618 1309/1899/1622 1307/1896/1621
f 1300/1892/1618 1301/1895/1620 1309/1899/1622
f 1306/1893/1619 1307/1896/1621 1308/1900/1623
f 1307/1896/1621 1309/1899/1622 1308/1900/1623
f 1306/1893/1619 1308/1900/1623 1364/1897/1263
f 1324/1898/1260 1316/1901/1275 1325/1902/1624
f 1301/1895/1620 1324/1898/1260 1325/1902/1624
f 1301/1895/1620 1325/1902/1624 1309/1899/1622
f 1308/1900/1623 1309/1899/1622 1315/1903/1625
f 1364/1897/1263 1308/1900/1623 1314/1904/1269
f 1314/1904/1269 1315/1903/1625 1316/1901/1275
f 1314/1904/1269 1308/1900/1623 1315/1903/1625
f 1325/1902/1624 1316/1901/1275 1317/1905/1626
f 1317/1905/1626 1315/1903/1625 1309/1899/1622
f 1317/1905/1626 1309/1899/1622 1325/1902/1624
f 1317/1905/1626 1316/1901/1275 1315/1903/1625
f 1381/1906/1627 1382/1907/1628 1383/1908/1629
f 1381/1906/1627 1383/1908/1629 1388/1909/1630
f 1382/1907/1628 1384/1910/1631 1383/1908/1629
f 1388/1909/1630 1387/1911/1632 1386/1912/1285
f 1388/1909/1630 1383/1908/1629 1387/1911/1632
f 1382/1907/1628 1396/1913/1342 1384/1910/1631
f 1386/1912/1285 1387/1911/1632 1385/1914/1286
f 1383/1908/1629 1384/1910/1631 1400/1915/1633
f 1383/1908/1629 1400/1915/1633 1387/1911/1632
f 1396/1913/1342 1395/1916/1336 1384/1910/1631
f 1385/1914/1286 1401/1917/1634 1403/1918/1291
f 1387/1911/1632 1400/1915/1633 1401/1917/1634
f 1387/1911/1632 1401/1917/1634 1385/1914/1286
f 1395/1916/1336 1399/1919/1635 1384/1910/1631
f 1384/1910/1631 1399/1919/1635 1400/1915/1633
f 1403/1918/1291 1401/1917/1634 1402/1920/1636
f 1395/1916/1336 1543/1921/1344 1399/1919/1635
f 1400/1915/1633 1399/1919/1635 1398/1922/1637
f 1401/1917/1634 1400/1915/1633 1398/1922/1637
f 1401/1917/1634 1398/1922/1637 1402/1920/1636
f 1403/1918/1291 1402/1920/1636 1404/1923/1293
f 1543/1921/1344 1542/1924/1350 1397/1925/1638
f 1399/1919/1635 1397/1925/1638 1398/1922/1637
f 1399/1919/1635 1543/1921/1344 1397/1925/1638
f 1402/1920/1636 1485/1926/1639 1404/1923/1293
f 1542/1924/1350 1541/1927/1356 1483/1928/1640
f 1542/1924/1350 1483/1928/1640 1397/1925/1638
f 1398/1922/1637 1397/1925/1638 1484/1929/1641
f 1402/1920/1636 1484/1929/1641 1485/1926/1639
f 1402/1920/1636 1398/1922/1637 1484/1929/1641
f 1397/1925/1638 1483/1928/1640 1484/1929/1641
f 1404/1923/1293 1485/1926/1639 1486/1930/1298
f 1541/1927/1356 1540/1931/1362 1423/1932/1642
f 1541/1927/1356 1423/1932/1642 1483/1928/1640
f 1484/1929/1641 1483/1928/1640 1424/1933/1643
f 1483/1928/1640 1423/1932/1642 1424/1933/1643
f 1484/1929/1641 1424/1933/1643 1485/1926/1639
f 1486/1930/1298 1485/1926/1639 1427/1934/1644
f 1485/1926/1639 1424/1933/1643 1427/1934/1644
f 1540/1931/1362 1539/1935/1361 1423/1932/1642
f 1486/1930/1298 1427/1934/1644 1428/1936/1307
f 1424/1933/1643 1423/1932/1642 1422/1937/1645
f 1539/1935/1361 1421/1938/1646 1423/1932/1642
f 1423/1932/1642 1421/1938/1646 1422/1937/1645
f 1427/1934/1644 1425/1939/1647 1426/1940/1317
f 1427/1934/1644 1426/1940/1317 1428/1936/1307
f 1424/1933/1643 1422/1937/1645 1425/1939/1647
f 1424/1933/1643 1425/1939/1647 1427/1934/1644
f 1539/1935/1361 1538/1941/1369 1421/1938/1646
f 1426/1940/1317 1425/1939/1647 1436/1942/1327
f 1422/1937/1645 1432/1943/1648 1430/1944/1649
f 1421/1938/1646 1538/1941/1369 1432/1943/1648
f 1421/1938/1646 1432/1943/1648 1422/1937/1645
f 1425/1939/1647 1435/1945/1650 1436/1942/1327
f 1422/1937/1645 1430/1944/1649 1435/1945/1650
f 1422/1937/1645 1435/1945/1650 1425/1939/1647
f 1538/1941/1369 1537/1946/1376 1432/1943/1648
f 1436/1942/1327 1435/1945/1650 1434/1947/1338
f 1430/1944/1649 1431/1948/1651 1429/1949/1652
f 1432/1943/1648 1537/1946/1376 1431/1948/1651
f 1432/1943/1648 1431/1948/1651 1430/1944/1649
f 1435/1945/1650 1433/1950/1653 1434/1947/1338
f 1430/1944/1649 1429/1949/1652 1433/1950/1653
f 1430/1944/1649 1433/1950/1653 1435/1945/1650
f 1537/1946/1376 1536/1951/1382 1431/1948/1651
f 1434/1947/1338 1433/1950/1653 1445/1952/1351
f 1429/1949/1652 1431/1948/1651 1457/1953/1654
f 1431/1948/1651 1536/1951/1382 1457/1953/1654
f 1433/1950/1653 1446/1954/1655 1445/1952/1351
f 1433/1950/1653 1429/1949/1652 1446/1954/1655
f 1536/1951/1382 1535/1955/1387 1457/1953/1654
f 1445/1952/1351 1446/1954/1655 1447/1956/1363
f 1429/1949/1652 1457/1953/1654 1459/1957/1656
f 1429/1949/1652 1459/1957/1656 1446/1954/1655
f 1535/1955/1387 1458/1958/1657 1457/1953/1654
f 1457/1953/1654 1458/1958/1657 1459/1957/1656
f 1447/1956/1363 1446/1954/1655 1448/1959/1658
f 1446/1954/1655 1459/1957/1656 1448/1959/1658
f 1535/1955/1387 1534/1960/1392 1458/1958/1657
f 1447/1956/1363 1448/1959/1658 1466/1961/1377
f 1459/1957/1656 1458/1958/1657 1460/1962/1659
f 1459/1957/1656 1460/1962/1659 1448/1959/1658
f 1534/1960/1392 1462/1963/1660 1458/1958/1657
f 1466/1961/1377 1448/1959/1658 1465/1964/1661
f 1448/1959/1658 1460/1962/1659 1465/1964/1661
f 1534/1960/1392 1533/1965/1397 1462/1963/1660
f 1458/1958/1657 1461/1966/1662 1460/1962/1659
f 1460/1962/1659 1461/1966/1662 1465/1964/1661
f 1458/1958/1657 1462/1963/1660 1461/1966/1662
f 1466/1961/1377 1465/1964/1661 1493/1967/1388
f 1533/1965/1397 1492/1968/1663 1462/1963/1660
f 1461/1966/1662 1462/1963/1660 1491/1969/1664
f 1462/1963/1660 1492/1968/1663 1491/1969/1664
f 1465/1964/1661 1494/1970/1665 1493/1967/1388
f 1461/1966/1662 1494/1970/1665 1465/1964/1661
f 1461/1966/1662 1491/1969/1664 1494/1970/1665
f 1533/1965/1397 1479/1971/1402 1492/1968/1663
f 1493/1967/1388 1494/1970/1665 1469/1972/1398
f 1491/1969/1664 1480/1973/1666 1472/1974/1667
f 1492/1968/1663 1479/1971/1402 1480/1973/1666
f 1492/1968/1663 1480/1973/1666 1491/1969/1664
f 1494/1970/1665 1470/1975/1668 1469/1972/1398
f 1491/1969/1664 1472/1974/1667 1470/1975/1668
f 1491/1969/1664 1470/1975/1668 1494/1970/1665
f 1479/1971/1402 1471/1976/1407 1480/1973/1666
f 1471/1976/1407 1469/1972/1398 1470/1975/1668
f 1471/1976/1407 1470/1975/1668 1472/1974/1667
f 1472/1974/1667 1480/1973/1666 1471/1976/1407
f 1544/1977/1669 1545/1978/1670 1546/1979/1671
f 1544/1977/1669 1546/1979/1671 1548/1980/1672
f 1545/1978/1670 1547/1981/1673 1546/1979/1671
f 1548/1980/1672 1549/1982/1674 1550/1983/1414
f 1548/1980/1672 1546/1979/1671 1549/1982/1674
f 1545/1978/1670 1591/1984/1467 1547/1981/1673
f 1550/1983/1414 1549/1982/1674 1551/1985/1415
f 1546/1979/1671 1547/1981/1673 1571/1986/1675
f 1546/1979/1671 1571/1986/1675 1549/1982/1674
f 1591/1984/1467 1590/1987/1462 1547/1981/1673
f 1551/1985/1415 1549/1982/1674 1564/1988/1676
f 1549/1982/1674 1571/1986/1675 1564/1988/1676
f 1590/1987/1462 1570/1989/1677 1547/1981/1673
f 1547/1981/1673 1570/1989/1677 1571/1986/1675
f 1551/1985/1415 1564/1988/1676 1566/1990/1418
f 1590/1987/1462 1589/1991/1468 1570/1989/1677
f 1571/1986/1675 1570/1989/1677 1569/1992/1678
f 1564/1988/1676 1565/1993/1679 1566/1990/1418
f 1571/1986/1675 1569/1992/1678 1565/1993/1679
f 1571/1986/1675 1565/1993/1679 1564/1988/1676
f 1589/1991/1468 1588/1994/1470 1568/1995/1680
f 1570/1989/1677 1568/1995/1680 1569/1992/1678
f 1570/1989/1677 1589/1991/1468 1568/1995/1680
f 1566/1990/1418 1565/1993/1679 1567/1996/1422
f 1588/1994/1470 1714/1997/1476 1598/1998/1681
f 1588/1994/1470 1598/1998/1681 1568/1995/1680
f 1569/1992/1678 1568/1995/1680 1599/1999/1682
f 1568/1995/1680 1598/1998/1681 1599/1999/1682
f 1565/1993/1679 1596/2000/1683 1567/1996/1422
f 1569/1992/1678 1599/1999/1682 1596/2000/1683
f 1569/1992/1678 1596/2000/1683 1565/1993/1679
f 1714/1997/1476 1601/2001/1684 1598/1998/1681
f 1567/1996/1422 1596/2000/1683 1597/2002/1427
f 1599/1999/1682 1598/1998/1681 1600/2003/1685
f 1598/1998/1681 1601/2001/1684 1600/2003/1685
f 1714/1997/1476 1713/2004/1482 1601/2001/1684
f 1596/2000/1683 1605/2005/1686 1604/2006/1435
f 1596/2000/1683 1604/2006/1435 1597/2002/1427
f 1599/1999/1682 1600/2003/1685 1605/2005/1686
f 1599/1999/1682 1605/2005/1686 1596/2000/1683
f 1713/2004/1482 1603/2007/1687 1601/2001/1684
f 1604/2006/1435 1605/2005/1686 1606/2008/1442
f 1600/2003/1685 1601/2001/1684 1602/2009/1688
f 1601/2001/1684 1603/2007/1687 1602/2009/1688
f 1713/2004/1482 1712/2010/1488 1603/2007/1687
f 1605/2005/1686 1607/2011/1689 1606/2008/1442
f 1600/2003/1685 1607/2011/1689 1605/2005/1686
f 1600/2003/1685 1602/2009/1688 1607/2011/1689
f 1712/2010/1488 1711/2012/1494 1603/2007/1687
f 1606/2008/1442 1607/2011/1689 1620/2013/1450
f 1602/2009/1688 1603/2007/1687 1619/2014/1690
f 1711/2012/1494 1618/2015/1691 1603/2007/1687
f 1603/2007/1687 1618/2015/1691 1619/2014/1690
f 1607/2011/1689 1621/2016/1692 1620/2013/1450
f 1602/2009/1688 1621/2016/1692 1607/2011/1689
f 1602/2009/1688 1619/2014/1690 1621/2016/1692
f 1711/2012/1494 1710/2017/1501 1618/2015/1691
f 1620/2013/1450 1621/2016/1692 1631/2018/1460
f 1619/2014/1690 1618/2015/1691 1624/2019/1693
f 1710/2017/1501 1625/2020/1694 1618/2015/1691
f 1618/2015/1691 1625/2020/1694 1624/2019/1693
f 1621/2016/1692 1630/2021/1695 1631/2018/1460
f 1619/2014/1690 1630/2021/1695 1621/2016/1692
f 1619/2014/1690 1624/2019/1693 1630/2021/1695
f 1710/2017/1501 1709/2022/1507 1625/2020/1694
f 1631/2018/1460 1630/2021/1695 1629/2023/1472
f 1624/2019/1693 1625/2020/1694 1626/2024/1696
f 1709/2022/1507 1627/2025/1697 1625/2020/1694
f 1625/2020/1694 1627/2025/1697 1626/2024/1696
f 1630/2021/1695 1628/2026/1698 1629/2023/1472
f 1624/2019/1693 1626/2024/1696 1628/2026/1698
f 1624/2019/1693 1628/2026/1698 1630/2021/1695
f 1709/2022/1507 1708/2027/1513 1627/2025/1697
f 1629/2023/1472 1628/2026/1698 1672/2028/1484
f 1626/2024/1696 1627/2025/1697 1670/2029/1699
f 1708/2027/1513 1671/2030/1700 1627/2025/1697
f 1627/2025/1697 1671/2030/1700 1670/2029/1699
f 1628/2026/1698 1673/2031/1701 1672/2028/1484
f 1626/2024/1696 1673/2031/1701 1628/2026/1698
f 1626/2024/1696 1670/2029/1699 1673/2031/1701
f 1708/2027/1513 1707/2032/1517 1671/2030/1700
f 1672/2028/1484 1673/2031/1701 1643/2033/1497
f 1670/2029/1699 1651/2034/1702 1649/2035/1703
f 1671/2030/1700 1707/2032/1517 1651/2034/1702
f 1671/2030/1700 1651/2034/1702 1670/2029/1699
f 1673/2031/1701 1642/2036/1704 1643/2033/1497
f 1670/2029/1699 1649/2035/1703 1642/2036/1704
f 1670/2029/1699 1642/2036/1704 1673/2031/1701
f 1707/2032/1517 1706/2037/1528 1651/2034/1702
f 1643/2033/1497 1642/2036/1704 1641/2038/1508
f 1649/2035/1703 1650/2039/1705 1648/2040/1706
f 1649/2035/1703 1651/2034/1702 1650/2039/1705
f 1651/2034/1702 1706/2037/1528 1650/2039/1705
f 1649/2035/1703 1648/2040/1706 1642/2036/1704
f 1641/2038/1508 1642/2036/1704 1640/2041/1707
f 1642/2036/1704 1648/2040/1706 1640/2041/1707
f 1706/2037/1528 1656/2042/1538 1650/2039/1705
f 1641/2038/1508 1640/2041/1707 1666/2043/1518
f 1648/2040/1706 1658/2044/1708 1659/2045/1709
f 1650/2039/1705 1656/2042/1538 1658/2044/1708
f 1650/2039/1705 1658/2044/1708 1648/2040/1706
f 1640/2041/1707 1667/2046/1710 1666/2043/1518
f 1648/2040/1706 1659/2045/1709 1667/2046/1710
f 1648/2040/1706 1667/2046/1710 1640/2041/1707
f 1656/2042/1538 1657/2047/1529 1658/2044/1708
f 1657/2047/1529 1666/2043/1518 1667/2046/1710
f 1657/2047/1529 1659/2045/1709 1658/2044/1708
f 1659/2045/1709 1657/2047/1529 1667/2046/1710
f 1730/2048/1711 1729/2049/1712 1728/2050/1713
f 1730/2048/1711 1718/2051/1714 1729/2049/1712
f 1728/2050/1713 1729/2049/1712 1727/2052/1715
f 1718/2051/1714 1717/2053/1716 1716/2054/1717
f 1718/2051/1714 1716/2054/1717 1729/2049/1712
f 1728/2050/1713 1727/2052/1715 1734/2055/1718
f 1717/2053/1716 1715/2056/1719 1716/2054/1717
f 1729/2049/1712 1716/2054/1717 1759/2057/1720
f 1729/2049/1712 1759/2057/1720 1727/2052/1715
f 1734/2055/1718 1733/2058/1721 1732/2059/1722
f 1734/2055/1718 1727/2052/1715 1733/2058/1721
f 1717/2053/1716 1803/2060/1723 1715/2056/1719
f 1716/2054/1717 1715/2056/1719 1758/2061/1724
f 1716/2054/1717 1758/2061/1724 1759/2057/1720
f 1732/2059/1722 1733/2058/1721 1731/2062/1725
f 1727/2052/1715 1759/2057/1720 1760/2063/1726
f 1727/2052/1715 1760/2063/1726 1733/2058/1721
f 1803/2060/1723 1804/2064/1727 1805/2065/1728
f 1803/2060/1723 1805/2065/1728 1715/2056/1719
f 1758/2061/1724 1715/2056/1719 1757/2066/1729
f 1715/2056/1719 1805/2065/1728 1757/2066/1729
f 1732/2059/1722 1731/2062/1725 1739/2067/1730
f 1759/2057/1720 1758/2061/1724 1766/2068/1731
f 1760/2063/1726 1761/2069/1732 1733/2058/1721
f 1733/2058/1721 1761/2069/1732 1731/2062/1725
f 1804/2064/1727 1806/2070/1733 1805/2065/1728
f 1757/2066/1729 1764/2071/1734 1758/2061/1724
f 1758/2061/1724 1764/2071/1734 1766/2068/1731
f 1739/2067/1730 1731/2062/1725 1740/2072/1735
f 1759/2057/1720 1766/2068/1731 1778/2073/1736
f 1760/2063/1726 1759/2057/1720 1779/2074/1737
f 1759/2057/1720 1778/2073/1736 1779/2074/1737
f 1761/2069/1732 1762/2075/1738 1731/2062/1725
f 1731/2062/1725 1762/2075/1738 1740/2072/1735
f 1804/2064/1727 1924/2076/1739 1806/2070/1733
f 1805/2065/1728 1806/2070/1733 1811/2077/1740
f 1805/2065/1728 1811/2077/1740 1757/2066/1729
f 1764/2071/1734 1765/2078/1741 1766/2068/1731
f 1739/2067/1730 1740/2072/1735 1823/2079/1742
f 1760/2063/1726 1779/2074/1737 1782/2080/1743
f 1760/2063/1726 1782/2080/1743 1761/2069/1732
f 1778/2073/1736 1776/2081/1744 1777/2082/1745
f 1762/2075/1738 1763/2083/1746 1740/2072/1735
f 1924/2076/1739 1925/2084/1747 1806/2070/1733
f 1811/2077/1740 1806/2070/1733 1812/2085/1748
f 1806/2070/1733 1925/2084/1747 1812/2085/1748
f 1757/2066/1729 1811/2077/1740 1818/2086/1749
f 1757/2066/1729 1818/2086/1749 1764/2071/1734
f 1765/2078/1741 1767/2087/1750 1766/2068/1731
f 1778/2073/1736 1777/2082/1745 1779/2074/1737
f 1778/2073/1736 1767/2087/1750 1776/2081/1744
f 1767/2087/1750 1778/2073/1736 1766/2068/1731
f 1823/2079/1742 1740/2072/1735 1824/2088/1751
f 1740/2072/1735 1763/2083/1746 1824/2088/1751
f 1782/2080/1743 1780/2089/1752 1781/2090/1753
f 1780/2089/1752 1779/2074/1737 1777/2082/1745
f 1779/2074/1737 1780/2089/1752 1782/2080/1743
f 1761/2069/1732 1782/2080/1743 1783/2091/1754
f 1782/2080/1743 1781/2090/1753 1783/2091/1754
f 1761/2069/1732 1783/2091/1754 1762/2075/1738
f 1925/2084/1747 1928/2092/1755 1812/2085/1748
f 1811/2077/1740 1820/2093/1756 1818/2086/1749
f 1811/2077/1740 1812/2085/1748 1820/2093/1756
f 1764/2071/1734 1818/2086/1749 1817/2094/1757
f 1764/2071/1734 1817/2094/1757 1765/2078/1741
f 1823/2079/1742 1824/2088/1751 1830/2095/1758
f 1763/2083/1746 1762/2075/1738 1788/2096/1759
f 1762/2075/1738 1783/2091/1754 1788/2096/1759
f 1781/2090/1753 1789/2097/1760 1783/2091/1754
f 1783/2091/1754 1789/2097/1760 1788/2096/1759
f 1928/2092/1755 1931/2098/1761 1812/2085/1748
f 1812/2085/1748 1931/2098/1761 1820/2093/1756
f 1818/2086/1749 1819/2099/1762 1817/2094/1757
f 1818/2086/1749 1820/2093/1756 1819/2099/1762
f 1824/2088/1751 1829/2100/1763 1830/2095/1758
f 1763/2083/1746 1835/2101/1764 1824/2088/1751
f 1824/2088/1751 1835/2101/1764 1829/2100/1763
f 1789/2097/1760 1838/2102/1765 1788/2096/1759
f 1931/2098/1761 1932/2103/1766 1820/2093/1756
f 1820/2093/1756 1932/2103/1766 1819/2099/1762
f 1830/2095/1758 1829/2100/1763 1848/2104/1767
f 1763/2083/1746 1837/2105/1768 1835/2101/1764
f 1788/2096/1759 1838/2102/1765 1837/2105/1768
f 1788/2096/1759 1837/2105/1768 1763/2083/1746
f 1829/2100/1763 1835/2101/1764 1836/2106/1769
f 1848/2104/1767 1829/2100/1763 1847/2107/1770
f 1829/2100/1763 1836/2106/1769 1847/2107/1770
f 1838/2102/1765 1843/2108/1771 1837/2105/1768
f 1835/2101/1764 1837/2105/1768 1844/2109/1772
f 1837/2105/1768 1843/2108/1771 1844/2109/1772
f 1835/2101/1764 1844/2109/1772 1836/2106/1769
f 1848/2104/1767 1847/2107/1770 1851/2110/1773
f 1843/2108/1771 1892/2111/1774 1844/2109/1772
f 1836/2106/1769 1887/2112/1775 1847/2107/1770
f 1851/2110/1773 1852/2113/1776 1853/2114/1777
f 1847/2107/1770 1887/2112/1775 1852/2113/1776
f 1847/2107/1770 1852/2113/1776 1851/2110/1773
f 1892/2111/1774 1893/2115/1778 1844/2109/1772
f 1836/2106/1769 1844/2109/1772 1893/2115/1778
f 1836/2106/1769 1893/2115/1778 1887/2112/1775
f 1853/2114/1777 1852/2113/1776 1854/2116/1779
f 1892/2111/1774 1899/2117/1780 1893/2115/1778
f 1887/2112/1775 1888/2118/1781 1852/2113/1776
f 1852/2113/1776 1888/2118/1781 1854/2116/1779
f 1853/2114/1777 1854/2116/1779 1862/2119/1782
f 1899/2117/1780 1898/2120/1783 1897/2121/1784
f 1887/2112/1775 1893/2115/1778 1897/2121/1784
f 1893/2115/1778 1899/2117/1780 1897/2121/1784
f 1887/2112/1775 1897/2121/1784 1888/2118/1781
f 1854/2116/1779 1861/2122/1785 1862/2119/1782
f 1898/2120/1783 1896/2123/1786 1897/2121/1784
f 1897/2121/1784 1896/2123/1786 1888/2118/1781
f 1854/2116/1779 1888/2118/1781 1889/2124/1787
f 1888/2118/1781 1896/2123/1786 1889/2124/1787
f 1854/2116/1779 1889/2124/1787 1861/2122/1785
f 1862/2119/1782 1861/2122/1785 1860/2125/1788
f 1898/2120/1783 1904/2126/1789 1896/2123/1786
f 1889/2124/1787 1890/2127/1790 1861/2122/1785
f 1860/2125/1788 1861/2122/1785 1859/2128/1791
f 1861/2122/1785 1890/2127/1790 1859/2128/1791
f 1904/2126/1789 1905/2129/1792 1906/2130/1793
f 1889/2124/1787 1896/2123/1786 1906/2130/1793
f 1896/2123/1786 1904/2126/1789 1906/2130/1793
f 1889/2124/1787 1906/2130/1793 1890/2127/1790
f 1860/2125/1788 1859/2128/1791 1871/2131/1794
f 1905/2129/1792 1907/2132/1795 1906/2130/1793
f 1906/2130/1793 1907/2132/1795 1890/2127/1790
f 1859/2128/1791 1872/2133/1796 1871/2131/1794
f 1905/2129/1792 1914/2134/1797 1907/2132/1795
f 1890/2127/1790 1891/2135/1798 1859/2128/1791
f 1859/2128/1791 1891/2135/1798 1872/2133/1796
f 1890/2127/1790 1907/2132/1795 1891/2135/1798
f 1871/2131/1794 1872/2133/1796 1873/2136/1799
f 1914/2134/1797 1873/2136/1799 1915/2137/1800
f 1907/2132/1795 1914/2134/1797 1915/2137/1800
f 1907/2132/1795 1915/2137/1800 1891/2135/1798
f 1872/2133/1796 1874/2138/1801 1873/2136/1799
f 1874/2138/1801 1915/2137/1800 1873/2136/1799
f 1874/2138/1801 1872/2133/1796 1891/2135/1798
f 1891/2135/1798 1915/2137/1800 1874/2138/1801
f 1804/2139/1727 1803/2140/1723 1807/2141/1802
f 1804/2139/1727 1807/2141/1802 1924/2142/1739
f 1803/2140/1723 1808/2143/1803 1807/2141/1802
f 1924/2142/1739 1807/2141/1802 1926/2144/1804
f 1803/2140/1723 1717/2145/1716 1808/2143/1803
f 1807/2141/1802 1799/2146/1805 1801/2147/1806
f 1807/2141/1802 1801/2147/1806 1926/2144/1804
f 1807/2141/1802 1808/2143/1803 1799/2146/1805
f 1717/2145/1716 1718/2148/1714 1744/2149/1807
f 1717/2145/1716 1744/2149/1807 1808/2143/1803
f 1801/2147/1806 1799/2146/1805 1800/2150/1808
f 1926/2144/1804 1801/2147/1806 1922/2151/1809
f 1718/2148/1714 1743/2152/1810 1744/2149/1807
f 1808/2143/1803 1721/2153/1811 1799/2146/1805
f 1744/2149/1807 1743/2152/1810 1721/2153/1811
f 1744/2149/1807 1721/2153/1811 1808/2143/1803
f 1800/2150/1808 1802/2154/1812 1801/2147/1806
f 1801/2147/1806 1802/2154/1812 1922/2151/1809
f 1718/2148/1714 1730/2155/1711 1743/2152/1810
f 1799/2146/1805 1721/2153/1811 1722/2156/1813
f 1799/2146/1805 1722/2156/1813 1800/2150/1808
f 1802/2154/1812 1800/2150/1808 1809/2157/1814
f 1922/2151/1809 1802/2154/1812 1923/2158/1815
f 1730/2155/1711 1746/2159/1816 1743/2152/1810
f 1721/2153/1811 1719/2160/1817 1720/2161/1818
f 1721/2153/1811 1720/2161/1818 1722/2156/1813
f 1743/2152/1810 1746/2159/1816 1719/2160/1817
f 1743/2152/1810 1719/2160/1817 1721/2153/1811
f 1800/2150/1808 1722/2156/1813 1756/2162/1819
f 1800/2150/1808 1756/2162/1819 1809/2157/1814
f 1802/2154/1812 1809/2157/1814 1810/2163/1820
f 1802/2154/1812 1810/2163/1820 1923/2158/1815
f 1730/2155/1711 1728/2164/1713 1746/2159/1816
f 1720/2161/1818 1719/2160/1817 1723/2165/1821
f 1719/2160/1817 1746/2159/1816 1723/2165/1821
f 1722/2156/1813 1720/2161/1818 1755/2166/1822
f 1722/2156/1813 1755/2166/1822 1756/2162/1819
f 1809/2157/1814 1756/2162/1819 1815/2167/1823
f 1810/2163/1820 1809/2157/1814 1816/2168/1824
f 1809/2157/1814 1815/2167/1823 1816/2168/1824
f 1923/2158/1815 1810/2163/1820 1927/2169/1825
f 1728/2164/1713 1745/2170/1826 1746/2159/1816
f 1746/2159/1816 1745/2170/1826 1723/2165/1821
f 1720/2161/1818 1723/2165/1821 1725/2171/1827
f 1755/2166/1822 1720/2161/1818 1754/2172/1828
f 1720/2161/1818 1725/2171/1827 1754/2172/1828
f 1756/2162/1819 1755/2166/1822 1771/2173/1829
f 1756/2162/1819 1771/2173/1829 1815/2167/1823
f 1816/2168/1824 1815/2167/1823 1814/2174/1830
f 1810/2163/1820 1930/2175/1831 1927/2169/1825
f 1810/2163/1820 1816/2168/1824 1930/2175/1831
f 1728/2164/1713 1734/2176/1718 1745/2170/1826
f 1723/2165/1821 1724/2177/1832 1725/2171/1827
f 1723/2165/1821 1745/2170/1826 1724/2177/1832
f 1754/2172/1828 1725/2171/1827 1726/2178/1833
f 1725/2171/1827 1724/2177/1832 1726/2178/1833
f 1755/2166/1822 1754/2172/1828 1770/2179/1834
f 1755/2166/1822 1770/2179/1834 1771/2173/1829
f 1815/2167/1823 1813/2180/1835 1814/2174/1830
f 1815/2167/1823 1771/2173/1829 1813/2180/1835
f 1816/2168/1824 1814/2174/1830 1929/2181/1836
f 1816/2168/1824 1929/2181/1836 1930/2175/1831
f 1734/2176/1718 1732/2182/1722 1748/2183/1837
f 1745/2170/1826 1748/2183/1837 1724/2177/1832
f 1745/2170/1826 1734/2176/1718 1748/2183/1837
f 1726/2178/1833 1724/2177/1832 1735/2184/1838
f 1724/2177/1832 1748/2183/1837 1735/2184/1838
f 1754/2172/1828 1726/2178/1833 1753/2185/1839
f 1770/2179/1834 1768/2186/1840 1769/2187/1841
f 1771/2173/1829 1770/2179/1834 1769/2187/1841
f 1771/2173/1829 1769/2187/1841 1813/2180/1835
f 1814/2174/1830 1813/2180/1835 1822/2188/1842
f 1929/2181/1836 1814/2174/1830 1933/2189/1843
f 1814/2174/1830 1822/2188/1842 1933/2189/1843
f 1732/2182/1722 1747/2190/1844 1748/2183/1837
f 1748/2183/1837 1747/2190/1844 1735/2184/1838
f 1754/2172/1828 1753/2185/1839 1772/2191/1845
f 1726/2178/1833 1735/2184/1838 1737/2192/1846
f 1726/2178/1833 1737/2192/1846 1753/2185/1839
f 1768/2186/1840 1770/2179/1834 1775/2193/1847
f 1769/2187/1841 1768/2186/1840 1792/2194/1848
f 1813/2180/1835 1821/2195/1849 1822/2188/1842
f 1813/2180/1835 1769/2187/1841 1821/2195/1849
f 1933/2189/1843 1822/2188/1842 1932/2196/1766
f 1732/2182/1722 1739/2197/1730 1747/2190/1844
f 1754/2172/1828 1772/2191/1845 1774/2198/1850
f 1770/2179/1834 1774/2198/1850 1775/2193/1847
f 1770/2179/1834 1754/2172/1828 1774/2198/1850
f 1735/2184/1838 1736/2199/1851 1737/2192/1846
f 1735/2184/1838 1747/2190/1844 1736/2199/1851
f 1753/2185/1839 1737/2192/1846 1752/2200/1852
f 1768/2186/1840 1775/2193/1847 1795/2201/1853
f 1768/2186/1840 1795/2201/1853 1792/2194/1848
f 1769/2187/1841 1792/2194/1848 1793/2202/1854
f 1769/2187/1841 1793/2202/1854 1821/2195/1849
f 1822/2188/1842 1821/2195/1849 1817/2203/1757
f 1932/2196/1766 1822/2188/1842 1819/2204/1762
f 1819/2204/1762 1822/2188/1842 1817/2203/1757
f 1739/2197/1730 1749/2205/1855 1747/2190/1844
f 1747/2190/1844 1749/2205/1855 1736/2199/1851
f 1772/2191/1845 1773/2206/1856 1774/2198/1850
f 1774/2198/1850 1773/2206/1856 1775/2193/1847
f 1753/2185/1839 1752/2200/1852 1786/2207/1857
f 1753/2185/1839 1786/2207/1857 1772/2191/1845
f 1737/2192/1846 1736/2199/1851 1738/2208/1858
f 1737/2192/1846 1738/2208/1858 1752/2200/1852
f 1795/2201/1853 1775/2193/1847 1794/2209/1859
f 1775/2193/1847 1773/2206/1856 1794/2209/1859
f 1792/2194/1848 1767/2210/1750 1793/2202/1854
f 1821/2195/1849 1793/2202/1854 1765/2211/1741
f 1765/2211/1741 1817/2203/1757 1821/2195/1849
f 1765/2211/1741 1793/2202/1854 1767/2210/1750
f 1739/2197/1730 1831/2212/1860 1749/2205/1855
f 1786/2207/1857 1784/2213/1861 1785/2214/1862
f 1772/2191/1845 1786/2207/1857 1787/2215/1863
f 1786/2207/1857 1752/2200/1852 1784/2213/1861
f 1786/2207/1857 1785/2214/1862 1787/2215/1863
f 1772/2191/1845 1787/2215/1863 1773/2206/1856
f 1736/2199/1851 1742/2216/1864 1738/2208/1858
f 1749/2205/1855 1831/2212/1860 1742/2216/1864
f 1749/2205/1855 1742/2216/1864 1736/2199/1851
f 1795/2201/1853 1776/2217/1744 1792/2194/1848
f 1792/2194/1848 1776/2217/1744 1767/2210/1750
f 1794/2209/1859 1773/2206/1856 1797/2218/1865
f 1773/2206/1856 1787/2215/1863 1797/2218/1865
f 1739/2197/1730 1823/2219/1742 1831/2212/1860
f 1752/2200/1852 1738/2208/1858 1750/2220/1866
f 1752/2200/1852 1750/2220/1866 1784/2213/1861
f 1785/2214/1862 1784/2213/1861 1790/2221/1867
f 1742/2216/1864 1741/2222/1868 1738/2208/1858
f 1738/2208/1858 1741/2222/1868 1750/2220/1866
f 1795/2201/1853 1794/2209/1859 1777/2223/1745
f 1795/2201/1853 1777/2223/1745 1776/2217/1744
f 1787/2215/1863 1785/2214/1862 1796/2224/1869
f 1787/2215/1863 1796/2224/1869 1797/2218/1865
f 1823/2219/1742 1832/2225/1870 1831/2212/1860
f 1784/2213/1861 1791/2226/1871 1790/2221/1867
f 1784/2213/1861 1750/2220/1866 1791/2226/1871
f 1742/2216/1864 1826/2227/1872 1741/2222/1868
f 1831/2212/1860 1832/2225/1870 1826/2227/1872
f 1831/2212/1860 1826/2227/1872 1742/2216/1864
f 1794/2209/1859 1797/2218/1865 1780/2228/1752
f 1794/2209/1859 1780/2228/1752 1777/2223/1745
f 1785/2214/1862 1790/2221/1867 1798/2229/1873
f 1785/2214/1862 1798/2229/1873 1796/2224/1869
f 1823/2219/1742 1830/2230/1758 1832/2225/1870
f 1750/2220/1866 1741/2222/1868 1751/2231/1874
f 1750/2220/1866 1751/2231/1874 1791/2226/1871
f 1826/2227/1872 1825/2232/1875 1741/2222/1868
f 1741/2222/1868 1825/2232/1875 1751/2231/1874
f 1797/2218/1865 1796/2224/1869 1781/2233/1753
f 1797/2218/1865 1781/2233/1753 1780/2228/1752
f 1790/2221/1867 1791/2226/1871 1839/2234/1876
f 1798/2229/1873 1789/2235/1760 1796/2224/1869
f 1796/2224/1869 1789/2235/1760 1781/2233/1753
f 1830/2230/1758 1848/2236/1767 1832/2225/1870
f 1826/2227/1872 1827/2237/1877 1825/2232/1875
f 1826/2227/1872 1832/2225/1870 1827/2237/1877
f 1751/2231/1874 1825/2232/1875 1833/2238/1878
f 1790/2221/1867 1839/2234/1876 1845/2239/1879
f 1798/2229/1873 1790/2221/1867 1845/2239/1879
f 1798/2229/1873 1845/2239/1879 1789/2235/1760
f 1791/2226/1871 1840/2240/1880 1839/2234/1876
f 1751/2231/1874 1840/2240/1880 1791/2226/1871
f 1751/2231/1874 1833/2238/1878 1840/2240/1880
f 1848/2236/1767 1875/2241/1881 1832/2225/1870
f 1832/2225/1870 1875/2241/1881 1827/2237/1877
f 1825/2232/1875 1827/2237/1877 1828/2242/1882
f 1825/2232/1875 1828/2242/1882 1833/2238/1878
f 1845/2239/1879 1839/2234/1876 1846/2243/1883
f 1789/2235/1760 1845/2239/1879 1838/2244/1765
f 1845/2239/1879 1846/2243/1883 1838/2244/1765
f 1840/2240/1880 1841/2245/1884 1842/2246/1885
f 1840/2240/1880 1833/2238/1878 1841/2245/1884
f 1839/2234/1876 1840/2240/1880 1842/2246/1885
f 1839/2234/1876 1842/2246/1885 1846/2243/1883
f 1848/2236/1767 1877/2247/1886 1875/2241/1881
f 1827/2237/1877 1849/2248/1887 1828/2242/1882
f 1875/2241/1881 1877/2247/1886 1849/2248/1887
f 1875/2241/1881 1849/2248/1887 1827/2237/1877
f 1838/2244/1765 1846/2243/1883 1843/2249/1771
f 1833/2238/1878 1828/2242/1882 1834/2250/1888
f 1833/2238/1878 1834/2250/1888 1841/2245/1884
f 1842/2246/1885 1841/2245/1884 1895/2251/1889
f 1848/2236/1767 1851/2252/1773 1877/2247/1886
f 1849/2248/1887 1850/2253/1890 1828/2242/1882
f 1828/2242/1882 1850/2253/1890 1834/2250/1888
f 1846/2243/1883 1842/2246/1885 1916/2254/1891
f 1842/2246/1885 1895/2251/1889 1916/2254/1891
f 1843/2249/1771 1846/2243/1883 1892/2255/1774
f 1846/2243/1883 1916/2254/1891 1892/2255/1774
f 1841/2245/1884 1894/2256/1892 1895/2251/1889
f 1841/2245/1884 1834/2250/1888 1894/2256/1892
f 1851/2252/1773 1876/2257/1893 1877/2247/1886
f 1849/2248/1887 1855/2258/1894 1850/2253/1890
f 1877/2247/1886 1876/2257/1893 1855/2258/1894
f 1877/2247/1886 1855/2258/1894 1849/2248/1887
f 1916/2254/1891 1895/2251/1889 1918/2259/1895
f 1916/2254/1891 1918/2259/1895 1892/2255/1774
f 1834/2250/1888 1850/2253/1890 1886/2260/1896
f 1834/2250/1888 1886/2260/1896 1894/2256/1892
f 1851/2252/1773 1853/2261/1777 1876/2257/1893
f 1855/2258/1894 1856/2262/1897 1857/2263/1898
f 1855/2258/1894 1857/2263/1898 1850/2253/1890
f 1850/2253/1890 1857/2263/1898 1886/2260/1896
f 1855/2258/1894 1876/2257/1893 1856/2262/1897
f 1895/2251/1889 1894/2256/1892 1903/2264/1899
f 1895/2251/1889 1903/2264/1899 1918/2259/1895
f 1892/2255/1774 1918/2259/1895 1899/2265/1780
f 1853/2261/1777 1879/2266/1900 1876/2257/1893
f 1876/2257/1893 1879/2266/1900 1856/2262/1897
f 1857/2263/1898 1856/2262/1897 1858/2267/1901
f 1886/2260/1896 1857/2263/1898 1885/2268/1902
f 1857/2263/1898 1858/2267/1901 1885/2268/1902
f 1894/2256/1892 1902/2269/1903 1903/2264/1899
f 1886/2260/1896 1885/2268/1902 1902/2269/1903
f 1886/2260/1896 1902/2269/1903 1894/2256/1892
f 1918/2259/1895 1903/2264/1899 1917/2270/1904
f 1918/2259/1895 1917/2270/1904 1899/2265/1780
f 1853/2261/1777 1862/2271/1782 1879/2266/1900
f 1856/2262/1897 1866/2272/1905 1858/2267/1901
f 1856/2262/1897 1879/2266/1900 1866/2272/1905
f 1885/2268/1902 1858/2267/1901 1884/2273/1906
f 1902/2269/1903 1900/2274/1907 1901/2275/1908
f 1902/2269/1903 1901/2275/1908 1903/2264/1899
f 1885/2268/1902 1884/2273/1906 1900/2274/1907
f 1885/2268/1902 1900/2274/1907 1902/2269/1903
f 1903/2264/1899 1901/2275/1908 1917/2270/1904
f 1899/2265/1780 1917/2270/1904 1898/2276/1783
f 1862/2271/1782 1878/2277/1909 1879/2266/1900
f 1879/2266/1900 1878/2277/1909 1866/2272/1905
f 1858/2267/1901 1866/2272/1905 1864/2278/1910
f 1858/2267/1901 1864/2278/1910 1884/2273/1906
f 1900/2274/1907 1908/2279/1911 1901/2275/1908
f 1917/2270/1904 1901/2275/1908 1920/2280/1912
f 1901/2275/1908 1908/2279/1911 1920/2280/1912
f 1917/2270/1904 1920/2280/1912 1898/2276/1783
f 1862/2271/1782 1860/2281/1788 1878/2277/1909
f 1866/2272/1905 1865/2282/1913 1864/2278/1910
f 1866/2272/1905 1878/2277/1909 1865/2282/1913
f 1884/2273/1906 1864/2278/1910 1883/2283/1914
f 1900/2274/1907 1909/2284/1915 1908/2279/1911
f 1884/2273/1906 1909/2284/1915 1900/2274/1907
f 1884/2273/1906 1883/2283/1914 1909/2284/1915
f 1920/2280/1912 1908/2279/1911 1919/2285/1916
f 1898/2276/1783 1920/2280/1912 1904/2286/1789
f 1920/2280/1912 1919/2285/1916 1904/2286/1789
f 1860/2281/1788 1880/2287/1917 1878/2277/1909
f 1878/2277/1909 1880/2287/1917 1865/2282/1913
f 1864/2278/1910 1865/2282/1913 1863/2288/1918
f 1864/2278/1910 1863/2288/1918 1883/2283/1914
f 1909/2284/1915 1910/2289/1919 1908/2279/1911
f 1908/2279/1911 1910/2289/1919 1919/2285/1916
f 1904/2286/1789 1919/2285/1916 1905/2290/1792
f 1860/2281/1788 1871/2291/1794 1880/2287/1917
f 1865/2282/1913 1867/2292/1920 1863/2288/1918
f 1865/2282/1913 1880/2287/1917 1867/2292/1920
f 1883/2283/1914 1863/2288/1918 1882/2293/1921
f 1909/2284/1915 1911/2294/1922 1910/2289/1919
f 1883/2283/1914 1911/2294/1922 1909/2284/1915
f 1883/2283/1914 1882/2293/1921 1911/2294/1922
f 1919/2285/1916 1910/2289/1919 1921/2295/1923
f 1919/2285/1916 1921/2295/1923 1905/2290/1792
f 1871/2291/1794 1873/2296/1799 1880/2287/1917
f 1867/2292/1920 1868/2297/1924 1869/2298/1925
f 1867/2292/1920 1869/2298/1925 1863/2288/1918
f 1863/2288/1918 1869/2298/1925 1882/2293/1921
f 1867/2292/1920 1880/2287/1917 1868/2297/1924
f 1911/2294/1922 1913/2299/1926 1912/2300/1927
f 1912/2300/1927 1910/2289/1919 1911/2294/1922
f 1912/2300/1927 1868/2297/1924 1921/2295/1923
f 1912/2300/1927 1913/2299/1926 1868/2297/1924
f 1912/2300/1927 1921/2295/1923 1910/2289/1919
f 1911/2294/1922 1882/2293/1921 1913/2299/1926
f 1905/2290/1792 1921/2295/1923 1914/2301/1797
f 1873/2296/1799 1881/2302/1928 1880/2287/1917
f 1880/2287/1917 1881/2302/1928 1868/2297/1924
f 1869/2298/1925 1868/2297/1924 1870/2303/1929
f 1870/2303/1929 1882/2293/1921 1869/2298/1925
f 1870/2303/1929 1868/2297/1924 1913/2299/1926
f 1913/2299/1926 1882/2293/1921 1870/2303/1929
f 1921/2295/1923 1868/2297/1924 1881/2304/1928
f 1914/2301/1797 1921/2295/1923 1873/2305/1799
f 1873/2305/1799 1921/2295/1923 1881/2304/1928
usemtl Mouth
f 528/619/517 527/620/518 526/621/519
f 528/619/517 523/622/520 527/620/518
f 528/619/517 526/621/519 532/620/521
f 528/619/517 521/623/522 523/622/520
f 528/619/517 532/620/521 530/622/523
f 528/619/517 530/622/523 521/623/522
f 527/620/518 525/624/524 526/621/519
f 523/622/520 521/623/522 522/625/525
f 523/622/520 522/625/525 524/626/526
f 521/623/522 530/622/523 522/625/525
f 532/620/521 526/621/519 531/624/527
f 530/622/523 529/626/528 522/625/525
usemtl Eye
f 1937/2306/1930 835/2307/811 834/2308/798
f 1937/2306/1930 1936/2309/1931 835/2307/811
f 1937/2306/1930 834/2308/798 1029/2310/783
f 1937/2306/1930 837/2311/759 1936/2309/1931
f 1937/2306/1930 1029/2310/783 840/2312/764
f 1937/2306/1930 840/2312/764 837/2311/759
f 835/2307/811 1936/2309/1931 531/2313/527
f 1029/2310/783 841/2314/773 840/2312/764
f 837/2311/759 836/2315/743 1936/2309/1931
f 531/2313/527 1936/2309/1931 1030/2316/757
f 531/2313/527 1030/2316/757 532/2317/521
f 1030/2316/757 1936/2309/1931 836/2315/743
f 1934/2318/1932 525/2319/524 799/2320/559
f 1934/2318/1932 576/2321/645 525/2319/524
f 1934/2318/1932 799/2320/559 578/2315/541
f 1934/2318/1932 1935/2306/1933 576/2321/645
f 1934/2318/1932 578/2315/541 580/2322/556
f 1934/2318/1932 580/2322/556 1935/2306/1933
f 525/2319/524 527/2323/518 799/2320/559
f 576/2321/645 1935/2306/1933 574/2324/623
f 580/2322/556 585/2325/567 1935/2306/1933
f 574/2324/623 1935/2306/1933 798/2326/599
f 1935/2306/1933 585/2325/567 798/2326/599
f 585/2325/567 583/2327/576 798/2326/599
